"date","ticker","sector","company","adjusted_price"
2018-12-03,"AAPL","Technology","Apple Inc.",43.851692199707
2018-12-03,"AMZN","Consumer","Amazon.com, Inc.",88.6179962158203
2018-12-03,"BAC","Financials","Bank of America Corporation",23.6930179595947
2018-12-03,"COP","Energy","ConocoPhillips",53.4650611877441
2018-12-03,"CVX","Energy","Chevron Corporation",87.0741348266602
2018-12-03,"HD","Consumer","The Home Depot, Inc.",150.875717163086
2018-12-03,"JPM","Financials","JPMorgan Chase & Co.",90.9515609741211
2018-12-03,"MCD","Consumer","McDonald's Corporation",155.610794067383
2018-12-03,"MSFT","Technology","Microsoft Corporation",104.411674499512
2018-12-03,"NVDA","Technology","NVIDIA Corporation",4.21049690246582
2018-12-03,"WFC","Financials","Wells Fargo & Company",44.2071228027344
2018-12-03,"XOM","Energy","Exxon Mobil Corporation",57.8816146850586
2018-12-04,"AAPL","Technology","Apple Inc.",41.9226989746094
2018-12-04,"AMZN","Consumer","Amazon.com, Inc.",83.4199981689453
2018-12-04,"BAC","Financials","Bank of America Corporation",22.4062595367432
2018-12-04,"COP","Energy","ConocoPhillips",51.7708320617676
2018-12-04,"CVX","Energy","Chevron Corporation",84.5990753173828
2018-12-04,"HD","Consumer","The Home Depot, Inc.",145.529373168945
2018-12-04,"JPM","Financials","JPMorgan Chase & Co.",86.8918151855469
2018-12-04,"MCD","Consumer","McDonald's Corporation",155.333755493164
2018-12-04,"MSFT","Technology","Microsoft Corporation",101.086212158203
2018-12-04,"NVDA","Technology","NVIDIA Corporation",3.89032626152039
2018-12-04,"WFC","Financials","Wells Fargo & Company",42.2021522521973
2018-12-04,"XOM","Energy","Exxon Mobil Corporation",56.6059646606445
2018-12-06,"AAPL","Technology","Apple Inc.",41.4552879333496
2018-12-06,"AMZN","Consumer","Amazon.com, Inc.",84.9595031738281
2018-12-06,"BAC","Financials","Bank of America Corporation",21.9387683868408
2018-12-06,"COP","Energy","ConocoPhillips",51.5310020446777
2018-12-06,"CVX","Energy","Chevron Corporation",83.6393737792969
2018-12-06,"HD","Consumer","The Home Depot, Inc.",146.077331542969
2018-12-06,"JPM","Financials","JPMorgan Chase & Co.",85.2387161254883
2018-12-06,"MCD","Consumer","McDonald's Corporation",155.677947998047
2018-12-06,"MSFT","Technology","Microsoft Corporation",101.710327148438
2018-12-06,"NVDA","Technology","NVIDIA Corporation",3.91954493522644
2018-12-06,"WFC","Financials","Wells Fargo & Company",41.6397819519043
2018-12-06,"XOM","Energy","Exxon Mobil Corporation",55.8648300170898
2018-12-07,"AAPL","Technology","Apple Inc.",39.977123260498
2018-12-07,"AMZN","Consumer","Amazon.com, Inc.",81.4564971923828
2018-12-07,"BAC","Financials","Bank of America Corporation",21.2291812896729
2018-12-07,"COP","Energy","ConocoPhillips",50.9894790649414
2018-12-07,"CVX","Energy","Chevron Corporation",83.3363037109375
2018-12-07,"HD","Consumer","The Home Depot, Inc.",143.445648193359
2018-12-07,"JPM","Financials","JPMorgan Chase & Co.",83.6991119384766
2018-12-07,"MCD","Consumer","McDonald's Corporation",153.587661743164
2018-12-07,"MSFT","Technology","Microsoft Corporation",97.6396789550781
2018-12-07,"NVDA","Technology","NVIDIA Corporation",3.65508913993835
2018-12-07,"WFC","Financials","Wells Fargo & Company",40.9633178710938
2018-12-07,"XOM","Energy","Exxon Mobil Corporation",55.3303184509277
2018-12-10,"AAPL","Technology","Apple Inc.",40.2404823303223
2018-12-10,"AMZN","Consumer","Amazon.com, Inc.",82.0514984130859
2018-12-10,"BAC","Financials","Bank of America Corporation",20.6698570251465
2018-12-10,"COP","Energy","ConocoPhillips",50.4401893615723
2018-12-10,"CVX","Energy","Chevron Corporation",82.9394454956055
2018-12-10,"HD","Consumer","The Home Depot, Inc.",142.532470703125
2018-12-10,"JPM","Financials","JPMorgan Chase & Co.",82.1351623535156
2018-12-10,"MCD","Consumer","McDonald's Corporation",155.006378173828
2018-12-10,"MSFT","Technology","Microsoft Corporation",100.219940185547
2018-12-10,"NVDA","Technology","NVIDIA Corporation",3.7603268623352
2018-12-10,"WFC","Financials","Wells Fargo & Company",39.7733726501465
2018-12-10,"XOM","Energy","Exxon Mobil Corporation",54.5464057922363
2018-12-11,"AAPL","Technology","Apple Inc.",40.0103340148926
2018-12-11,"AMZN","Consumer","Amazon.com, Inc.",82.1620025634766
2018-12-11,"BAC","Financials","Bank of America Corporation",20.5195903778076
2018-12-11,"COP","Energy","ConocoPhillips",50.6258659362793
2018-12-11,"CVX","Energy","Chevron Corporation",83.3218765258789
2018-12-11,"HD","Consumer","The Home Depot, Inc.",142.964141845703
2018-12-11,"JPM","Financials","JPMorgan Chase & Co.",81.3329238891602
2018-12-11,"MCD","Consumer","McDonald's Corporation",154.116516113281
2018-12-11,"MSFT","Technology","Microsoft Corporation",101.151428222656
2018-12-11,"NVDA","Technology","NVIDIA Corporation",3.6694507598877
2018-12-11,"WFC","Financials","Wells Fargo & Company",38.9257354736328
2018-12-11,"XOM","Energy","Exxon Mobil Corporation",54.6461715698242
2018-12-12,"AAPL","Technology","Apple Inc.",40.1218490600586
2018-12-12,"AMZN","Consumer","Amazon.com, Inc.",83.177001953125
2018-12-12,"BAC","Financials","Bank of America Corporation",20.46950340271
2018-12-12,"COP","Energy","ConocoPhillips",50.4943542480469
2018-12-12,"CVX","Energy","Chevron Corporation",83.4301147460938
2018-12-12,"HD","Consumer","The Home Depot, Inc.",144.624557495117
2018-12-12,"JPM","Financials","JPMorgan Chase & Co.",81.8596343994141
2018-12-12,"MCD","Consumer","McDonald's Corporation",154.024185180664
2018-12-12,"MSFT","Technology","Microsoft Corporation",101.607856750488
2018-12-12,"NVDA","Technology","NVIDIA Corporation",3.68703150749207
2018-12-12,"WFC","Financials","Wells Fargo & Company",38.9094467163086
2018-12-12,"XOM","Energy","Exxon Mobil Corporation",54.175838470459
2018-12-13,"AAPL","Technology","Apple Inc.",40.5607986450195
2018-12-13,"AMZN","Consumer","Amazon.com, Inc.",82.9189987182617
2018-12-13,"BAC","Financials","Bank of America Corporation",20.3693237304688
2018-12-13,"COP","Energy","ConocoPhillips",51.1596717834473
2018-12-13,"CVX","Energy","Chevron Corporation",83.6610260009766
2018-12-13,"HD","Consumer","The Home Depot, Inc.",144.342224121094
2018-12-13,"JPM","Financials","JPMorgan Chase & Co.",81.9406890869141
2018-12-13,"MCD","Consumer","McDonald's Corporation",156.500564575195
2018-12-13,"MSFT","Technology","Microsoft Corporation",101.952507019043
2018-12-13,"NVDA","Technology","NVIDIA Corporation",3.6867835521698
2018-12-13,"WFC","Financials","Wells Fargo & Company",38.3307838439941
2018-12-13,"XOM","Energy","Exxon Mobil Corporation",54.8599662780762
2018-12-14,"AAPL","Technology","Apple Inc.",39.2629432678223
2018-12-14,"AMZN","Consumer","Amazon.com, Inc.",79.5954971313477
2018-12-14,"BAC","Financials","Bank of America Corporation",20.4361152648926
2018-12-14,"COP","Energy","ConocoPhillips",49.9373474121094
2018-12-14,"CVX","Energy","Chevron Corporation",82.1384582519531
2018-12-14,"HD","Consumer","The Home Depot, Inc.",143.030578613281
2018-12-14,"JPM","Financials","JPMorgan Chase & Co.",81.2681045532227
2018-12-14,"MCD","Consumer","McDonald's Corporation",153.864685058594
2018-12-14,"MSFT","Technology","Microsoft Corporation",98.7667999267578
2018-12-14,"NVDA","Technology","NVIDIA Corporation",3.62636590003967
2018-12-14,"WFC","Financials","Wells Fargo & Company",37.9314193725586
2018-12-14,"XOM","Energy","Exxon Mobil Corporation",53.8622741699219
2018-12-17,"AAPL","Technology","Apple Inc.",38.8975524902344
2018-12-17,"AMZN","Consumer","Amazon.com, Inc.",76.0455017089844
2018-12-17,"BAC","Financials","Bank of America Corporation",20.4277591705322
2018-12-17,"COP","Energy","ConocoPhillips",48.8310623168945
2018-12-17,"CVX","Energy","Chevron Corporation",81.1426620483398
2018-12-17,"HD","Consumer","The Home Depot, Inc.",139.444183349609
2018-12-17,"JPM","Financials","JPMorgan Chase & Co.",80.2308731079102
2018-12-17,"MCD","Consumer","McDonald's Corporation",151.765991210938
2018-12-17,"MSFT","Technology","Microsoft Corporation",95.8418884277344
2018-12-17,"NVDA","Technology","NVIDIA Corporation",3.5552990436554
2018-12-17,"WFC","Financials","Wells Fargo & Company",37.9884719848633
2018-12-17,"XOM","Energy","Exxon Mobil Corporation",52.7647895812988
2018-12-18,"AAPL","Technology","Apple Inc.",39.4029273986816
2018-12-18,"AMZN","Consumer","Amazon.com, Inc.",77.5739974975586
2018-12-18,"BAC","Financials","Bank of America Corporation",20.4277591705322
2018-12-18,"COP","Energy","ConocoPhillips",47.8949775695801
2018-12-18,"CVX","Energy","Chevron Corporation",79.1871643066406
2018-12-18,"HD","Consumer","The Home Depot, Inc.",141.162719726562
2018-12-18,"JPM","Financials","JPMorgan Chase & Co.",79.8500366210938
2018-12-18,"MCD","Consumer","McDonald's Corporation",150.859405517578
2018-12-18,"MSFT","Technology","Microsoft Corporation",96.8479080200195
2018-12-18,"NVDA","Technology","NVIDIA Corporation",3.63849925994873
2018-12-18,"WFC","Financials","Wells Fargo & Company",37.915111541748
2018-12-18,"XOM","Energy","Exxon Mobil Corporation",51.3109664916992
2018-12-19,"AAPL","Technology","Apple Inc.",38.1738891601562
2018-12-19,"AMZN","Consumer","Amazon.com, Inc.",74.7539978027344
2018-12-19,"BAC","Financials","Bank of America Corporation",20.1856651306152
2018-12-19,"COP","Energy","ConocoPhillips",47.407585144043
2018-12-19,"CVX","Energy","Chevron Corporation",77.8089141845703
2018-12-19,"HD","Consumer","The Home Depot, Inc.",139.10383605957
2018-12-19,"JPM","Financials","JPMorgan Chase & Co.",78.8371200561523
2018-12-19,"MCD","Consumer","McDonald's Corporation",150.397735595703
2018-12-19,"MSFT","Technology","Microsoft Corporation",96.5870971679688
2018-12-19,"NVDA","Technology","NVIDIA Corporation",3.42975664138794
2018-12-19,"WFC","Financials","Wells Fargo & Company",37.2223243713379
2018-12-19,"XOM","Energy","Exxon Mobil Corporation",50.4415397644043
2018-12-20,"AAPL","Technology","Apple Inc.",37.2105827331543
2018-12-20,"AMZN","Consumer","Amazon.com, Inc.",73.0414962768555
2018-12-20,"BAC","Financials","Bank of America Corporation",20.1272354125977
2018-12-20,"COP","Energy","ConocoPhillips",46.417350769043
2018-12-20,"CVX","Energy","Chevron Corporation",75.7524108886719
2018-12-20,"HD","Consumer","The Home Depot, Inc.",136.281265258789
2018-12-20,"JPM","Financials","JPMorgan Chase & Co.",78.1564331054688
2018-12-20,"MCD","Consumer","McDonald's Corporation",145.797500610352
2018-12-20,"MSFT","Technology","Microsoft Corporation",94.5564193725586
2018-12-20,"NVDA","Technology","NVIDIA Corporation",3.34531879425049
2018-12-20,"WFC","Financials","Wells Fargo & Company",37.5238990783691
2018-12-20,"XOM","Energy","Exxon Mobil Corporation",48.9093246459961
2018-12-21,"AAPL","Technology","Apple Inc.",35.7632598876953
2018-12-21,"AMZN","Consumer","Amazon.com, Inc.",68.8724975585938
2018-12-21,"BAC","Financials","Bank of America Corporation",19.5094718933105
2018-12-21,"COP","Energy","ConocoPhillips",46.2626419067383
2018-12-21,"CVX","Energy","Chevron Corporation",75.1967620849609
2018-12-21,"HD","Consumer","The Home Depot, Inc.",133.226211547852
2018-12-21,"JPM","Financials","JPMorgan Chase & Co.",76.3088836669922
2018-12-21,"MCD","Consumer","McDonald's Corporation",146.192001342773
2018-12-21,"MSFT","Technology","Microsoft Corporation",91.501106262207
2018-12-21,"NVDA","Technology","NVIDIA Corporation",3.20838642120361
2018-12-21,"WFC","Financials","Wells Fargo & Company",36.7740669250488
2018-12-21,"XOM","Energy","Exxon Mobil Corporation",48.5458831787109
2018-12-24,"AAPL","Technology","Apple Inc.",34.8379211425781
2018-12-24,"AMZN","Consumer","Amazon.com, Inc.",67.197998046875
2018-12-24,"BAC","Financials","Bank of America Corporation",18.9751968383789
2018-12-24,"COP","Energy","ConocoPhillips",44.1042251586914
2018-12-24,"CVX","Energy","Chevron Corporation",72.8732528686523
2018-12-24,"HD","Consumer","The Home Depot, Inc.",131.283584594727
2018-12-24,"JPM","Financials","JPMorgan Chase & Co.",74.6639022827148
2018-12-24,"MCD","Consumer","McDonald's Corporation",142.943267822266
2018-12-24,"MSFT","Technology","Microsoft Corporation",87.6819686889648
2018-12-24,"NVDA","Technology","NVIDIA Corporation",3.14672875404358
2018-12-24,"WFC","Financials","Wells Fargo & Company",35.5352249145508
2018-12-24,"XOM","Energy","Exxon Mobil Corporation",46.6858673095703
2018-12-26,"AAPL","Technology","Apple Inc.",37.2912635803223
2018-12-26,"AMZN","Consumer","Amazon.com, Inc.",73.5449981689453
2018-12-26,"BAC","Financials","Bank of America Corporation",20.1272354125977
2018-12-26,"COP","Energy","ConocoPhillips",47.5777969360352
2018-12-26,"CVX","Energy","Chevron Corporation",77.4914169311523
2018-12-26,"HD","Consumer","The Home Depot, Inc.",139.701538085938
2018-12-26,"JPM","Financials","JPMorgan Chase & Co.",77.7593688964844
2018-12-26,"MCD","Consumer","McDonald's Corporation",146.091293334961
2018-12-26,"MSFT","Technology","Microsoft Corporation",93.671501159668
2018-12-26,"NVDA","Technology","NVIDIA Corporation",3.29579591751099
2018-12-26,"WFC","Financials","Wells Fargo & Company",37.1571273803711
2018-12-26,"XOM","Energy","Exxon Mobil Corporation",48.9164581298828
2018-12-27,"AAPL","Technology","Apple Inc.",37.049243927002
2018-12-27,"AMZN","Consumer","Amazon.com, Inc.",73.0820007324219
2018-12-27,"BAC","Financials","Bank of America Corporation",20.3442821502686
2018-12-27,"COP","Energy","ConocoPhillips",48.1425323486328
2018-12-27,"CVX","Energy","Chevron Corporation",78.8841018676758
2018-12-27,"HD","Consumer","The Home Depot, Inc.",141.395126342773
2018-12-27,"JPM","Financials","JPMorgan Chase & Co.",78.6345443725586
2018-12-27,"MCD","Consumer","McDonald's Corporation",147.501586914062
2018-12-27,"MSFT","Technology","Microsoft Corporation",94.2490463256836
2018-12-27,"NVDA","Technology","NVIDIA Corporation",3.24800491333008
2018-12-27,"WFC","Financials","Wells Fargo & Company",37.1082229614258
2018-12-27,"XOM","Energy","Exxon Mobil Corporation",49.1302604675293
2018-12-28,"AAPL","Technology","Apple Inc.",37.0682258605957
2018-12-28,"AMZN","Consumer","Amazon.com, Inc.",73.9010009765625
2018-12-28,"BAC","Financials","Bank of America Corporation",20.3609771728516
2018-12-28,"COP","Energy","ConocoPhillips",47.7093086242676
2018-12-28,"CVX","Energy","Chevron Corporation",78.4006271362305
2018-12-28,"HD","Consumer","The Home Depot, Inc.",141.312072753906
2018-12-28,"JPM","Financials","JPMorgan Chase & Co.",78.4643630981445
2018-12-28,"MCD","Consumer","McDonald's Corporation",147.375625610352
2018-12-28,"MSFT","Technology","Microsoft Corporation",93.5131530761719
2018-12-28,"NVDA","Technology","NVIDIA Corporation",3.30941438674927
2018-12-28,"WFC","Financials","Wells Fargo & Company",37.3119773864746
2018-12-28,"XOM","Energy","Exxon Mobil Corporation",48.5815124511719
2018-12-31,"AAPL","Technology","Apple Inc.",37.4264984130859
2018-12-31,"AMZN","Consumer","Amazon.com, Inc.",75.098503112793
2018-12-31,"BAC","Financials","Bank of America Corporation",20.5696792602539
2018-12-31,"COP","Energy","ConocoPhillips",48.2353744506836
2018-12-31,"CVX","Energy","Chevron Corporation",78.5016784667969
2018-12-31,"HD","Consumer","The Home Depot, Inc.",142.640426635742
2018-12-31,"JPM","Financials","JPMorgan Chase & Co.",79.1045227050781
2018-12-31,"MCD","Consumer","McDonald's Corporation",149.063003540039
2018-12-31,"MSFT","Technology","Microsoft Corporation",94.6123123168945
2018-12-31,"NVDA","Technology","NVIDIA Corporation",3.3057005405426
2018-12-31,"WFC","Financials","Wells Fargo & Company",37.5564880371094
2018-12-31,"XOM","Energy","Exxon Mobil Corporation",48.5957717895508
2019-01-02,"AAPL","Technology","Apple Inc.",37.4692153930664
2019-01-02,"AMZN","Consumer","Amazon.com, Inc.",76.9564971923828
2019-01-02,"BAC","Financials","Bank of America Corporation",20.8368186950684
2019-01-02,"COP","Energy","ConocoPhillips",49.0321998596191
2019-01-02,"CVX","Energy","Chevron Corporation",79.872673034668
2019-01-02,"HD","Consumer","The Home Depot, Inc.",143.130157470703
2019-01-02,"JPM","Financials","JPMorgan Chase & Co.",80.4739761352539
2019-01-02,"MCD","Consumer","McDonald's Corporation",147.795349121094
2019-01-02,"MSFT","Technology","Microsoft Corporation",94.1931381225586
2019-01-02,"NVDA","Technology","NVIDIA Corporation",3.37305212020874
2019-01-02,"WFC","Financials","Wells Fargo & Company",38.2574157714844
2019-01-02,"XOM","Energy","Exxon Mobil Corporation",49.6647529602051
2019-01-03,"AAPL","Technology","Apple Inc.",33.7369956970215
2019-01-03,"AMZN","Consumer","Amazon.com, Inc.",75.0139999389648
2019-01-03,"BAC","Financials","Bank of America Corporation",20.502893447876
2019-01-03,"COP","Energy","ConocoPhillips",48.1038589477539
2019-01-03,"CVX","Energy","Chevron Corporation",78.342903137207
2019-01-03,"HD","Consumer","The Home Depot, Inc.",139.975509643555
2019-01-03,"JPM","Financials","JPMorgan Chase & Co.",79.3302917480469
2019-01-03,"MCD","Consumer","McDonald's Corporation",146.821640014648
2019-01-03,"MSFT","Technology","Microsoft Corporation",90.7279434204102
2019-01-03,"NVDA","Technology","NVIDIA Corporation",3.16926288604736
2019-01-03,"WFC","Financials","Wells Fargo & Company",37.9558601379395
2019-01-03,"XOM","Energy","Exxon Mobil Corporation",48.9022026062012
2019-01-04,"AAPL","Technology","Apple Inc.",35.1771926879883
2019-01-04,"AMZN","Consumer","Amazon.com, Inc.",78.7695007324219
2019-01-04,"BAC","Financials","Bank of America Corporation",21.3543968200684
2019-01-04,"COP","Energy","ConocoPhillips",49.3184509277344
2019-01-04,"CVX","Energy","Chevron Corporation",79.9664840698242
2019-01-04,"HD","Consumer","The Home Depot, Inc.",144.134674072266
2019-01-04,"JPM","Financials","JPMorgan Chase & Co.",82.2548599243164
2019-01-04,"MCD","Consumer","McDonald's Corporation",149.658981323242
2019-01-04,"MSFT","Technology","Microsoft Corporation",94.947639465332
2019-01-04,"NVDA","Technology","NVIDIA Corporation",3.372309923172
2019-01-04,"WFC","Financials","Wells Fargo & Company",39.0806045532227
2019-01-04,"XOM","Energy","Exxon Mobil Corporation",50.705207824707
2019-01-07,"AAPL","Technology","Apple Inc.",35.0989151000977
2019-01-07,"AMZN","Consumer","Amazon.com, Inc.",81.4755020141602
2019-01-07,"BAC","Financials","Bank of America Corporation",21.337703704834
2019-01-07,"COP","Energy","ConocoPhillips",49.1018295288086
2019-01-07,"CVX","Energy","Chevron Corporation",81.0055694580078
2019-01-07,"HD","Consumer","The Home Depot, Inc.",146.973907470703
2019-01-07,"JPM","Financials","JPMorgan Chase & Co.",82.3120498657227
2019-01-07,"MCD","Consumer","McDonald's Corporation",151.287567138672
2019-01-07,"MSFT","Technology","Microsoft Corporation",95.0687255859375
2019-01-07,"NVDA","Technology","NVIDIA Corporation",3.55084204673767
2019-01-07,"WFC","Financials","Wells Fargo & Company",38.8279495239258
2019-01-07,"XOM","Energy","Exxon Mobil Corporation",50.9688949584961
2019-01-08,"AAPL","Technology","Apple Inc.",35.7680015563965
2019-01-08,"AMZN","Consumer","Amazon.com, Inc.",82.8290023803711
2019-01-08,"BAC","Financials","Bank of America Corporation",21.2959632873535
2019-01-08,"COP","Energy","ConocoPhillips",49.7593955993652
2019-01-08,"CVX","Energy","Chevron Corporation",80.6520004272461
2019-01-08,"HD","Consumer","The Home Depot, Inc.",147.67951965332
2019-01-08,"JPM","Financials","JPMorgan Chase & Co.",82.1568145751953
2019-01-08,"MCD","Consumer","McDonald's Corporation",151.606536865234
2019-01-08,"MSFT","Technology","Microsoft Corporation",95.7580490112305
2019-01-08,"NVDA","Technology","NVIDIA Corporation",3.46244215965271
2019-01-08,"WFC","Financials","Wells Fargo & Company",38.7464370727539
2019-01-08,"XOM","Energy","Exxon Mobil Corporation",51.3394813537598
2019-01-09,"AAPL","Technology","Apple Inc.",36.3753967285156
2019-01-09,"AMZN","Consumer","Amazon.com, Inc.",82.9710006713867
2019-01-09,"BAC","Financials","Bank of America Corporation",21.5046691894531
2019-01-09,"COP","Energy","ConocoPhillips",51.4072189331055
2019-01-09,"CVX","Energy","Chevron Corporation",81.7343902587891
2019-01-09,"HD","Consumer","The Home Depot, Inc.",149.207015991211
2019-01-09,"JPM","Financials","JPMorgan Chase & Co.",82.0179290771484
2019-01-09,"MCD","Consumer","McDonald's Corporation",151.346313476562
2019-01-09,"MSFT","Technology","Microsoft Corporation",97.1273498535156
2019-01-09,"NVDA","Technology","NVIDIA Corporation",3.53053712844849
2019-01-09,"WFC","Financials","Wells Fargo & Company",38.9583511352539
2019-01-09,"XOM","Energy","Exxon Mobil Corporation",51.6102828979492
2019-01-10,"AAPL","Technology","Apple Inc.",36.4916572570801
2019-01-10,"AMZN","Consumer","Amazon.com, Inc.",82.8109970092773
2019-01-10,"BAC","Financials","Bank of America Corporation",21.4796180725098
2019-01-10,"COP","Energy","ConocoPhillips",52.559928894043
2019-01-10,"CVX","Energy","Chevron Corporation",81.8642501831055
2019-01-10,"HD","Consumer","The Home Depot, Inc.",148.65087890625
2019-01-10,"JPM","Financials","JPMorgan Chase & Co.",82.009765625
2019-01-10,"MCD","Consumer","McDonald's Corporation",152.404006958008
2019-01-10,"MSFT","Technology","Microsoft Corporation",96.5032424926758
2019-01-10,"NVDA","Technology","NVIDIA Corporation",3.59615588188171
2019-01-10,"WFC","Financials","Wells Fargo & Company",38.9175987243652
2019-01-10,"XOM","Energy","Exxon Mobil Corporation",51.3466033935547
2019-01-11,"AAPL","Technology","Apple Inc.",36.1333847045898
2019-01-11,"AMZN","Consumer","Amazon.com, Inc.",82.0279998779297
2019-01-11,"BAC","Financials","Bank of America Corporation",21.7300605773926
2019-01-11,"COP","Energy","ConocoPhillips",51.3608016967773
2019-01-11,"CVX","Energy","Chevron Corporation",81.2076034545898
2019-01-11,"HD","Consumer","The Home Depot, Inc.",148.941360473633
2019-01-11,"JPM","Financials","JPMorgan Chase & Co.",81.6176452636719
2019-01-11,"MCD","Consumer","McDonald's Corporation",153.092376708984
2019-01-11,"MSFT","Technology","Microsoft Corporation",95.7580490112305
2019-01-11,"NVDA","Technology","NVIDIA Corporation",3.68529891967773
2019-01-11,"WFC","Financials","Wells Fargo & Company",39.0153923034668
2019-01-11,"XOM","Energy","Exxon Mobil Corporation",51.1114311218262
2019-01-14,"AAPL","Technology","Apple Inc.",35.5900573730469
2019-01-14,"AMZN","Consumer","Amazon.com, Inc.",80.8604965209961
2019-01-14,"BAC","Financials","Bank of America Corporation",22.0138931274414
2019-01-14,"COP","Energy","ConocoPhillips",50.7573661804199
2019-01-14,"CVX","Energy","Chevron Corporation",80.6159057617188
2019-01-14,"HD","Consumer","The Home Depot, Inc.",148.443298339844
2019-01-14,"JPM","Financials","JPMorgan Chase & Co.",82.4590682983398
2019-01-14,"MCD","Consumer","McDonald's Corporation",152.126983642578
2019-01-14,"MSFT","Technology","Microsoft Corporation",95.0594329833984
2019-01-14,"NVDA","Technology","NVIDIA Corporation",3.72516489028931
2019-01-14,"WFC","Financials","Wells Fargo & Company",39.4636573791504
2019-01-14,"XOM","Energy","Exxon Mobil Corporation",51.0472793579102
2019-01-15,"AAPL","Technology","Apple Inc.",36.3184623718262
2019-01-15,"AMZN","Consumer","Amazon.com, Inc.",83.7279968261719
2019-01-15,"BAC","Financials","Bank of America Corporation",22.1641616821289
2019-01-15,"COP","Energy","ConocoPhillips",51.0823097229004
2019-01-15,"CVX","Energy","Chevron Corporation",80.9045715332031
2019-01-15,"HD","Consumer","The Home Depot, Inc.",146.500732421875
2019-01-15,"JPM","Financials","JPMorgan Chase & Co.",83.0635833740234
2019-01-15,"MCD","Consumer","McDonald's Corporation",151.959106445312
2019-01-15,"MSFT","Technology","Microsoft Corporation",97.8166656494141
2019-01-15,"NVDA","Technology","NVIDIA Corporation",3.71105074882507
2019-01-15,"WFC","Financials","Wells Fargo & Company",38.8523902893066
2019-01-15,"XOM","Energy","Exxon Mobil Corporation",51.0757904052734
2019-01-16,"AAPL","Technology","Apple Inc.",36.7621536254883
2019-01-16,"AMZN","Consumer","Amazon.com, Inc.",84.1890029907227
2019-01-16,"BAC","Financials","Bank of America Corporation",23.7502994537354
2019-01-16,"COP","Energy","ConocoPhillips",50.796070098877
2019-01-16,"CVX","Energy","Chevron Corporation",80.3850326538086
2019-01-16,"HD","Consumer","The Home Depot, Inc.",146.973907470703
2019-01-16,"JPM","Financials","JPMorgan Chase & Co.",83.7334594726562
2019-01-16,"MCD","Consumer","McDonald's Corporation",150.557205200195
2019-01-16,"MSFT","Technology","Microsoft Corporation",98.1613159179688
2019-01-16,"NVDA","Technology","NVIDIA Corporation",3.68554615974426
2019-01-16,"WFC","Financials","Wells Fargo & Company",39.8874740600586
2019-01-16,"XOM","Energy","Exxon Mobil Corporation",51.0544242858887
2019-01-17,"AAPL","Technology","Apple Inc.",36.9804344177246
2019-01-17,"AMZN","Consumer","Amazon.com, Inc.",84.661003112793
2019-01-17,"BAC","Financials","Bank of America Corporation",24.2010955810547
2019-01-17,"COP","Energy","ConocoPhillips",51.8791389465332
2019-01-17,"CVX","Energy","Chevron Corporation",80.7890777587891
2019-01-17,"HD","Consumer","The Home Depot, Inc.",145.172409057617
2019-01-17,"JPM","Financials","JPMorgan Chase & Co.",84.0765533447266
2019-01-17,"MCD","Consumer","McDonald's Corporation",152.034683227539
2019-01-17,"MSFT","Technology","Microsoft Corporation",98.8506164550781
2019-01-17,"NVDA","Technology","NVIDIA Corporation",3.75686049461365
2019-01-17,"WFC","Financials","Wells Fargo & Company",40.1238327026367
2019-01-17,"XOM","Energy","Exxon Mobil Corporation",51.4036140441895
2019-01-18,"AAPL","Technology","Apple Inc.",37.2082023620605
2019-01-18,"AMZN","Consumer","Amazon.com, Inc.",84.8099975585938
2019-01-18,"BAC","Financials","Bank of America Corporation",24.4598865509033
2019-01-18,"COP","Energy","ConocoPhillips",52.5289878845215
2019-01-18,"CVX","Energy","Chevron Corporation",82.5281295776367
2019-01-18,"HD","Consumer","The Home Depot, Inc.",149.082504272461
2019-01-18,"JPM","Financials","JPMorgan Chase & Co.",85.4408187866211
2019-01-18,"MCD","Consumer","McDonald's Corporation",153.26025390625
2019-01-18,"MSFT","Technology","Microsoft Corporation",100.33171081543
2019-01-18,"NVDA","Technology","NVIDIA Corporation",3.88586902618408
2019-01-18,"WFC","Financials","Wells Fargo & Company",40.7595520019531
2019-01-18,"XOM","Energy","Exxon Mobil Corporation",52.0165061950684
2019-01-22,"AAPL","Technology","Apple Inc.",36.3730316162109
2019-01-22,"AMZN","Consumer","Amazon.com, Inc.",81.6084976196289
2019-01-22,"BAC","Financials","Bank of America Corporation",24.2845726013184
2019-01-22,"COP","Energy","ConocoPhillips",50.8656959533691
2019-01-22,"CVX","Energy","Chevron Corporation",81.0633087158203
2019-01-22,"HD","Consumer","The Home Depot, Inc.",147.031982421875
2019-01-22,"JPM","Financials","JPMorgan Chase & Co.",84.0929107666016
2019-01-22,"MCD","Consumer","McDonald's Corporation",154.939208984375
2019-01-22,"MSFT","Technology","Microsoft Corporation",98.4407958984375
2019-01-22,"NVDA","Technology","NVIDIA Corporation",3.68381333351135
2019-01-22,"WFC","Financials","Wells Fargo & Company",40.6373023986816
2019-01-22,"XOM","Energy","Exxon Mobil Corporation",51.2325782775879
2019-01-23,"AAPL","Technology","Apple Inc.",36.5201377868652
2019-01-23,"AMZN","Consumer","Amazon.com, Inc.",82.0009994506836
2019-01-23,"BAC","Financials","Bank of America Corporation",24.1426582336426
2019-01-23,"COP","Energy","ConocoPhillips",50.9507942199707
2019-01-23,"CVX","Energy","Chevron Corporation",80.3777847290039
2019-01-23,"HD","Consumer","The Home Depot, Inc.",146.849380493164
2019-01-23,"JPM","Financials","JPMorgan Chase & Co.",83.8804931640625
2019-01-23,"MCD","Consumer","McDonald's Corporation",156.215194702148
2019-01-23,"MSFT","Technology","Microsoft Corporation",99.4001770019531
2019-01-23,"NVDA","Technology","NVIDIA Corporation",3.69668936729431
2019-01-23,"WFC","Financials","Wells Fargo & Company",40.8492126464844
2019-01-23,"XOM","Energy","Exxon Mobil Corporation",50.8121223449707
2019-01-24,"AAPL","Technology","Apple Inc.",36.2306709289551
2019-01-24,"AMZN","Consumer","Amazon.com, Inc.",82.7464981079102
2019-01-24,"BAC","Financials","Bank of America Corporation",24.2762279510498
2019-01-24,"COP","Energy","ConocoPhillips",51.151927947998
2019-01-24,"CVX","Energy","Chevron Corporation",81.9075698852539
2019-01-24,"HD","Consumer","The Home Depot, Inc.",147.181442260742
2019-01-24,"JPM","Financials","JPMorgan Chase & Co.",83.9295272827148
2019-01-24,"MCD","Consumer","McDonald's Corporation",157.289642333984
2019-01-24,"MSFT","Technology","Microsoft Corporation",98.9251327514648
2019-01-24,"NVDA","Technology","NVIDIA Corporation",3.90840220451355
2019-01-24,"WFC","Financials","Wells Fargo & Company",40.735107421875
2019-01-24,"XOM","Energy","Exxon Mobil Corporation",50.8833770751953
2019-01-25,"AAPL","Technology","Apple Inc.",37.4312515258789
2019-01-25,"AMZN","Consumer","Amazon.com, Inc.",83.5285034179688
2019-01-25,"BAC","Financials","Bank of America Corporation",24.6936359405518
2019-01-25,"COP","Energy","ConocoPhillips",51.8249816894531
2019-01-25,"CVX","Energy","Chevron Corporation",81.6983108520508
2019-01-25,"HD","Consumer","The Home Depot, Inc.",149.763259887695
2019-01-25,"JPM","Financials","JPMorgan Chase & Co.",84.4605102539062
2019-01-25,"MCD","Consumer","McDonald's Corporation",154.460708618164
2019-01-25,"MSFT","Technology","Microsoft Corporation",99.8286972045898
2019-01-25,"NVDA","Technology","NVIDIA Corporation",3.96560263633728
2019-01-25,"WFC","Financials","Wells Fargo & Company",40.8573608398438
2019-01-25,"XOM","Energy","Exxon Mobil Corporation",51.1114311218262
2019-01-28,"AAPL","Technology","Apple Inc.",37.084831237793
2019-01-28,"AMZN","Consumer","Amazon.com, Inc.",81.8945007324219
2019-01-28,"BAC","Financials","Bank of America Corporation",24.7353744506836
2019-01-28,"COP","Energy","ConocoPhillips",50.5562362670898
2019-01-28,"CVX","Energy","Chevron Corporation",80.9406280517578
2019-01-28,"HD","Consumer","The Home Depot, Inc.",149.290023803711
2019-01-28,"JPM","Financials","JPMorgan Chase & Co.",84.8607940673828
2019-01-28,"MCD","Consumer","McDonald's Corporation",154.124923706055
2019-01-28,"MSFT","Technology","Microsoft Corporation",97.8818511962891
2019-01-28,"NVDA","Technology","NVIDIA Corporation",3.41737461090088
2019-01-28,"WFC","Financials","Wells Fargo & Company",40.6046981811523
2019-01-28,"XOM","Energy","Exxon Mobil Corporation",50.769359588623
2019-01-29,"AAPL","Technology","Apple Inc.",36.7004585266113
2019-01-29,"AMZN","Consumer","Amazon.com, Inc.",79.6940002441406
2019-01-29,"BAC","Financials","Bank of America Corporation",24.5350170135498
2019-01-29,"COP","Energy","ConocoPhillips",50.5175666809082
2019-01-29,"CVX","Energy","Chevron Corporation",80.6953048706055
2019-01-29,"HD","Consumer","The Home Depot, Inc.",149.173858642578
2019-01-29,"JPM","Financials","JPMorgan Chase & Co.",85.0977172851562
2019-01-29,"MCD","Consumer","McDonald's Corporation",152.92448425293
2019-01-29,"MSFT","Technology","Microsoft Corporation",95.8884582519531
2019-01-29,"NVDA","Technology","NVIDIA Corporation",3.25865197181702
2019-01-29,"WFC","Financials","Wells Fargo & Company",40.6291465759277
2019-01-29,"XOM","Energy","Exxon Mobil Corporation",50.9617729187012
2019-01-30,"AAPL","Technology","Apple Inc.",39.2083778381348
2019-01-30,"AMZN","Consumer","Amazon.com, Inc.",83.5214996337891
2019-01-30,"BAC","Financials","Bank of America Corporation",24.2678852081299
2019-01-30,"COP","Energy","ConocoPhillips",50.819278717041
2019-01-30,"CVX","Energy","Chevron Corporation",81.5467758178711
2019-01-30,"HD","Consumer","The Home Depot, Inc.",151.240997314453
2019-01-30,"JPM","Financials","JPMorgan Chase & Co.",85.2937774658203
2019-01-30,"MCD","Consumer","McDonald's Corporation",152.588714599609
2019-01-30,"MSFT","Technology","Microsoft Corporation",99.0927963256836
2019-01-30,"NVDA","Technology","NVIDIA Corporation",3.40202355384827
2019-01-30,"WFC","Financials","Wells Fargo & Company",40.8247566223145
2019-01-30,"XOM","Energy","Exxon Mobil Corporation",51.5176467895508
2019-01-31,"AAPL","Technology","Apple Inc.",39.4907150268555
2019-01-31,"AMZN","Consumer","Amazon.com, Inc.",85.9365005493164
2019-01-31,"BAC","Financials","Bank of America Corporation",23.766996383667
2019-01-31,"COP","Energy","ConocoPhillips",52.3665313720703
2019-01-31,"CVX","Energy","Chevron Corporation",82.7301635742188
2019-01-31,"HD","Consumer","The Home Depot, Inc.",152.361709594727
2019-01-31,"JPM","Financials","JPMorgan Chase & Co.",84.5503768920898
2019-01-31,"MCD","Consumer","McDonald's Corporation",150.078720092773
2019-01-31,"MSFT","Technology","Microsoft Corporation",97.2763824462891
2019-01-31,"NVDA","Technology","NVIDIA Corporation",3.55950903892517
2019-01-31,"WFC","Financials","Wells Fargo & Company",40.2243919372559
2019-01-31,"XOM","Energy","Exxon Mobil Corporation",52.2231636047363
2019-02-01,"AAPL","Technology","Apple Inc.",39.5097007751465
2019-02-01,"AMZN","Consumer","Amazon.com, Inc.",81.3115005493164
2019-02-01,"BAC","Financials","Bank of America Corporation",23.6918621063232
2019-02-01,"COP","Energy","ConocoPhillips",53.1324081420898
2019-02-01,"CVX","Energy","Chevron Corporation",85.4144821166992
2019-02-01,"HD","Consumer","The Home Depot, Inc.",153.059051513672
2019-02-01,"JPM","Financials","JPMorgan Chase & Co.",84.8607940673828
2019-02-01,"MCD","Consumer","McDonald's Corporation",148.349426269531
2019-02-01,"MSFT","Technology","Microsoft Corporation",95.7394409179688
2019-02-01,"NVDA","Technology","NVIDIA Corporation",3.58377480506897
2019-02-01,"WFC","Financials","Wells Fargo & Company",40.2243919372559
2019-02-01,"XOM","Energy","Exxon Mobil Corporation",54.104564666748
2019-02-04,"AAPL","Technology","Apple Inc.",40.631965637207
2019-02-04,"AMZN","Consumer","Amazon.com, Inc.",81.6654968261719
2019-02-04,"BAC","Financials","Bank of America Corporation",24.1092720031738
2019-02-04,"COP","Energy","ConocoPhillips",54.0994415283203
2019-02-04,"CVX","Energy","Chevron Corporation",86.4030685424805
2019-02-04,"HD","Consumer","The Home Depot, Inc.",154.769256591797
2019-02-04,"JPM","Financials","JPMorgan Chase & Co.",85.1630630493164
2019-02-04,"MCD","Consumer","McDonald's Corporation",149.046188354492
2019-02-04,"MSFT","Technology","Microsoft Corporation",98.4966506958008
2019-02-04,"NVDA","Technology","NVIDIA Corporation",3.69396471977234
2019-02-04,"WFC","Financials","Wells Fargo & Company",40.3477668762207
2019-02-04,"XOM","Energy","Exxon Mobil Corporation",53.3206520080566
2019-02-05,"AAPL","Technology","Apple Inc.",41.3271598815918
2019-02-05,"AMZN","Consumer","Amazon.com, Inc.",82.9404983520508
2019-02-05,"BAC","Financials","Bank of America Corporation",24.025785446167
2019-02-05,"COP","Energy","ConocoPhillips",53.5811080932617
2019-02-05,"CVX","Energy","Chevron Corporation",86.215446472168
2019-02-05,"HD","Consumer","The Home Depot, Inc.",154.736022949219
2019-02-05,"JPM","Financials","JPMorgan Chase & Co.",84.7872619628906
2019-02-05,"MCD","Consumer","McDonald's Corporation",149.063003540039
2019-02-05,"MSFT","Technology","Microsoft Corporation",99.8752670288086
2019-02-05,"NVDA","Technology","NVIDIA Corporation",3.71303153038025
2019-02-05,"WFC","Financials","Wells Fargo & Company",40.5204734802246
2019-02-05,"XOM","Energy","Exxon Mobil Corporation",53.869384765625
2019-02-06,"AAPL","Technology","Apple Inc.",41.3414039611816
2019-02-06,"AMZN","Consumer","Amazon.com, Inc.",82.0130004882812
2019-02-06,"BAC","Financials","Bank of America Corporation",23.9840469360352
2019-02-06,"COP","Energy","ConocoPhillips",53.4650611877441
2019-02-06,"CVX","Energy","Chevron Corporation",85.7824859619141
2019-02-06,"HD","Consumer","The Home Depot, Inc.",153.349594116211
2019-02-06,"JPM","Financials","JPMorgan Chase & Co.",84.7464294433594
2019-02-06,"MCD","Consumer","McDonald's Corporation",147.896087646484
2019-02-06,"MSFT","Technology","Microsoft Corporation",98.7667999267578
2019-02-06,"NVDA","Technology","NVIDIA Corporation",3.78855562210083
2019-02-06,"WFC","Financials","Wells Fargo & Company",40.4793395996094
2019-02-06,"XOM","Energy","Exxon Mobil Corporation",53.634220123291
2019-02-07,"AAPL","Technology","Apple Inc.",40.5584259033203
2019-02-07,"AMZN","Consumer","Amazon.com, Inc.",80.7184982299805
2019-02-07,"BAC","Financials","Bank of America Corporation",23.5749893188477
2019-02-07,"COP","Energy","ConocoPhillips",52.2040519714355
2019-02-07,"CVX","Energy","Chevron Corporation",85.3134689331055
2019-02-07,"HD","Consumer","The Home Depot, Inc.",152.810012817383
2019-02-07,"JPM","Financials","JPMorgan Chase & Co.",83.6354522705078
2019-02-07,"MCD","Consumer","McDonald's Corporation",147.140594482422
2019-02-07,"MSFT","Technology","Microsoft Corporation",98.0588607788086
2019-02-07,"NVDA","Technology","NVIDIA Corporation",3.65038418769836
2019-02-07,"WFC","Financials","Wells Fargo & Company",39.5417938232422
2019-02-07,"XOM","Energy","Exxon Mobil Corporation",53.2208709716797
2019-02-08,"AAPL","Technology","Apple Inc.",40.6060791015625
2019-02-08,"AMZN","Consumer","Amazon.com, Inc.",79.411003112793
2019-02-08,"BAC","Financials","Bank of America Corporation",23.6167335510254
2019-02-08,"COP","Energy","ConocoPhillips",51.4929962158203
2019-02-08,"CVX","Energy","Chevron Corporation",84.8444213867188
2019-02-08,"HD","Consumer","The Home Depot, Inc.",153.2001953125
2019-02-08,"JPM","Financials","JPMorgan Chase & Co.",82.8021850585938
2019-02-08,"MCD","Consumer","McDonald's Corporation",146.695709228516
2019-02-08,"MSFT","Technology","Microsoft Corporation",98.4314498901367
2019-02-08,"NVDA","Technology","NVIDIA Corporation",3.6689555644989
2019-02-08,"WFC","Financials","Wells Fargo & Company",39.1881484985352
2019-02-08,"XOM","Energy","Exxon Mobil Corporation",53.3073501586914
2019-02-11,"AAPL","Technology","Apple Inc.",40.3725624084473
2019-02-11,"AMZN","Consumer","Amazon.com, Inc.",79.5500030517578
2019-02-11,"BAC","Financials","Bank of America Corporation",23.7169132232666
2019-02-11,"COP","Energy","ConocoPhillips",51.8660049438477
2019-02-11,"CVX","Energy","Chevron Corporation",84.3898010253906
2019-02-11,"HD","Consumer","The Home Depot, Inc.",151.85530090332
2019-02-11,"JPM","Financials","JPMorgan Chase & Co.",82.4100646972656
2019-02-11,"MCD","Consumer","McDonald's Corporation",146.284332275391
2019-02-11,"MSFT","Technology","Microsoft Corporation",98.0402374267578
2019-02-11,"NVDA","Technology","NVIDIA Corporation",3.62636590003967
2019-02-11,"WFC","Financials","Wells Fargo & Company",39.1881484985352
2019-02-11,"XOM","Energy","Exxon Mobil Corporation",53.3938179016113
2019-02-12,"AAPL","Technology","Apple Inc.",40.7204513549805
2019-02-12,"AMZN","Consumer","Amazon.com, Inc.",81.9004974365234
2019-02-12,"BAC","Financials","Bank of America Corporation",23.9506568908691
2019-02-12,"COP","Energy","ConocoPhillips",52.417781829834
2019-02-12,"CVX","Energy","Chevron Corporation",85.6670379638672
2019-02-12,"HD","Consumer","The Home Depot, Inc.",154.013793945312
2019-02-12,"JPM","Financials","JPMorgan Chase & Co.",83.8151397705078
2019-02-12,"MCD","Consumer","McDonald's Corporation",146.040908813477
2019-02-12,"MSFT","Technology","Microsoft Corporation",99.5678787231445
2019-02-12,"NVDA","Technology","NVIDIA Corporation",3.74324083328247
2019-02-12,"WFC","Financials","Wells Fargo & Company",40.3395347595215
2019-02-12,"XOM","Energy","Exxon Mobil Corporation",54.3305397033691
2019-02-13,"AAPL","Technology","Apple Inc.",40.55126953125
2019-02-13,"AMZN","Consumer","Amazon.com, Inc.",82
2019-02-13,"BAC","Financials","Bank of America Corporation",23.959005355835
2019-02-13,"COP","Energy","ConocoPhillips",52.6742248535156
2019-02-13,"CVX","Energy","Chevron Corporation",86.280387878418
2019-02-13,"HD","Consumer","The Home Depot, Inc.",156.412948608398
2019-02-13,"JPM","Financials","JPMorgan Chase & Co.",84.2154388427734
2019-02-13,"MCD","Consumer","McDonald's Corporation",146.192001342773
2019-02-13,"MSFT","Technology","Microsoft Corporation",99.4933547973633
2019-02-13,"NVDA","Technology","NVIDIA Corporation",3.78558373451233
2019-02-13,"WFC","Financials","Wells Fargo & Company",40.3148574829102
2019-02-13,"XOM","Energy","Exxon Mobil Corporation",54.9430351257324
2019-02-14,"AAPL","Technology","Apple Inc.",40.6989974975586
2019-02-14,"AMZN","Consumer","Amazon.com, Inc.",81.1324996948242
2019-02-14,"BAC","Financials","Bank of America Corporation",23.7002105712891
2019-02-14,"COP","Energy","ConocoPhillips",53.7000465393066
2019-02-14,"CVX","Energy","Chevron Corporation",86.1200408935547
2019-02-14,"HD","Consumer","The Home Depot, Inc.",155.831893920898
2019-02-14,"JPM","Financials","JPMorgan Chase & Co.",83.668098449707
2019-02-14,"MCD","Consumer","McDonald's Corporation",147.63591003418
2019-02-14,"MSFT","Technology","Microsoft Corporation",99.5772171020508
2019-02-14,"NVDA","Technology","NVIDIA Corporation",3.82644081115723
2019-02-14,"WFC","Financials","Wells Fargo & Company",39.9036521911621
2019-02-14,"XOM","Energy","Exxon Mobil Corporation",54.9574317932129
2019-02-15,"AAPL","Technology","Apple Inc.",40.6084594726562
2019-02-15,"AMZN","Consumer","Amazon.com, Inc.",80.3974990844727
2019-02-15,"BAC","Financials","Bank of America Corporation",24.3012752532959
2019-02-15,"COP","Energy","ConocoPhillips",54.5393447875977
2019-02-15,"CVX","Energy","Chevron Corporation",86.9873504638672
2019-02-15,"HD","Consumer","The Home Depot, Inc.",159.717041015625
2019-02-15,"JPM","Financials","JPMorgan Chase & Co.",86.2250442504883
2019-02-15,"MCD","Consumer","McDonald's Corporation",151.077682495117
2019-02-15,"MSFT","Technology","Microsoft Corporation",100.806777954102
2019-02-15,"NVDA","Technology","NVIDIA Corporation",3.89602088928223
2019-02-15,"WFC","Financials","Wells Fargo & Company",40.4793395996094
2019-02-15,"XOM","Energy","Exxon Mobil Corporation",55.9950485229492
2019-02-19,"AAPL","Technology","Apple Inc.",40.7299842834473
2019-02-19,"AMZN","Consumer","Amazon.com, Inc.",81.3789978027344
2019-02-19,"BAC","Financials","Bank of America Corporation",24.3179683685303
2019-02-19,"COP","Energy","ConocoPhillips",54.0031318664551
2019-02-19,"CVX","Energy","Chevron Corporation",86.9582061767578
2019-02-19,"HD","Consumer","The Home Depot, Inc.",159.667221069336
2019-02-19,"JPM","Financials","JPMorgan Chase & Co.",85.9227752685547
2019-02-19,"MCD","Consumer","McDonald's Corporation",150.473251342773
2019-02-19,"MSFT","Technology","Microsoft Corporation",100.760208129883
2019-02-19,"NVDA","Technology","NVIDIA Corporation",3.87868809700012
2019-02-19,"WFC","Financials","Wells Fargo & Company",40.6109352111816
2019-02-19,"XOM","Energy","Exxon Mobil Corporation",56.3697395324707
2019-02-20,"AAPL","Technology","Apple Inc.",40.9920806884766
2019-02-20,"AMZN","Consumer","Amazon.com, Inc.",81.1050033569336
2019-02-20,"BAC","Financials","Bank of America Corporation",24.5517196655273
2019-02-20,"COP","Energy","ConocoPhillips",54.904598236084
2019-02-20,"CVX","Energy","Chevron Corporation",87.6651992797852
2019-02-20,"HD","Consumer","The Home Depot, Inc.",159.268753051758
2019-02-20,"JPM","Financials","JPMorgan Chase & Co.",86.3394088745117
2019-02-20,"MCD","Consumer","McDonald's Corporation",151.514190673828
2019-02-20,"MSFT","Technology","Microsoft Corporation",100.236335754395
2019-02-20,"NVDA","Technology","NVIDIA Corporation",3.92598342895508
2019-02-20,"WFC","Financials","Wells Fargo & Company",40.9645805358887
2019-02-20,"XOM","Energy","Exxon Mobil Corporation",56.5859146118164
2019-02-21,"AAPL","Technology","Apple Inc.",40.7609596252441
2019-02-21,"AMZN","Consumer","Amazon.com, Inc.",80.9720001220703
2019-02-21,"BAC","Financials","Bank of America Corporation",24.4515399932861
2019-02-21,"COP","Energy","ConocoPhillips",54.5859680175781
2019-02-21,"CVX","Energy","Chevron Corporation",86.8343048095703
2019-02-21,"HD","Consumer","The Home Depot, Inc.",159.243911743164
2019-02-21,"JPM","Financials","JPMorgan Chase & Co.",86.1596832275391
2019-02-21,"MCD","Consumer","McDonald's Corporation",153.461730957031
2019-02-21,"MSFT","Technology","Microsoft Corporation",102.350540161133
2019-02-21,"NVDA","Technology","NVIDIA Corporation",3.85714530944824
2019-02-21,"WFC","Financials","Wells Fargo & Company",40.7589645385742
2019-02-21,"XOM","Energy","Exxon Mobil Corporation",56.0743026733398
2019-02-22,"AAPL","Technology","Apple Inc.",41.2160873413086
2019-02-22,"AMZN","Consumer","Amazon.com, Inc.",81.5780029296875
2019-02-22,"BAC","Financials","Bank of America Corporation",24.2762279510498
2019-02-22,"COP","Energy","ConocoPhillips",54.3761558532715
2019-02-22,"CVX","Energy","Chevron Corporation",87.0165100097656
2019-02-22,"HD","Consumer","The Home Depot, Inc.",159.717041015625
2019-02-22,"JPM","Financials","JPMorgan Chase & Co.",85.7757339477539
2019-02-22,"MCD","Consumer","McDonald's Corporation",153.763931274414
2019-02-22,"MSFT","Technology","Microsoft Corporation",103.809860229492
2019-02-22,"NVDA","Technology","NVIDIA Corporation",3.9418306350708
2019-02-22,"WFC","Financials","Wells Fargo & Company",40.3148574829102
2019-02-22,"XOM","Energy","Exxon Mobil Corporation",56.5066413879395
2019-02-25,"AAPL","Technology","Apple Inc.",41.5163269042969
2019-02-25,"AMZN","Consumer","Amazon.com, Inc.",81.6500015258789
2019-02-25,"BAC","Financials","Bank of America Corporation",24.4348392486572
2019-02-25,"COP","Energy","ConocoPhillips",53.8166122436523
2019-02-25,"CVX","Energy","Chevron Corporation",87.1841506958008
2019-02-25,"HD","Consumer","The Home Depot, Inc.",157.716369628906
2019-02-25,"JPM","Financials","JPMorgan Chase & Co.",86.6743392944336
2019-02-25,"MCD","Consumer","McDonald's Corporation",153.293823242188
2019-02-25,"MSFT","Technology","Microsoft Corporation",104.389808654785
2019-02-25,"NVDA","Technology","NVIDIA Corporation",3.92945027351379
2019-02-25,"WFC","Financials","Wells Fargo & Company",40.8412017822266
2019-02-25,"XOM","Energy","Exxon Mobil Corporation",56.5642890930176
2019-02-26,"AAPL","Technology","Apple Inc.",41.5401496887207
2019-02-26,"AMZN","Consumer","Amazon.com, Inc.",81.8199996948242
2019-02-26,"BAC","Financials","Bank of America Corporation",24.4515399932861
2019-02-26,"COP","Energy","ConocoPhillips",53.5601615905762
2019-02-26,"CVX","Energy","Chevron Corporation",87.417366027832
2019-02-26,"HD","Consumer","The Home Depot, Inc.",156.321670532227
2019-02-26,"JPM","Financials","JPMorgan Chase & Co.",86.0126342773438
2019-02-26,"MCD","Consumer","McDonald's Corporation",153.79753112793
2019-02-26,"MSFT","Technology","Microsoft Corporation",105.110168457031
2019-02-26,"NVDA","Technology","NVIDIA Corporation",3.89007878303528
2019-02-26,"WFC","Financials","Wells Fargo & Company",40.783634185791
2019-02-26,"XOM","Energy","Exxon Mobil Corporation",56.6795959472656
2019-02-27,"AAPL","Technology","Apple Inc.",41.6688346862793
2019-02-27,"AMZN","Consumer","Amazon.com, Inc.",82.0544967651367
2019-02-27,"BAC","Financials","Bank of America Corporation",24.6518936157227
2019-02-27,"COP","Energy","ConocoPhillips",53.7933120727539
2019-02-27,"CVX","Energy","Chevron Corporation",87.519416809082
2019-02-27,"HD","Consumer","The Home Depot, Inc.",152.477935791016
2019-02-27,"JPM","Financials","JPMorgan Chase & Co.",85.9064331054688
2019-02-27,"MCD","Consumer","McDonald's Corporation",153.923461914062
2019-02-27,"MSFT","Technology","Microsoft Corporation",104.932426452637
2019-02-27,"NVDA","Technology","NVIDIA Corporation",3.84823131561279
2019-02-27,"WFC","Financials","Wells Fargo & Company",41.0385856628418
2019-02-27,"XOM","Energy","Exxon Mobil Corporation",57.263240814209
2019-02-28,"AAPL","Technology","Apple Inc.",41.2589721679688
2019-02-28,"AMZN","Consumer","Amazon.com, Inc.",81.9915008544922
2019-02-28,"BAC","Financials","Bank of America Corporation",24.4001712799072
2019-02-28,"COP","Energy","ConocoPhillips",52.7286262512207
2019-02-28,"CVX","Energy","Chevron Corporation",87.1550064086914
2019-02-28,"HD","Consumer","The Home Depot, Inc.",153.698211669922
2019-02-28,"JPM","Financials","JPMorgan Chase & Co.",85.2529144287109
2019-02-28,"MCD","Consumer","McDonald's Corporation",155.308929443359
2019-02-28,"MSFT","Technology","Microsoft Corporation",104.801467895508
2019-02-28,"NVDA","Technology","NVIDIA Corporation",3.82369208335876
2019-02-28,"WFC","Financials","Wells Fargo & Company",41.0303611755371
2019-02-28,"XOM","Energy","Exxon Mobil Corporation",56.9461860656738
2019-03-01,"AAPL","Technology","Apple Inc.",41.6926574707031
2019-03-01,"AMZN","Consumer","Amazon.com, Inc.",83.5865020751953
2019-03-01,"BAC","Financials","Bank of America Corporation",24.5931549072266
2019-03-01,"COP","Energy","ConocoPhillips",53.5679359436035
2019-03-01,"CVX","Energy","Chevron Corporation",88.9406585693359
2019-03-01,"HD","Consumer","The Home Depot, Inc.",153.723236083984
2019-03-01,"JPM","Financials","JPMorgan Chase & Co.",85.3101043701172
2019-03-01,"MCD","Consumer","McDonald's Corporation",156.331146240234
2019-03-01,"MSFT","Technology","Microsoft Corporation",105.26921081543
2019-03-01,"NVDA","Technology","NVIDIA Corporation",3.87797617912292
2019-03-01,"WFC","Financials","Wells Fargo & Company",41.1454963684082
2019-03-01,"XOM","Energy","Exxon Mobil Corporation",57.6451301574707
2019-03-04,"AAPL","Technology","Apple Inc.",41.90234375
2019-03-04,"AMZN","Consumer","Amazon.com, Inc.",84.8085021972656
2019-03-04,"BAC","Financials","Bank of America Corporation",24.3582191467285
2019-03-04,"COP","Energy","ConocoPhillips",54.3217506408691
2019-03-04,"CVX","Energy","Chevron Corporation",89.0062561035156
2019-03-04,"HD","Consumer","The Home Depot, Inc.",152.594146728516
2019-03-04,"JPM","Financials","JPMorgan Chase & Co.",85.1140594482422
2019-03-04,"MCD","Consumer","McDonald's Corporation",152.563293457031
2019-03-04,"MSFT","Technology","Microsoft Corporation",105.0166015625
2019-03-04,"NVDA","Technology","NVIDIA Corporation",3.886155128479
2019-03-04,"WFC","Financials","Wells Fargo & Company",41.211296081543
2019-03-04,"XOM","Energy","Exxon Mobil Corporation",57.8685150146484
2019-03-05,"AAPL","Technology","Apple Inc.",41.8260879516602
2019-03-05,"AMZN","Consumer","Amazon.com, Inc.",84.6214981079102
2019-03-05,"BAC","Financials","Bank of America Corporation",24.4001712799072
2019-03-05,"COP","Energy","ConocoPhillips",53.6301040649414
2019-03-05,"CVX","Energy","Chevron Corporation",89.8589935302734
2019-03-05,"HD","Consumer","The Home Depot, Inc.",152.751876831055
2019-03-05,"JPM","Financials","JPMorgan Chase & Co.",85.0486831665039
2019-03-05,"MCD","Consumer","McDonald's Corporation",153.205352783203
2019-03-05,"MSFT","Technology","Microsoft Corporation",104.492736816406
2019-03-05,"NVDA","Technology","NVIDIA Corporation",3.87971138954163
2019-03-05,"WFC","Financials","Wells Fargo & Company",41.0303611755371
2019-03-05,"XOM","Energy","Exxon Mobil Corporation",57.782054901123
2019-03-06,"AAPL","Technology","Apple Inc.",41.5854339599609
2019-03-06,"AMZN","Consumer","Amazon.com, Inc.",83.4475021362305
2019-03-06,"BAC","Financials","Bank of America Corporation",24.1987915039062
2019-03-06,"COP","Energy","ConocoPhillips",53.0705604553223
2019-03-06,"CVX","Energy","Chevron Corporation",90.0339279174805
2019-03-06,"HD","Consumer","The Home Depot, Inc.",153.125457763672
2019-03-06,"JPM","Financials","JPMorgan Chase & Co.",84.7300872802734
2019-03-06,"MCD","Consumer","McDonald's Corporation",153.779815673828
2019-03-06,"MSFT","Technology","Microsoft Corporation",104.539527893066
2019-03-06,"NVDA","Technology","NVIDIA Corporation",3.76891207695007
2019-03-06,"WFC","Financials","Wells Fargo & Company",40.9727935791016
2019-03-06,"XOM","Energy","Exxon Mobil Corporation",57.126335144043
2019-03-07,"AAPL","Technology","Apple Inc.",41.1040878295898
2019-03-07,"AMZN","Consumer","Amazon.com, Inc.",81.2975006103516
2019-03-07,"BAC","Financials","Bank of America Corporation",23.9554634094238
2019-03-07,"COP","Energy","ConocoPhillips",52.8063316345215
2019-03-07,"CVX","Energy","Chevron Corporation",88.8750534057617
2019-03-07,"HD","Consumer","The Home Depot, Inc.",151.514923095703
2019-03-07,"JPM","Financials","JPMorgan Chase & Co.",84.117431640625
2019-03-07,"MCD","Consumer","McDonald's Corporation",152.504196166992
2019-03-07,"MSFT","Technology","Microsoft Corporation",103.26725769043
2019-03-07,"NVDA","Technology","NVIDIA Corporation",3.6997549533844
2019-03-07,"WFC","Financials","Wells Fargo & Company",40.8576583862305
2019-03-07,"XOM","Energy","Exxon Mobil Corporation",57.7604370117188
2019-03-08,"AAPL","Technology","Apple Inc.",41.201789855957
2019-03-08,"AMZN","Consumer","Amazon.com, Inc.",81.0400009155273
2019-03-08,"BAC","Financials","Bank of America Corporation",24.0393695831299
2019-03-08,"COP","Energy","ConocoPhillips",50.8479537963867
2019-03-08,"CVX","Energy","Chevron Corporation",88.6418304443359
2019-03-08,"HD","Consumer","The Home Depot, Inc.",150.452331542969
2019-03-08,"JPM","Financials","JPMorgan Chase & Co.",84.1500930786133
2019-03-08,"MCD","Consumer","McDonald's Corporation",151.642501831055
2019-03-08,"MSFT","Technology","Microsoft Corporation",103.379554748535
2019-03-08,"NVDA","Technology","NVIDIA Corporation",3.733962059021
2019-03-08,"WFC","Financials","Wells Fargo & Company",40.9563484191895
2019-03-08,"XOM","Energy","Exxon Mobil Corporation",56.9317817687988
2019-03-11,"AAPL","Technology","Apple Inc.",42.6291084289551
2019-03-11,"AMZN","Consumer","Amazon.com, Inc.",83.5309982299805
2019-03-11,"BAC","Financials","Bank of America Corporation",24.2826995849609
2019-03-11,"COP","Energy","ConocoPhillips",51.1898918151855
2019-03-11,"CVX","Energy","Chevron Corporation",90.0995254516602
2019-03-11,"HD","Consumer","The Home Depot, Inc.",151.456802368164
2019-03-11,"JPM","Financials","JPMorgan Chase & Co.",85.2447509765625
2019-03-11,"MCD","Consumer","McDonald's Corporation",152.977279663086
2019-03-11,"MSFT","Technology","Microsoft Corporation",105.549819946289
2019-03-11,"NVDA","Technology","NVIDIA Corporation",3.99422907829285
2019-03-11,"WFC","Financials","Wells Fargo & Company",40.923454284668
2019-03-11,"XOM","Energy","Exxon Mobil Corporation",57.4866142272949
2019-03-12,"AAPL","Technology","Apple Inc.",43.1080780029297
2019-03-12,"AMZN","Consumer","Amazon.com, Inc.",83.6549987792969
2019-03-12,"BAC","Financials","Bank of America Corporation",24.2826995849609
2019-03-12,"COP","Energy","ConocoPhillips",51.0033836364746
2019-03-12,"CVX","Energy","Chevron Corporation",90.3036041259766
2019-03-12,"HD","Consumer","The Home Depot, Inc.",152.751876831055
2019-03-12,"JPM","Financials","JPMorgan Chase & Co.",84.9915008544922
2019-03-12,"MCD","Consumer","McDonald's Corporation",153.610855102539
2019-03-12,"MSFT","Technology","Microsoft Corporation",106.288871765137
2019-03-12,"NVDA","Technology","NVIDIA Corporation",4.02843570709229
2019-03-12,"WFC","Financials","Wells Fargo & Company",40.8329811096191
2019-03-12,"XOM","Energy","Exxon Mobil Corporation",57.6451301574707
2019-03-13,"AAPL","Technology","Apple Inc.",43.2987022399902
2019-03-13,"AMZN","Consumer","Amazon.com, Inc.",84.5404968261719
2019-03-13,"BAC","Financials","Bank of America Corporation",24.576379776001
2019-03-13,"COP","Energy","ConocoPhillips",52.3400573730469
2019-03-13,"CVX","Energy","Chevron Corporation",90.8648071289062
2019-03-13,"HD","Consumer","The Home Depot, Inc.",151.497375488281
2019-03-13,"JPM","Financials","JPMorgan Chase & Co.",85.2774353027344
2019-03-13,"MCD","Consumer","McDonald's Corporation",153.805191040039
2019-03-13,"MSFT","Technology","Microsoft Corporation",107.112106323242
2019-03-13,"NVDA","Technology","NVIDIA Corporation",4.17963743209839
2019-03-13,"WFC","Financials","Wells Fargo & Company",41.0550384521484
2019-03-13,"XOM","Energy","Exxon Mobil Corporation",58.1567573547363
2019-03-14,"AAPL","Technology","Apple Inc.",43.7800331115723
2019-03-14,"AMZN","Consumer","Amazon.com, Inc.",84.3109970092773
2019-03-14,"BAC","Financials","Bank of America Corporation",24.7190170288086
2019-03-14,"COP","Energy","ConocoPhillips",52.0835990905762
2019-03-14,"CVX","Energy","Chevron Corporation",90.8137741088867
2019-03-14,"HD","Consumer","The Home Depot, Inc.",151.89045715332
2019-03-14,"JPM","Financials","JPMorgan Chase & Co.",86.0534820556641
2019-03-14,"MCD","Consumer","McDonald's Corporation",154.379669189453
2019-03-14,"MSFT","Technology","Microsoft Corporation",107.196273803711
2019-03-14,"NVDA","Technology","NVIDIA Corporation",4.10378742218018
2019-03-14,"WFC","Financials","Wells Fargo & Company",41.4086761474609
2019-03-14,"XOM","Energy","Exxon Mobil Corporation",57.9621963500977
2019-03-15,"AAPL","Technology","Apple Inc.",44.3495254516602
2019-03-15,"AMZN","Consumer","Amazon.com, Inc.",85.6179962158203
2019-03-15,"BAC","Financials","Bank of America Corporation",24.5847702026367
2019-03-15,"COP","Energy","ConocoPhillips",52.5265693664551
2019-03-15,"CVX","Energy","Chevron Corporation",91.3312454223633
2019-03-15,"HD","Consumer","The Home Depot, Inc.",152.409027099609
2019-03-15,"JPM","Financials","JPMorgan Chase & Co.",87.0419540405273
2019-03-15,"MCD","Consumer","McDonald's Corporation",156.567687988281
2019-03-15,"MSFT","Technology","Microsoft Corporation",108.431129455566
2019-03-15,"NVDA","Technology","NVIDIA Corporation",4.20913600921631
2019-03-15,"WFC","Financials","Wells Fargo & Company",41.6636276245117
2019-03-15,"XOM","Energy","Exxon Mobil Corporation",57.7532386779785
2019-03-18,"AAPL","Technology","Apple Inc.",44.8022766113281
2019-03-18,"AMZN","Consumer","Amazon.com, Inc.",87.1074981689453
2019-03-18,"BAC","Financials","Bank of America Corporation",25.0210857391357
2019-03-18,"COP","Energy","ConocoPhillips",52.5421104431152
2019-03-18,"CVX","Energy","Chevron Corporation",91.746711730957
2019-03-18,"HD","Consumer","The Home Depot, Inc.",153.404312133789
2019-03-18,"JPM","Financials","JPMorgan Chase & Co.",87.5647888183594
2019-03-18,"MCD","Consumer","McDonald's Corporation",155.401840209961
2019-03-18,"MSFT","Technology","Microsoft Corporation",109.984008789062
2019-03-18,"NVDA","Technology","NVIDIA Corporation",4.1878170967102
2019-03-18,"WFC","Financials","Wells Fargo & Company",42.5436210632324
2019-03-18,"XOM","Energy","Exxon Mobil Corporation",58.4233551025391
2019-03-19,"AAPL","Technology","Apple Inc.",44.4472236633301
2019-03-19,"AMZN","Consumer","Amazon.com, Inc.",88.0924987792969
2019-03-19,"BAC","Financials","Bank of America Corporation",24.8784465789795
2019-03-19,"COP","Energy","ConocoPhillips",52.3400573730469
2019-03-19,"CVX","Energy","Chevron Corporation",91.3093872070312
2019-03-19,"HD","Consumer","The Home Depot, Inc.",153.998138427734
2019-03-19,"JPM","Financials","JPMorgan Chase & Co.",87.2461776733398
2019-03-19,"MCD","Consumer","McDonald's Corporation",154.692199707031
2019-03-19,"MSFT","Technology","Microsoft Corporation",110.058837890625
2019-03-19,"NVDA","Technology","NVIDIA Corporation",4.3553786277771
2019-03-19,"WFC","Financials","Wells Fargo & Company",42.2804336547852
2019-03-19,"XOM","Energy","Exxon Mobil Corporation",58.2720375061035
2019-03-20,"AAPL","Technology","Apple Inc.",44.8356246948242
2019-03-20,"AMZN","Consumer","Amazon.com, Inc.",89.8635025024414
2019-03-20,"BAC","Financials","Bank of America Corporation",24.0309791564941
2019-03-20,"COP","Energy","ConocoPhillips",52.4877052307129
2019-03-20,"CVX","Energy","Chevron Corporation",90.8793792724609
2019-03-20,"HD","Consumer","The Home Depot, Inc.",155.645736694336
2019-03-20,"JPM","Financials","JPMorgan Chase & Co.",85.3836288452148
2019-03-20,"MCD","Consumer","McDonald's Corporation",156.263549804688
2019-03-20,"MSFT","Technology","Microsoft Corporation",109.937232971191
2019-03-20,"NVDA","Technology","NVIDIA Corporation",4.32290840148926
2019-03-20,"WFC","Financials","Wells Fargo & Company",41.4497909545898
2019-03-20,"XOM","Energy","Exxon Mobil Corporation",58.5962791442871
2019-03-21,"AAPL","Technology","Apple Inc.",46.4869499206543
2019-03-21,"AMZN","Consumer","Amazon.com, Inc.",90.9629974365234
2019-03-21,"BAC","Financials","Bank of America Corporation",23.6450080871582
2019-03-21,"COP","Energy","ConocoPhillips",52.9539985656738
2019-03-21,"CVX","Energy","Chevron Corporation",91.7321166992188
2019-03-21,"HD","Consumer","The Home Depot, Inc.",158.882415771484
2019-03-21,"JPM","Financials","JPMorgan Chase & Co.",84.0357055664062
2019-03-21,"MCD","Consumer","McDonald's Corporation",157.446334838867
2019-03-21,"MSFT","Technology","Microsoft Corporation",112.463012695312
2019-03-21,"NVDA","Technology","NVIDIA Corporation",4.55937957763672
2019-03-21,"WFC","Financials","Wells Fargo & Company",41.0056915283203
2019-03-21,"XOM","Energy","Exxon Mobil Corporation",58.9349594116211
2019-03-22,"AAPL","Technology","Apple Inc.",45.5242767333984
2019-03-22,"AMZN","Consumer","Amazon.com, Inc.",88.2385025024414
2019-03-22,"BAC","Financials","Bank of America Corporation",22.6633033752441
2019-03-22,"COP","Energy","ConocoPhillips",51.3453216552734
2019-03-22,"CVX","Energy","Chevron Corporation",89.7132186889648
2019-03-22,"HD","Consumer","The Home Depot, Inc.",157.862014770508
2019-03-22,"JPM","Financials","JPMorgan Chase & Co.",81.4951171875
2019-03-22,"MCD","Consumer","McDonald's Corporation",157.818008422852
2019-03-22,"MSFT","Technology","Microsoft Corporation",109.49755859375
2019-03-22,"NVDA","Technology","NVIDIA Corporation",4.39974737167358
2019-03-22,"WFC","Financials","Wells Fargo & Company",39.7309455871582
2019-03-22,"XOM","Energy","Exxon Mobil Corporation",57.9910316467285
2019-03-25,"AAPL","Technology","Apple Inc.",44.9738273620605
2019-03-25,"AMZN","Consumer","Amazon.com, Inc.",88.7129974365234
2019-03-25,"BAC","Financials","Bank of America Corporation",22.5206527709961
2019-03-25,"COP","Energy","ConocoPhillips",52.1224594116211
2019-03-25,"CVX","Energy","Chevron Corporation",89.5674514770508
2019-03-25,"HD","Consumer","The Home Depot, Inc.",158.639846801758
2019-03-25,"JPM","Financials","JPMorgan Chase & Co.",80.8170852661133
2019-03-25,"MCD","Consumer","McDonald's Corporation",156.897155761719
2019-03-25,"MSFT","Technology","Microsoft Corporation",110.068222045898
2019-03-25,"NVDA","Technology","NVIDIA Corporation",4.30753946304321
2019-03-25,"WFC","Financials","Wells Fargo & Company",39.5417938232422
2019-03-25,"XOM","Energy","Exxon Mobil Corporation",57.5875053405762
2019-03-26,"AAPL","Technology","Apple Inc.",44.5091857910156
2019-03-26,"AMZN","Consumer","Amazon.com, Inc.",89.1880035400391
2019-03-26,"BAC","Financials","Bank of America Corporation",22.8311080932617
2019-03-26,"COP","Energy","ConocoPhillips",53.2803802490234
2019-03-26,"CVX","Energy","Chevron Corporation",90.4712295532227
2019-03-26,"HD","Consumer","The Home Depot, Inc.",158.355484008789
2019-03-26,"JPM","Financials","JPMorgan Chase & Co.",81.6258392333984
2019-03-26,"MCD","Consumer","McDonald's Corporation",158.384017944336
2019-03-26,"MSFT","Technology","Microsoft Corporation",110.302062988281
2019-03-26,"NVDA","Technology","NVIDIA Corporation",4.38413381576538
2019-03-26,"WFC","Financials","Wells Fargo & Company",40.3066253662109
2019-03-26,"XOM","Energy","Exxon Mobil Corporation",58.3368873596191
2019-03-27,"AAPL","Technology","Apple Inc.",44.9094886779785
2019-03-27,"AMZN","Consumer","Amazon.com, Inc.",88.2850036621094
2019-03-27,"BAC","Financials","Bank of America Corporation",22.6800765991211
2019-03-27,"COP","Energy","ConocoPhillips",52.7752494812012
2019-03-27,"CVX","Energy","Chevron Corporation",89.4945831298828
2019-03-27,"HD","Consumer","The Home Depot, Inc.",158.280258178711
2019-03-27,"JPM","Financials","JPMorgan Chase & Co.",81.3480682373047
2019-03-27,"MCD","Consumer","McDonald's Corporation",158.409317016602
2019-03-27,"MSFT","Technology","Microsoft Corporation",109.23560333252
2019-03-27,"NVDA","Technology","NVIDIA Corporation",4.37496185302734
2019-03-27,"WFC","Financials","Wells Fargo & Company",40.1092567443848
2019-03-27,"XOM","Energy","Exxon Mobil Corporation",57.8901405334473
2019-03-28,"AAPL","Technology","Apple Inc.",44.969066619873
2019-03-28,"AMZN","Consumer","Amazon.com, Inc.",88.6709976196289
2019-03-28,"BAC","Financials","Bank of America Corporation",22.9317970275879
2019-03-28,"COP","Energy","ConocoPhillips",52.3633613586426
2019-03-28,"CVX","Energy","Chevron Corporation",89.6622009277344
2019-03-28,"HD","Consumer","The Home Depot, Inc.",158.95768737793
2019-03-28,"JPM","Financials","JPMorgan Chase & Co.",82.2711791992188
2019-03-28,"MCD","Consumer","McDonald's Corporation",159.997604370117
2019-03-28,"MSFT","Technology","Microsoft Corporation",109.385292053223
2019-03-28,"NVDA","Technology","NVIDIA Corporation",4.39355182647705
2019-03-28,"WFC","Financials","Wells Fargo & Company",40.372428894043
2019-03-28,"XOM","Energy","Exxon Mobil Corporation",58.1783828735352
2019-03-29,"AAPL","Technology","Apple Inc.",45.2621574401855
2019-03-29,"AMZN","Consumer","Amazon.com, Inc.",89.0374984741211
2019-03-29,"BAC","Financials","Bank of America Corporation",23.1499614715576
2019-03-29,"COP","Energy","ConocoPhillips",51.8660049438477
2019-03-29,"CVX","Energy","Chevron Corporation",89.7788314819336
2019-03-29,"HD","Consumer","The Home Depot, Inc.",160.488143920898
2019-03-29,"JPM","Financials","JPMorgan Chase & Co.",82.6959838867188
2019-03-29,"MCD","Consumer","McDonald's Corporation",160.428451538086
2019-03-29,"MSFT","Technology","Microsoft Corporation",110.330123901367
2019-03-29,"NVDA","Technology","NVIDIA Corporation",4.45080947875977
2019-03-29,"WFC","Financials","Wells Fargo & Company",39.7391700744629
2019-03-29,"XOM","Energy","Exxon Mobil Corporation",58.2215881347656
2019-04-01,"AAPL","Technology","Apple Inc.",45.5695457458496
2019-04-01,"AMZN","Consumer","Amazon.com, Inc.",90.7095031738281
2019-04-01,"BAC","Financials","Bank of America Corporation",23.9470729827881
2019-04-01,"COP","Energy","ConocoPhillips",52.6042938232422
2019-04-01,"CVX","Energy","Chevron Corporation",91.0615997314453
2019-04-01,"HD","Consumer","The Home Depot, Inc.",163.62451171875
2019-04-01,"JPM","Financials","JPMorgan Chase & Co.",85.4816360473633
2019-04-01,"MCD","Consumer","McDonald's Corporation",159.152770996094
2019-04-01,"MSFT","Technology","Microsoft Corporation",111.340438842773
2019-04-01,"NVDA","Technology","NVIDIA Corporation",4.51823234558105
2019-04-01,"WFC","Financials","Wells Fargo & Company",40.1421432495117
2019-04-01,"XOM","Energy","Exxon Mobil Corporation",58.8917274475098
2019-04-02,"AAPL","Technology","Apple Inc.",46.2319717407227
2019-04-02,"AMZN","Consumer","Amazon.com, Inc.",90.6989974975586
2019-04-02,"BAC","Financials","Bank of America Corporation",24.2239665985107
2019-04-02,"COP","Energy","ConocoPhillips",51.5629081726074
2019-04-02,"CVX","Energy","Chevron Corporation",91.0543060302734
2019-04-02,"HD","Consumer","The Home Depot, Inc.",162.512191772461
2019-04-02,"JPM","Financials","JPMorgan Chase & Co.",85.8900985717773
2019-04-02,"MCD","Consumer","McDonald's Corporation",159.11897277832
2019-04-02,"MSFT","Technology","Microsoft Corporation",111.499465942383
2019-04-02,"NVDA","Technology","NVIDIA Corporation",4.53607892990112
2019-04-02,"WFC","Financials","Wells Fargo & Company",39.6486968994141
2019-04-02,"XOM","Energy","Exxon Mobil Corporation",58.6395263671875
2019-04-03,"AAPL","Technology","Apple Inc.",46.5488967895508
2019-04-03,"AMZN","Consumer","Amazon.com, Inc.",91.0350036621094
2019-04-03,"BAC","Financials","Bank of America Corporation",24.1987915039062
2019-04-03,"COP","Energy","ConocoPhillips",50.9101257324219
2019-04-03,"CVX","Energy","Chevron Corporation",90.2963180541992
2019-04-03,"HD","Consumer","The Home Depot, Inc.",166.108474731445
2019-04-03,"JPM","Financials","JPMorgan Chase & Co.",86.0616607666016
2019-04-03,"MCD","Consumer","McDonald's Corporation",159.11897277832
2019-04-03,"MSFT","Technology","Microsoft Corporation",112.229156494141
2019-04-03,"NVDA","Technology","NVIDIA Corporation",4.6753830909729
2019-04-03,"WFC","Financials","Wells Fargo & Company",40.1832809448242
2019-04-03,"XOM","Energy","Exxon Mobil Corporation",58.2936553955078
2019-04-04,"AAPL","Technology","Apple Inc.",46.6299285888672
2019-04-04,"AMZN","Consumer","Amazon.com, Inc.",90.943000793457
2019-04-04,"BAC","Financials","Bank of America Corporation",24.4589004516602
2019-04-04,"COP","Energy","ConocoPhillips",50.6381301879883
2019-04-04,"CVX","Energy","Chevron Corporation",90.9595565795898
2019-04-04,"HD","Consumer","The Home Depot, Inc.",167.647399902344
2019-04-04,"JPM","Financials","JPMorgan Chase & Co.",86.8930435180664
2019-04-04,"MCD","Consumer","McDonald's Corporation",160.403121948242
2019-04-04,"MSFT","Technology","Microsoft Corporation",111.658500671387
2019-04-04,"NVDA","Technology","NVIDIA Corporation",4.6664605140686
2019-04-04,"WFC","Financials","Wells Fargo & Company",40.4382286071777
2019-04-04,"XOM","Energy","Exxon Mobil Corporation",59.1222991943359
2019-04-05,"AAPL","Technology","Apple Inc.",46.942066192627
2019-04-05,"AMZN","Consumer","Amazon.com, Inc.",91.8639984130859
2019-04-05,"BAC","Financials","Bank of America Corporation",24.4001712799072
2019-04-05,"COP","Energy","ConocoPhillips",51.3841667175293
2019-04-05,"CVX","Energy","Chevron Corporation",92.1402740478516
2019-04-05,"HD","Consumer","The Home Depot, Inc.",168.993911743164
2019-04-05,"JPM","Financials","JPMorgan Chase & Co.",86.687255859375
2019-04-05,"MCD","Consumer","McDonald's Corporation",161.112777709961
2019-04-05,"MSFT","Technology","Microsoft Corporation",112.154312133789
2019-04-05,"NVDA","Technology","NVIDIA Corporation",4.73313856124878
2019-04-05,"WFC","Financials","Wells Fargo & Company",40.117488861084
2019-04-05,"XOM","Energy","Exxon Mobil Corporation",59.4393539428711
2019-04-08,"AAPL","Technology","Apple Inc.",47.6807441711426
2019-04-08,"AMZN","Consumer","Amazon.com, Inc.",92.4929962158203
2019-04-08,"BAC","Financials","Bank of America Corporation",24.4756927490234
2019-04-08,"COP","Energy","ConocoPhillips",51.7183456420898
2019-04-08,"CVX","Energy","Chevron Corporation",92.3297729492188
2019-04-08,"HD","Consumer","The Home Depot, Inc.",170.240112304688
2019-04-08,"JPM","Financials","JPMorgan Chase & Co.",86.9671478271484
2019-04-08,"MCD","Consumer","McDonald's Corporation",160.386199951172
2019-04-08,"MSFT","Technology","Microsoft Corporation",112.191734313965
2019-04-08,"NVDA","Technology","NVIDIA Corporation",4.75396108627319
2019-04-08,"WFC","Financials","Wells Fargo & Company",40.1997222900391
2019-04-08,"XOM","Energy","Exxon Mobil Corporation",59.8068351745605
2019-04-09,"AAPL","Technology","Apple Inc.",47.537784576416
2019-04-09,"AMZN","Consumer","Amazon.com, Inc.",91.7919998168945
2019-04-09,"BAC","Financials","Bank of America Corporation",24.2407474517822
2019-04-09,"COP","Energy","ConocoPhillips",51.0577812194824
2019-04-09,"CVX","Energy","Chevron Corporation",91.498908996582
2019-04-09,"HD","Consumer","The Home Depot, Inc.",168.023742675781
2019-04-09,"JPM","Financials","JPMorgan Chase & Co.",86.325065612793
2019-04-09,"MCD","Consumer","McDonald's Corporation",160.580505371094
2019-04-09,"MSFT","Technology","Microsoft Corporation",111.58366394043
2019-04-09,"NVDA","Technology","NVIDIA Corporation",4.69124746322632
2019-04-09,"WFC","Financials","Wells Fargo & Company",39.591121673584
2019-04-09,"XOM","Energy","Exxon Mobil Corporation",59.0358467102051
2019-04-10,"AAPL","Technology","Apple Inc.",47.8046607971191
2019-04-10,"AMZN","Consumer","Amazon.com, Inc.",92.3665008544922
2019-04-10,"BAC","Financials","Bank of America Corporation",24.3917808532715
2019-04-10,"COP","Energy","ConocoPhillips",52.0447463989258
2019-04-10,"CVX","Energy","Chevron Corporation",91.4624481201172
2019-04-10,"HD","Consumer","The Home Depot, Inc.",166.794311523438
2019-04-10,"JPM","Financials","JPMorgan Chase & Co.",86.7119522094727
2019-04-10,"MCD","Consumer","McDonald's Corporation",159.853927612305
2019-04-10,"MSFT","Technology","Microsoft Corporation",112.434944152832
2019-04-10,"NVDA","Technology","NVIDIA Corporation",4.76164245605469
2019-04-10,"WFC","Financials","Wells Fargo & Company",39.3032913208008
2019-04-10,"XOM","Energy","Exxon Mobil Corporation",58.7692375183105
2019-04-11,"AAPL","Technology","Apple Inc.",47.4067115783691
2019-04-11,"AMZN","Consumer","Amazon.com, Inc.",92.203498840332
2019-04-11,"BAC","Financials","Bank of America Corporation",24.3917808532715
2019-04-11,"COP","Energy","ConocoPhillips",51.5784645080566
2019-04-11,"CVX","Energy","Chevron Corporation",91.8268661499023
2019-04-11,"HD","Consumer","The Home Depot, Inc.",168.508850097656
2019-04-11,"JPM","Financials","JPMorgan Chase & Co.",87.4445571899414
2019-04-11,"MCD","Consumer","McDonald's Corporation",159.56672668457
2019-04-11,"MSFT","Technology","Microsoft Corporation",112.565910339355
2019-04-11,"NVDA","Technology","NVIDIA Corporation",4.74776315689087
2019-04-11,"WFC","Financials","Wells Fargo & Company",39.2621574401855
2019-04-11,"XOM","Energy","Exxon Mobil Corporation",59.0502433776855
2019-04-12,"AAPL","Technology","Apple Inc.",47.3876571655273
2019-04-12,"AMZN","Consumer","Amazon.com, Inc.",92.1529998779297
2019-04-12,"BAC","Financials","Bank of America Corporation",25.3147563934326
2019-04-12,"COP","Energy","ConocoPhillips",52.3556060791016
2019-04-12,"CVX","Energy","Chevron Corporation",87.2861938476562
2019-04-12,"HD","Consumer","The Home Depot, Inc.",170.490982055664
2019-04-12,"JPM","Financials","JPMorgan Chase & Co.",91.5439071655273
2019-04-12,"MCD","Consumer","McDonald's Corporation",161.864639282227
2019-04-12,"MSFT","Technology","Microsoft Corporation",113.145904541016
2019-04-12,"NVDA","Technology","NVIDIA Corporation",4.7098388671875
2019-04-12,"WFC","Financials","Wells Fargo & Company",38.2341537475586
2019-04-12,"XOM","Energy","Exxon Mobil Corporation",58.3080711364746
2019-04-15,"AAPL","Technology","Apple Inc.",47.4734382629395
2019-04-15,"AMZN","Consumer","Amazon.com, Inc.",92.2434997558594
2019-04-15,"BAC","Financials","Bank of America Corporation",25.0378608703613
2019-04-15,"COP","Energy","ConocoPhillips",51.5551414489746
2019-04-15,"CVX","Energy","Chevron Corporation",87.5631408691406
2019-04-15,"HD","Consumer","The Home Depot, Inc.",171.335739135742
2019-04-15,"JPM","Financials","JPMorgan Chase & Co.",90.4985198974609
2019-04-15,"MCD","Consumer","McDonald's Corporation",162.075820922852
2019-04-15,"MSFT","Technology","Microsoft Corporation",113.239440917969
2019-04-15,"NVDA","Technology","NVIDIA Corporation",4.57821750640869
2019-04-15,"WFC","Financials","Wells Fargo & Company",38.464427947998
2019-04-15,"XOM","Energy","Exxon Mobil Corporation",58.1135101318359
2019-04-16,"AAPL","Technology","Apple Inc.",47.4782066345215
2019-04-16,"AMZN","Consumer","Amazon.com, Inc.",93.1520004272461
2019-04-16,"BAC","Financials","Bank of America Corporation",25.0714244842529
2019-04-16,"COP","Energy","ConocoPhillips",51.1665802001953
2019-04-16,"CVX","Energy","Chevron Corporation",88.3138656616211
2019-04-16,"HD","Consumer","The Home Depot, Inc.",171.009552001953
2019-04-16,"JPM","Financials","JPMorgan Chase & Co.",91.453369140625
2019-04-16,"MCD","Consumer","McDonald's Corporation",161.949081420898
2019-04-16,"MSFT","Technology","Microsoft Corporation",112.977523803711
2019-04-16,"NVDA","Technology","NVIDIA Corporation",4.66522121429443
2019-04-16,"WFC","Financials","Wells Fargo & Company",39.1881484985352
2019-04-16,"XOM","Energy","Exxon Mobil Corporation",58.509822845459
2019-04-17,"AAPL","Technology","Apple Inc.",48.402759552002
2019-04-17,"AMZN","Consumer","Amazon.com, Inc.",93.2409973144531
2019-04-17,"BAC","Financials","Bank of America Corporation",25.197286605835
2019-04-17,"COP","Energy","ConocoPhillips",51.119945526123
2019-04-17,"CVX","Energy","Chevron Corporation",87.6578903198242
2019-04-17,"HD","Consumer","The Home Depot, Inc.",172.74919128418
2019-04-17,"JPM","Financials","JPMorgan Chase & Co.",94.0875244140625
2019-04-17,"MCD","Consumer","McDonald's Corporation",161.873046875
2019-04-17,"MSFT","Technology","Microsoft Corporation",113.912994384766
2019-04-17,"NVDA","Technology","NVIDIA Corporation",4.642418384552
2019-04-17,"WFC","Financials","Wells Fargo & Company",39.1059112548828
2019-04-17,"XOM","Energy","Exxon Mobil Corporation",58.6755599975586
2019-04-18,"AAPL","Technology","Apple Inc.",48.5767021179199
2019-04-18,"AMZN","Consumer","Amazon.com, Inc.",93.0845031738281
2019-04-18,"BAC","Financials","Bank of America Corporation",25.197286605835
2019-04-18,"COP","Energy","ConocoPhillips",51.2132110595703
2019-04-18,"CVX","Energy","Chevron Corporation",87.3590927124023
2019-04-18,"HD","Consumer","The Home Depot, Inc.",172.004791259766
2019-04-18,"JPM","Financials","JPMorgan Chase & Co.",93.3960571289062
2019-04-18,"MCD","Consumer","McDonald's Corporation",164.660888671875
2019-04-18,"MSFT","Technology","Microsoft Corporation",115.409774780273
2019-04-18,"NVDA","Technology","NVIDIA Corporation",4.61787700653076
2019-04-18,"WFC","Financials","Wells Fargo & Company",39.1305847167969
2019-04-18,"XOM","Energy","Exxon Mobil Corporation",58.4593925476074
2019-04-22,"AAPL","Technology","Apple Inc.",48.7363433837891
2019-04-22,"AMZN","Consumer","Amazon.com, Inc.",94.3655014038086
2019-04-22,"BAC","Financials","Bank of America Corporation",25.2140674591064
2019-04-22,"COP","Energy","ConocoPhillips",52.0369758605957
2019-04-22,"CVX","Energy","Chevron Corporation",88.8459167480469
2019-04-22,"HD","Consumer","The Home Depot, Inc.",171.268829345703
2019-04-22,"JPM","Financials","JPMorgan Chase & Co.",93.5112991333008
2019-04-22,"MCD","Consumer","McDonald's Corporation",163.824554443359
2019-04-22,"MSFT","Technology","Microsoft Corporation",115.774604797363
2019-04-22,"NVDA","Technology","NVIDIA Corporation",4.67166519165039
2019-04-22,"WFC","Financials","Wells Fargo & Company",38.8673973083496
2019-04-22,"XOM","Energy","Exxon Mobil Corporation",59.7347946166992
2019-04-23,"AAPL","Technology","Apple Inc.",49.4392967224121
2019-04-23,"AMZN","Consumer","Amazon.com, Inc.",96.1884994506836
2019-04-23,"BAC","Financials","Bank of America Corporation",25.2308502197266
2019-04-23,"COP","Energy","ConocoPhillips",51.6406326293945
2019-04-23,"CVX","Energy","Chevron Corporation",88.9333572387695
2019-04-23,"HD","Consumer","The Home Depot, Inc.",172.330993652344
2019-04-23,"JPM","Financials","JPMorgan Chase & Co.",93.6265182495117
2019-04-23,"MCD","Consumer","McDonald's Corporation",164.956604003906
2019-04-23,"MSFT","Technology","Microsoft Corporation",117.34619140625
2019-04-23,"NVDA","Technology","NVIDIA Corporation",4.72619819641113
2019-04-23,"WFC","Financials","Wells Fargo & Company",38.9414329528809
2019-04-23,"XOM","Energy","Exxon Mobil Corporation",60.0806579589844
2019-04-24,"AAPL","Technology","Apple Inc.",49.3630294799805
2019-04-24,"AMZN","Consumer","Amazon.com, Inc.",95.0875015258789
2019-04-24,"BAC","Financials","Bank of America Corporation",25.1888999938965
2019-04-24,"COP","Energy","ConocoPhillips",50.2806434631348
2019-04-24,"CVX","Energy","Chevron Corporation",86.20751953125
2019-04-24,"HD","Consumer","The Home Depot, Inc.",172.891342163086
2019-04-24,"JPM","Financials","JPMorgan Chase & Co.",93.4701156616211
2019-04-24,"MCD","Consumer","McDonald's Corporation",166.958801269531
2019-04-24,"MSFT","Technology","Microsoft Corporation",116.94393157959
2019-04-24,"NVDA","Technology","NVIDIA Corporation",4.73859119415283
2019-04-24,"WFC","Financials","Wells Fargo & Company",39.04833984375
2019-04-24,"XOM","Energy","Exxon Mobil Corporation",58.9133148193359
2019-04-25,"AAPL","Technology","Apple Inc.",48.9150619506836
2019-04-25,"AMZN","Consumer","Amazon.com, Inc.",95.1125030517578
2019-04-25,"BAC","Financials","Bank of America Corporation",25.2392406463623
2019-04-25,"COP","Energy","ConocoPhillips",49.7133407592773
2019-04-25,"CVX","Energy","Chevron Corporation",85.9305648803711
2019-04-25,"HD","Consumer","The Home Depot, Inc.",172.707321166992
2019-04-25,"JPM","Financials","JPMorgan Chase & Co.",93.5195007324219
2019-04-25,"MCD","Consumer","McDonald's Corporation",167.212188720703
2019-04-25,"MSFT","Technology","Microsoft Corporation",120.816818237305
2019-04-25,"NVDA","Technology","NVIDIA Corporation",4.63299655914307
2019-04-25,"WFC","Financials","Wells Fargo & Company",39.0730171203613
2019-04-25,"XOM","Energy","Exxon Mobil Corporation",59.2447891235352
2019-04-26,"AAPL","Technology","Apple Inc.",48.6815490722656
2019-04-26,"AMZN","Consumer","Amazon.com, Inc.",97.5315017700195
2019-04-26,"BAC","Financials","Bank of America Corporation",25.4657878875732
2019-04-26,"COP","Energy","ConocoPhillips",48.7885551452637
2019-04-26,"CVX","Energy","Chevron Corporation",85.3474807739258
2019-04-26,"HD","Consumer","The Home Depot, Inc.",170.290298461914
2019-04-26,"JPM","Financials","JPMorgan Chase & Co.",94.2274398803711
2019-04-26,"MCD","Consumer","McDonald's Corporation",166.781402587891
2019-04-26,"MSFT","Technology","Microsoft Corporation",121.509078979492
2019-04-26,"NVDA","Technology","NVIDIA Corporation",4.41437387466431
2019-04-26,"WFC","Financials","Wells Fargo & Company",39.4430961608887
2019-04-26,"XOM","Energy","Exxon Mobil Corporation",57.9982261657715
2019-04-29,"AAPL","Technology","Apple Inc.",48.7554016113281
2019-04-29,"AMZN","Consumer","Amazon.com, Inc.",96.921501159668
2019-04-29,"BAC","Financials","Bank of America Corporation",25.8182029724121
2019-04-29,"COP","Energy","ConocoPhillips",48.6875114440918
2019-04-29,"CVX","Energy","Chevron Corporation",85.7993392944336
2019-04-29,"HD","Consumer","The Home Depot, Inc.",169.077545166016
2019-04-29,"JPM","Financials","JPMorgan Chase & Co.",95.5856475830078
2019-04-29,"MCD","Consumer","McDonald's Corporation",166.527984619141
2019-04-29,"MSFT","Technology","Microsoft Corporation",121.396820068359
2019-04-29,"NVDA","Technology","NVIDIA Corporation",4.44511032104492
2019-04-29,"WFC","Financials","Wells Fargo & Company",39.6980438232422
2019-04-29,"XOM","Energy","Exxon Mobil Corporation",57.6235237121582
2019-04-30,"AAPL","Technology","Apple Inc.",47.8165740966797
2019-04-30,"AMZN","Consumer","Amazon.com, Inc.",96.3259963989258
2019-04-30,"BAC","Financials","Bank of America Corporation",25.6587753295898
2019-04-30,"COP","Energy","ConocoPhillips",49.0527648925781
2019-04-30,"CVX","Energy","Chevron Corporation",87.5048446655273
2019-04-30,"HD","Consumer","The Home Depot, Inc.",170.365524291992
2019-04-30,"JPM","Financials","JPMorgan Chase & Co.",95.5280380249023
2019-04-30,"MCD","Consumer","McDonald's Corporation",166.908096313477
2019-04-30,"MSFT","Technology","Microsoft Corporation",122.173301696777
2019-04-30,"NVDA","Technology","NVIDIA Corporation",4.48650503158569
2019-04-30,"WFC","Financials","Wells Fargo & Company",39.8131904602051
2019-04-30,"XOM","Energy","Exxon Mobil Corporation",57.8469123840332
2019-05-01,"AAPL","Technology","Apple Inc.",50.1636695861816
2019-05-01,"AMZN","Consumer","Amazon.com, Inc.",95.5759963989258
2019-05-01,"BAC","Financials","Bank of America Corporation",25.3902759552002
2019-05-01,"COP","Energy","ConocoPhillips",48.7030563354492
2019-05-01,"CVX","Energy","Chevron Corporation",85.8649520874023
2019-05-01,"HD","Consumer","The Home Depot, Inc.",166.26741027832
2019-05-01,"JPM","Financials","JPMorgan Chase & Co.",94.79541015625
2019-05-01,"MCD","Consumer","McDonald's Corporation",164.035766601562
2019-05-01,"MSFT","Technology","Microsoft Corporation",119.628753662109
2019-05-01,"NVDA","Technology","NVIDIA Corporation",4.47336769104004
2019-05-01,"WFC","Financials","Wells Fargo & Company",39.6651573181152
2019-05-01,"XOM","Energy","Exxon Mobil Corporation",56.6867942810059
2019-05-02,"AAPL","Technology","Apple Inc.",49.8372230529785
2019-05-02,"AMZN","Consumer","Amazon.com, Inc.",95.0410003662109
2019-05-02,"BAC","Financials","Bank of America Corporation",25.5916481018066
2019-05-02,"COP","Energy","ConocoPhillips",47.6306114196777
2019-05-02,"CVX","Energy","Chevron Corporation",84.8227081298828
2019-05-02,"HD","Consumer","The Home Depot, Inc.",168.11572265625
2019-05-02,"JPM","Financials","JPMorgan Chase & Co.",95.001220703125
2019-05-02,"MCD","Consumer","McDonald's Corporation",164.407455444336
2019-05-02,"MSFT","Technology","Microsoft Corporation",118.066513061523
2019-05-02,"NVDA","Technology","NVIDIA Corporation",4.5407886505127
2019-05-02,"WFC","Financials","Wells Fargo & Company",39.7227210998535
2019-05-02,"XOM","Energy","Exxon Mobil Corporation",55.6924171447754
2019-05-03,"AAPL","Technology","Apple Inc.",50.4567642211914
2019-05-03,"AMZN","Consumer","Amazon.com, Inc.",98.1230010986328
2019-05-03,"BAC","Financials","Bank of America Corporation",25.7678546905518
2019-05-03,"COP","Energy","ConocoPhillips",48.1901550292969
2019-05-03,"CVX","Energy","Chevron Corporation",85.4713745117188
2019-05-03,"HD","Consumer","The Home Depot, Inc.",167.739379882812
2019-05-03,"JPM","Financials","JPMorgan Chase & Co.",95.5856475830078
2019-05-03,"MCD","Consumer","McDonald's Corporation",166.865859985352
2019-05-03,"MSFT","Technology","Microsoft Corporation",120.582954406738
2019-05-03,"NVDA","Technology","NVIDIA Corporation",4.53632640838623
2019-05-03,"WFC","Financials","Wells Fargo & Company",40.0105667114258
2019-05-03,"XOM","Energy","Exxon Mobil Corporation",55.8221206665039
2019-05-06,"AAPL","Technology","Apple Inc.",49.6775703430176
2019-05-06,"AMZN","Consumer","Amazon.com, Inc.",97.5274963378906
2019-05-06,"BAC","Financials","Bank of America Corporation",25.5664844512939
2019-05-06,"COP","Energy","ConocoPhillips",48.0891227722168
2019-05-06,"CVX","Energy","Chevron Corporation",86.2949600219727
2019-05-06,"HD","Consumer","The Home Depot, Inc.",166.961578369141
2019-05-06,"JPM","Financials","JPMorgan Chase & Co.",94.73779296875
2019-05-06,"MCD","Consumer","McDonald's Corporation",168.031692504883
2019-05-06,"MSFT","Technology","Microsoft Corporation",119.881332397461
2019-05-06,"NVDA","Technology","NVIDIA Corporation",4.45799970626831
2019-05-06,"WFC","Financials","Wells Fargo & Company",39.8296432495117
2019-05-06,"XOM","Energy","Exxon Mobil Corporation",55.5771141052246
2019-05-07,"AAPL","Technology","Apple Inc.",48.3384208679199
2019-05-07,"AMZN","Consumer","Amazon.com, Inc.",96.0500030517578
2019-05-07,"BAC","Financials","Bank of America Corporation",25.1049938201904
2019-05-07,"COP","Energy","ConocoPhillips",47.4052467346191
2019-05-07,"CVX","Energy","Chevron Corporation",86.2002029418945
2019-05-07,"HD","Consumer","The Home Depot, Inc.",162.896911621094
2019-05-07,"JPM","Financials","JPMorgan Chase & Co.",93.1902465820312
2019-05-07,"MCD","Consumer","McDonald's Corporation",167.305114746094
2019-05-07,"MSFT","Technology","Microsoft Corporation",117.421043395996
2019-05-07,"NVDA","Technology","NVIDIA Corporation",4.29093265533447
2019-05-07,"WFC","Financials","Wells Fargo & Company",38.793384552002
2019-05-07,"XOM","Energy","Exxon Mobil Corporation",55.2816925048828
2019-05-08,"AAPL","Technology","Apple Inc.",48.3479423522949
2019-05-08,"AMZN","Consumer","Amazon.com, Inc.",95.8884963989258
2019-05-08,"BAC","Financials","Bank of America Corporation",25.0042991638184
2019-05-08,"COP","Energy","ConocoPhillips",47.7394218444824
2019-05-08,"CVX","Energy","Chevron Corporation",85.6389999389648
2019-05-08,"HD","Consumer","The Home Depot, Inc.",163.231430053711
2019-05-08,"JPM","Financials","JPMorgan Chase & Co.",92.6963424682617
2019-05-08,"MCD","Consumer","McDonald's Corporation",167.29670715332
2019-05-08,"MSFT","Technology","Microsoft Corporation",117.411689758301
2019-05-08,"NVDA","Technology","NVIDIA Corporation",4.31100988388062
2019-05-08,"WFC","Financials","Wells Fargo & Company",38.6535682678223
2019-05-08,"XOM","Energy","Exxon Mobil Corporation",55.3681640625
2019-05-09,"AAPL","Technology","Apple Inc.",47.828483581543
2019-05-09,"AMZN","Consumer","Amazon.com, Inc.",94.9934997558594
2019-05-09,"BAC","Financials","Bank of America Corporation",24.9287910461426
2019-05-09,"COP","Energy","ConocoPhillips",47.8249015808105
2019-05-09,"CVX","Energy","Chevron Corporation",88.3284378051758
2019-05-09,"HD","Consumer","The Home Depot, Inc.",162.73796081543
2019-05-09,"JPM","Financials","JPMorgan Chase & Co.",92.6222610473633
2019-05-09,"MCD","Consumer","McDonald's Corporation",167.043243408203
2019-05-09,"MSFT","Technology","Microsoft Corporation",117.402313232422
2019-05-09,"NVDA","Technology","NVIDIA Corporation",4.21855401992798
2019-05-09,"WFC","Financials","Wells Fargo & Company",38.8113555908203
2019-05-09,"XOM","Energy","Exxon Mobil Corporation",55.3177070617676
2019-05-10,"AAPL","Technology","Apple Inc.",47.1658897399902
2019-05-10,"AMZN","Consumer","Amazon.com, Inc.",94.4990005493164
2019-05-10,"BAC","Financials","Bank of America Corporation",24.8197059631348
2019-05-10,"COP","Energy","ConocoPhillips",48.3598823547363
2019-05-10,"CVX","Energy","Chevron Corporation",88.911506652832
2019-05-10,"HD","Consumer","The Home Depot, Inc.",162.73796081543
2019-05-10,"JPM","Financials","JPMorgan Chase & Co.",92.6140289306641
2019-05-10,"MCD","Consumer","McDonald's Corporation",168.952575683594
2019-05-10,"MSFT","Technology","Microsoft Corporation",118.927139282227
2019-05-10,"NVDA","Technology","NVIDIA Corporation",4.18459415435791
2019-05-10,"WFC","Financials","Wells Fargo & Company",39.1518020629883
2019-05-10,"XOM","Energy","Exxon Mobil Corporation",55.7987403869629
2019-05-13,"AAPL","Technology","Apple Inc.",44.4246444702148
2019-05-13,"AMZN","Consumer","Amazon.com, Inc.",91.1340026855469
2019-05-13,"BAC","Financials","Bank of America Corporation",23.7037410736084
2019-05-13,"COP","Energy","ConocoPhillips",47.7897453308105
2019-05-13,"CVX","Energy","Chevron Corporation",87.7817993164062
2019-05-13,"HD","Consumer","The Home Depot, Inc.",159.191818237305
2019-05-13,"JPM","Financials","JPMorgan Chase & Co.",90.0951614379883
2019-05-13,"MCD","Consumer","McDonald's Corporation",168.141479492188
2019-05-13,"MSFT","Technology","Microsoft Corporation",115.391067504883
2019-05-13,"NVDA","Technology","NVIDIA Corporation",3.92755055427551
2019-05-13,"WFC","Financials","Wells Fargo & Company",38.4709014892578
2019-05-13,"XOM","Energy","Exxon Mobil Corporation",55.1792335510254
2019-05-14,"AAPL","Technology","Apple Inc.",45.1278915405273
2019-05-14,"AMZN","Consumer","Amazon.com, Inc.",92.0059967041016
2019-05-14,"BAC","Financials","Bank of America Corporation",24.0141983032227
2019-05-14,"COP","Energy","ConocoPhillips",48.6722793579102
2019-05-14,"CVX","Energy","Chevron Corporation",88.6563873291016
2019-05-14,"HD","Consumer","The Home Depot, Inc.",160.26237487793
2019-05-14,"JPM","Financials","JPMorgan Chase & Co.",90.8113021850586
2019-05-14,"MCD","Consumer","McDonald's Corporation",167.279815673828
2019-05-14,"MSFT","Technology","Microsoft Corporation",116.682037353516
2019-05-14,"NVDA","Technology","NVIDIA Corporation",4.01653575897217
2019-05-14,"WFC","Financials","Wells Fargo & Company",38.603759765625
2019-05-14,"XOM","Energy","Exxon Mobil Corporation",55.2521324157715
2019-05-15,"AAPL","Technology","Apple Inc.",45.6684951782227
2019-05-15,"AMZN","Consumer","Amazon.com, Inc.",93.557502746582
2019-05-15,"BAC","Financials","Bank of America Corporation",23.7373027801514
2019-05-15,"COP","Energy","ConocoPhillips",48.4536209106445
2019-05-15,"CVX","Energy","Chevron Corporation",89.0208435058594
2019-05-15,"HD","Consumer","The Home Depot, Inc.",160.379409790039
2019-05-15,"JPM","Financials","JPMorgan Chase & Co.",90.465576171875
2019-05-15,"MCD","Consumer","McDonald's Corporation",168.175323486328
2019-05-15,"MSFT","Technology","Microsoft Corporation",118.325149536133
2019-05-15,"NVDA","Technology","NVIDIA Corporation",3.95556020736694
2019-05-15,"WFC","Financials","Wells Fargo & Company",38.064022064209
2019-05-15,"XOM","Energy","Exxon Mobil Corporation",55.6602630615234
2019-05-16,"AAPL","Technology","Apple Inc.",45.4675559997559
2019-05-16,"AMZN","Consumer","Amazon.com, Inc.",95.3785018920898
2019-05-16,"BAC","Financials","Bank of America Corporation",23.9890251159668
2019-05-16,"COP","Energy","ConocoPhillips",48.8675422668457
2019-05-16,"CVX","Energy","Chevron Corporation",88.9104461669922
2019-05-16,"HD","Consumer","The Home Depot, Inc.",160.898010253906
2019-05-16,"JPM","Financials","JPMorgan Chase & Co.",91.6262359619141
2019-05-16,"MCD","Consumer","McDonald's Corporation",168.952575683594
2019-05-16,"MSFT","Technology","Microsoft Corporation",121.057456970215
2019-05-16,"NVDA","Technology","NVIDIA Corporation",3.97067975997925
2019-05-16,"WFC","Financials","Wells Fargo & Company",38.1138496398926
2019-05-16,"XOM","Energy","Exxon Mobil Corporation",55.6529884338379
2019-05-17,"AAPL","Technology","Apple Inc.",45.2092208862305
2019-05-17,"AMZN","Consumer","Amazon.com, Inc.",93.4499969482422
2019-05-17,"BAC","Financials","Bank of America Corporation",23.8296012878418
2019-05-17,"COP","Energy","ConocoPhillips",48.5004768371582
2019-05-17,"CVX","Energy","Chevron Corporation",88.7043380737305
2019-05-17,"HD","Consumer","The Home Depot, Inc.",161.065277099609
2019-05-17,"JPM","Financials","JPMorgan Chase & Co.",91.1817321777344
2019-05-17,"MCD","Consumer","McDonald's Corporation",168.302032470703
2019-05-17,"MSFT","Technology","Microsoft Corporation",120.249992370605
2019-05-17,"NVDA","Technology","NVIDIA Corporation",3.87995886802673
2019-05-17,"WFC","Financials","Wells Fargo & Company",37.9477729797363
2019-05-17,"XOM","Energy","Exxon Mobil Corporation",55.325008392334
2019-05-20,"AAPL","Technology","Apple Inc.",43.795539855957
2019-05-20,"AMZN","Consumer","Amazon.com, Inc.",92.9485015869141
2019-05-20,"BAC","Financials","Bank of America Corporation",23.8296012878418
2019-05-20,"COP","Energy","ConocoPhillips",48.7738227844238
2019-05-20,"CVX","Energy","Chevron Corporation",88.9398651123047
2019-05-20,"HD","Consumer","The Home Depot, Inc.",159.702041625977
2019-05-20,"JPM","Financials","JPMorgan Chase & Co.",91.6591491699219
2019-05-20,"MCD","Consumer","McDonald's Corporation",168.10774230957
2019-05-20,"MSFT","Technology","Microsoft Corporation",118.512954711914
2019-05-20,"NVDA","Technology","NVIDIA Corporation",3.76147556304932
2019-05-20,"WFC","Financials","Wells Fargo & Company",37.740177154541
2019-05-20,"XOM","Energy","Exxon Mobil Corporation",55.3177070617676
2019-05-21,"AAPL","Technology","Apple Inc.",44.635139465332
2019-05-21,"AMZN","Consumer","Amazon.com, Inc.",92.8759994506836
2019-05-21,"BAC","Financials","Bank of America Corporation",24.0729331970215
2019-05-21,"COP","Energy","ConocoPhillips",49.6876068115234
2019-05-21,"CVX","Energy","Chevron Corporation",89.3078765869141
2019-05-21,"HD","Consumer","The Home Depot, Inc.",160.120208740234
2019-05-21,"JPM","Financials","JPMorgan Chase & Co.",91.9719848632812
2019-05-21,"MCD","Consumer","McDonald's Corporation",168.825836181641
2019-05-21,"MSFT","Technology","Microsoft Corporation",119.151405334473
2019-05-21,"NVDA","Technology","NVIDIA Corporation",3.84352135658264
2019-05-21,"WFC","Financials","Wells Fargo & Company",38.4709014892578
2019-05-21,"XOM","Energy","Exxon Mobil Corporation",55.5728187561035
2019-05-22,"AAPL","Technology","Apple Inc.",43.7213897705078
2019-05-22,"AMZN","Consumer","Amazon.com, Inc.",92.984001159668
2019-05-22,"BAC","Financials","Bank of America Corporation",23.9051189422607
2019-05-22,"COP","Energy","ConocoPhillips",49.2424240112305
2019-05-22,"CVX","Energy","Chevron Corporation",88.7411346435547
2019-05-22,"HD","Consumer","The Home Depot, Inc.",157.995880126953
2019-05-22,"JPM","Financials","JPMorgan Chase & Co.",91.2228775024414
2019-05-22,"MCD","Consumer","McDonald's Corporation",168.927169799805
2019-05-22,"MSFT","Technology","Microsoft Corporation",119.874412536621
2019-05-22,"NVDA","Technology","NVIDIA Corporation",3.77263069152832
2019-05-22,"WFC","Financials","Wells Fargo & Company",38.2799186706543
2019-05-22,"XOM","Energy","Exxon Mobil Corporation",55.0699081420898
2019-05-23,"AAPL","Technology","Apple Inc.",42.9750785827637
2019-05-23,"AMZN","Consumer","Amazon.com, Inc.",90.7740020751953
2019-05-23,"BAC","Financials","Bank of America Corporation",23.292594909668
2019-05-23,"COP","Energy","ConocoPhillips",46.4698600769043
2019-05-23,"CVX","Energy","Chevron Corporation",86.7539138793945
2019-05-23,"HD","Consumer","The Home Depot, Inc.",160.580230712891
2019-05-23,"JPM","Financials","JPMorgan Chase & Co.",89.4284133911133
2019-05-23,"MCD","Consumer","McDonald's Corporation",168.090850830078
2019-05-23,"MSFT","Technology","Microsoft Corporation",118.475387573242
2019-05-23,"NVDA","Technology","NVIDIA Corporation",3.65166783332825
2019-05-23,"WFC","Financials","Wells Fargo & Company",37.8315124511719
2019-05-23,"XOM","Energy","Exxon Mobil Corporation",53.7799110412598
2019-05-24,"AAPL","Technology","Apple Inc.",42.8100166320801
2019-05-24,"AMZN","Consumer","Amazon.com, Inc.",91.1640014648438
2019-05-24,"BAC","Financials","Bank of America Corporation",23.6450080871582
2019-05-24,"COP","Energy","ConocoPhillips",46.7666320800781
2019-05-24,"CVX","Energy","Chevron Corporation",87.3721466064453
2019-05-24,"HD","Consumer","The Home Depot, Inc.",161.910003662109
2019-05-24,"JPM","Financials","JPMorgan Chase & Co.",90.3091812133789
2019-05-24,"MCD","Consumer","McDonald's Corporation",167.077056884766
2019-05-24,"MSFT","Technology","Microsoft Corporation",118.531715393066
2019-05-24,"NVDA","Technology","NVIDIA Corporation",3.59787964820862
2019-05-24,"WFC","Financials","Wells Fargo & Company",38.3380432128906
2019-05-24,"XOM","Energy","Exxon Mobil Corporation",54.0058288574219
2019-05-28,"AAPL","Technology","Apple Inc.",42.6330070495605
2019-05-28,"AMZN","Consumer","Amazon.com, Inc.",91.8215026855469
2019-05-28,"BAC","Financials","Bank of America Corporation",23.4100723266602
2019-05-28,"COP","Energy","ConocoPhillips",46.8994255065918
2019-05-28,"CVX","Energy","Chevron Corporation",87.077766418457
2019-05-28,"HD","Consumer","The Home Depot, Inc.",160.203811645508
2019-05-28,"JPM","Financials","JPMorgan Chase & Co.",89.3295974731445
2019-05-28,"MCD","Consumer","McDonald's Corporation",166.147796630859
2019-05-28,"MSFT","Technology","Microsoft Corporation",118.45662689209
2019-05-28,"NVDA","Technology","NVIDIA Corporation",3.5527663230896
2019-05-28,"WFC","Financials","Wells Fargo & Company",37.8564262390137
2019-05-28,"XOM","Energy","Exxon Mobil Corporation",52.9198875427246
2019-05-29,"AAPL","Technology","Apple Inc.",42.4297027587891
2019-05-29,"AMZN","Consumer","Amazon.com, Inc.",90.9595031738281
2019-05-29,"BAC","Financials","Bank of America Corporation",23.2842102050781
2019-05-29,"COP","Energy","ConocoPhillips",46.9696998596191
2019-05-29,"CVX","Energy","Chevron Corporation",85.9443054199219
2019-05-29,"HD","Consumer","The Home Depot, Inc.",158.899108886719
2019-05-29,"JPM","Financials","JPMorgan Chase & Co.",89.0826644897461
2019-05-29,"MCD","Consumer","McDonald's Corporation",165.598648071289
2019-05-29,"MSFT","Technology","Microsoft Corporation",117.311111450195
2019-05-29,"NVDA","Technology","NVIDIA Corporation",3.47865223884583
2019-05-29,"WFC","Financials","Wells Fargo & Company",37.7650909423828
2019-05-29,"XOM","Energy","Exxon Mobil Corporation",52.5919227600098
2019-05-30,"AAPL","Technology","Apple Inc.",42.6497459411621
2019-05-30,"AMZN","Consumer","Amazon.com, Inc.",90.8160018920898
2019-05-30,"BAC","Financials","Bank of America Corporation",22.7891540527344
2019-05-30,"COP","Energy","ConocoPhillips",46.0402984619141
2019-05-30,"CVX","Energy","Chevron Corporation",84.9212341308594
2019-05-30,"HD","Consumer","The Home Depot, Inc.",159.810745239258
2019-05-30,"JPM","Financials","JPMorgan Chase & Co.",88.1277923583984
2019-05-30,"MCD","Consumer","McDonald's Corporation",168.318923950195
2019-05-30,"MSFT","Technology","Microsoft Corporation",118.052886962891
2019-05-30,"NVDA","Technology","NVIDIA Corporation",3.45209956169128
2019-05-30,"WFC","Financials","Wells Fargo & Company",37.408031463623
2019-05-30,"XOM","Energy","Exxon Mobil Corporation",52.453441619873
2019-05-31,"AAPL","Technology","Apple Inc.",41.8771438598633
2019-05-31,"AMZN","Consumer","Amazon.com, Inc.",88.7535018920898
2019-05-31,"BAC","Financials","Bank of America Corporation",22.319278717041
2019-05-31,"COP","Energy","ConocoPhillips",46.0481262207031
2019-05-31,"CVX","Energy","Chevron Corporation",83.7951278686523
2019-05-31,"HD","Consumer","The Home Depot, Inc.",158.782012939453
2019-05-31,"JPM","Financials","JPMorgan Chase & Co.",87.2223129272461
2019-05-31,"MCD","Consumer","McDonald's Corporation",168.480407714844
2019-05-31,"MSFT","Technology","Microsoft Corporation",116.128044128418
2019-05-31,"NVDA","Technology","NVIDIA Corporation",3.36152219772339
2019-05-31,"WFC","Financials","Wells Fargo & Company",36.8433876037598
2019-05-31,"XOM","Energy","Exxon Mobil Corporation",51.5788497924805
2019-06-03,"AAPL","Technology","Apple Inc.",41.453742980957
2019-06-03,"AMZN","Consumer","Amazon.com, Inc.",84.6344985961914
2019-06-03,"BAC","Financials","Bank of America Corporation",22.3863983154297
2019-06-03,"COP","Energy","ConocoPhillips",46.4073791503906
2019-06-03,"CVX","Energy","Chevron Corporation",85.3702011108398
2019-06-03,"HD","Consumer","The Home Depot, Inc.",158.547821044922
2019-06-03,"JPM","Financials","JPMorgan Chase & Co.",87.633903503418
2019-06-03,"MCD","Consumer","McDonald's Corporation",168.913726806641
2019-06-03,"MSFT","Technology","Microsoft Corporation",112.522514343262
2019-06-03,"NVDA","Technology","NVIDIA Corporation",3.31983280181885
2019-06-03,"WFC","Financials","Wells Fargo & Company",36.9679412841797
2019-06-03,"XOM","Energy","Exxon Mobil Corporation",52.3878402709961
2019-06-04,"AAPL","Technology","Apple Inc.",42.9702835083008
2019-06-04,"AMZN","Consumer","Amazon.com, Inc.",86.4779968261719
2019-06-04,"BAC","Financials","Bank of America Corporation",23.4268493652344
2019-06-04,"COP","Energy","ConocoPhillips",46.1574516296387
2019-06-04,"CVX","Energy","Chevron Corporation",86.3343811035156
2019-06-04,"HD","Consumer","The Home Depot, Inc.",163.298370361328
2019-06-04,"JPM","Financials","JPMorgan Chase & Co.",90.333854675293
2019-06-04,"MCD","Consumer","McDonald's Corporation",169.636047363281
2019-06-04,"MSFT","Technology","Microsoft Corporation",115.639801025391
2019-06-04,"NVDA","Technology","NVIDIA Corporation",3.5486319065094
2019-06-04,"WFC","Financials","Wells Fargo & Company",37.9311485290527
2019-06-04,"XOM","Energy","Exxon Mobil Corporation",53.6341323852539
2019-06-05,"AAPL","Technology","Apple Inc.",43.6639747619629
2019-06-05,"AMZN","Consumer","Amazon.com, Inc.",86.9250030517578
2019-06-05,"BAC","Financials","Bank of America Corporation",23.4184589385986
2019-06-05,"COP","Energy","ConocoPhillips",44.5798149108887
2019-06-05,"CVX","Energy","Chevron Corporation",86.5920028686523
2019-06-05,"HD","Consumer","The Home Depot, Inc.",165.65657043457
2019-06-05,"JPM","Financials","JPMorgan Chase & Co.",90.6549072265625
2019-06-05,"MCD","Consumer","McDonald's Corporation",170.060913085938
2019-06-05,"MSFT","Technology","Microsoft Corporation",118.146766662598
2019-06-05,"NVDA","Technology","NVIDIA Corporation",3.50594925880432
2019-06-05,"WFC","Financials","Wells Fargo & Company",38.0806312561035
2019-06-05,"XOM","Energy","Exxon Mobil Corporation",53.1895599365234
2019-06-06,"AAPL","Technology","Apple Inc.",44.3050308227539
2019-06-06,"AMZN","Consumer","Amazon.com, Inc.",87.7180023193359
2019-06-06,"BAC","Financials","Bank of America Corporation",23.5196933746338
2019-06-06,"COP","Energy","ConocoPhillips",45.4545478820801
2019-06-06,"CVX","Energy","Chevron Corporation",88.8220977783203
2019-06-06,"HD","Consumer","The Home Depot, Inc.",166.060821533203
2019-06-06,"JPM","Financials","JPMorgan Chase & Co.",90.8524551391602
2019-06-06,"MCD","Consumer","McDonald's Corporation",172.542190551758
2019-06-06,"MSFT","Technology","Microsoft Corporation",120.015258789062
2019-06-06,"NVDA","Technology","NVIDIA Corporation",3.56798815727234
2019-06-06,"WFC","Financials","Wells Fargo & Company",38.1304473876953
2019-06-06,"XOM","Energy","Exxon Mobil Corporation",54.1588973999023
2019-06-07,"AAPL","Technology","Apple Inc.",45.4842987060547
2019-06-07,"AMZN","Consumer","Amazon.com, Inc.",90.2014999389648
2019-06-07,"BAC","Financials","Bank of America Corporation",23.2244319915771
2019-06-07,"COP","Energy","ConocoPhillips",46.0481262207031
2019-06-07,"CVX","Energy","Chevron Corporation",89.4109268188477
2019-06-07,"HD","Consumer","The Home Depot, Inc.",166.170349121094
2019-06-07,"JPM","Financials","JPMorgan Chase & Co.",89.8564453125
2019-06-07,"MCD","Consumer","McDonald's Corporation",174.60710144043
2019-06-07,"MSFT","Technology","Microsoft Corporation",123.376640319824
2019-06-07,"NVDA","Technology","NVIDIA Corporation",3.61067152023315
2019-06-07,"WFC","Financials","Wells Fargo & Company",37.8896522521973
2019-06-07,"XOM","Energy","Exxon Mobil Corporation",54.3556823730469
2019-06-10,"AAPL","Technology","Apple Inc.",46.0655708312988
2019-06-10,"AMZN","Consumer","Amazon.com, Inc.",93.0315017700195
2019-06-10,"BAC","Financials","Bank of America Corporation",23.6799793243408
2019-06-10,"COP","Energy","ConocoPhillips",46.2824211120605
2019-06-10,"CVX","Energy","Chevron Corporation",90.0071029663086
2019-06-10,"HD","Consumer","The Home Depot, Inc.",166.802017211914
2019-06-10,"JPM","Financials","JPMorgan Chase & Co.",90.8277587890625
2019-06-10,"MCD","Consumer","McDonald's Corporation",171.055130004883
2019-06-10,"MSFT","Technology","Microsoft Corporation",124.503425598145
2019-06-10,"NVDA","Technology","NVIDIA Corporation",3.68338131904602
2019-06-10,"WFC","Financials","Wells Fargo & Company",38.4210777282715
2019-06-10,"XOM","Energy","Exxon Mobil Corporation",54.5961875915527
2019-06-11,"AAPL","Technology","Apple Inc.",46.5989837646484
2019-06-11,"AMZN","Consumer","Amazon.com, Inc.",93.1849975585938
2019-06-11,"BAC","Financials","Bank of America Corporation",23.8233947753906
2019-06-11,"COP","Energy","ConocoPhillips",45.8684768676758
2019-06-11,"CVX","Energy","Chevron Corporation",89.1827621459961
2019-06-11,"HD","Consumer","The Home Depot, Inc.",166.768341064453
2019-06-11,"JPM","Financials","JPMorgan Chase & Co.",91.1076354980469
2019-06-11,"MCD","Consumer","McDonald's Corporation",172.720626831055
2019-06-11,"MSFT","Technology","Microsoft Corporation",124.03394317627
2019-06-11,"NVDA","Technology","NVIDIA Corporation",3.74095320701599
2019-06-11,"WFC","Financials","Wells Fargo & Company",38.412769317627
2019-06-11,"XOM","Energy","Exxon Mobil Corporation",54.5451583862305
2019-06-12,"AAPL","Technology","Apple Inc.",46.45068359375
2019-06-12,"AMZN","Consumer","Amazon.com, Inc.",92.765998840332
2019-06-12,"BAC","Financials","Bank of America Corporation",23.5787467956543
2019-06-12,"COP","Energy","ConocoPhillips",45.7279052734375
2019-06-12,"CVX","Energy","Chevron Corporation",88.4614639282227
2019-06-12,"HD","Consumer","The Home Depot, Inc.",167.551620483398
2019-06-12,"JPM","Financials","JPMorgan Chase & Co.",89.9469757080078
2019-06-12,"MCD","Consumer","McDonald's Corporation",174.139739990234
2019-06-12,"MSFT","Technology","Microsoft Corporation",123.461158752441
2019-06-12,"NVDA","Technology","NVIDIA Corporation",3.62804198265076
2019-06-12,"WFC","Financials","Wells Fargo & Company",37.2917785644531
2019-06-12,"XOM","Energy","Exxon Mobil Corporation",53.9548263549805
2019-06-13,"AAPL","Technology","Apple Inc.",46.4411163330078
2019-06-13,"AMZN","Consumer","Amazon.com, Inc.",93.5149993896484
2019-06-13,"BAC","Financials","Bank of America Corporation",23.5703105926514
2019-06-13,"COP","Energy","ConocoPhillips",46.1262092590332
2019-06-13,"CVX","Energy","Chevron Corporation",88.9914169311523
2019-06-13,"HD","Consumer","The Home Depot, Inc.",170.423553466797
2019-06-13,"JPM","Financials","JPMorgan Chase & Co.",90.1692428588867
2019-06-13,"MCD","Consumer","McDonald's Corporation",173.765853881836
2019-06-13,"MSFT","Technology","Microsoft Corporation",124.240493774414
2019-06-13,"NVDA","Technology","NVIDIA Corporation",3.67916226387024
2019-06-13,"WFC","Financials","Wells Fargo & Company",37.607307434082
2019-06-13,"XOM","Energy","Exxon Mobil Corporation",54.4285545349121
2019-06-14,"AAPL","Technology","Apple Inc.",46.1038360595703
2019-06-14,"AMZN","Consumer","Amazon.com, Inc.",93.4834976196289
2019-06-14,"BAC","Financials","Bank of America Corporation",23.6546764373779
2019-06-14,"COP","Energy","ConocoPhillips",45.9387626647949
2019-06-14,"CVX","Energy","Chevron Corporation",88.9178009033203
2019-06-14,"HD","Consumer","The Home Depot, Inc.",173.303970336914
2019-06-14,"JPM","Financials","JPMorgan Chase & Co.",90.3997497558594
2019-06-14,"MCD","Consumer","McDonald's Corporation",174.445617675781
2019-06-14,"MSFT","Technology","Microsoft Corporation",124.362533569336
2019-06-14,"NVDA","Technology","NVIDIA Corporation",3.58932948112488
2019-06-14,"WFC","Financials","Wells Fargo & Company",37.8564262390137
2019-06-14,"XOM","Energy","Exxon Mobil Corporation",54.1880302429199
2019-06-17,"AAPL","Technology","Apple Inc.",46.3789176940918
2019-06-17,"AMZN","Consumer","Amazon.com, Inc.",94.3014984130859
2019-06-17,"BAC","Financials","Bank of America Corporation",23.5618686676025
2019-06-17,"COP","Energy","ConocoPhillips",46.0871658325195
2019-06-17,"CVX","Energy","Chevron Corporation",89.3446807861328
2019-06-17,"HD","Consumer","The Home Depot, Inc.",174.323089599609
2019-06-17,"JPM","Financials","JPMorgan Chase & Co.",89.9058303833008
2019-06-17,"MCD","Consumer","McDonald's Corporation",173.188003540039
2019-06-17,"MSFT","Technology","Microsoft Corporation",124.73811340332
2019-06-17,"NVDA","Technology","NVIDIA Corporation",3.59900736808777
2019-06-17,"WFC","Financials","Wells Fargo & Company",37.5907211303711
2019-06-17,"XOM","Energy","Exxon Mobil Corporation",54.7273635864258
2019-06-18,"AAPL","Technology","Apple Inc.",47.4696807861328
2019-06-18,"AMZN","Consumer","Amazon.com, Inc.",95.0684967041016
2019-06-18,"BAC","Financials","Bank of America Corporation",24.1439571380615
2019-06-18,"COP","Energy","ConocoPhillips",46.7275848388672
2019-06-18,"CVX","Energy","Chevron Corporation",90.4781341552734
2019-06-18,"HD","Consumer","The Home Depot, Inc.",174.744155883789
2019-06-18,"JPM","Financials","JPMorgan Chase & Co.",91.1323318481445
2019-06-18,"MCD","Consumer","McDonald's Corporation",173.782821655273
2019-06-18,"MSFT","Technology","Microsoft Corporation",126.907066345215
2019-06-18,"NVDA","Technology","NVIDIA Corporation",3.79381012916565
2019-06-18,"WFC","Financials","Wells Fargo & Company",38.2799186706543
2019-06-18,"XOM","Energy","Exxon Mobil Corporation",55.2011070251465
2019-06-19,"AAPL","Technology","Apple Inc.",47.3309440612793
2019-06-19,"AMZN","Consumer","Amazon.com, Inc.",95.4394989013672
2019-06-19,"BAC","Financials","Bank of America Corporation",23.8908748626709
2019-06-19,"COP","Energy","ConocoPhillips",46.5870132446289
2019-06-19,"CVX","Energy","Chevron Corporation",90.4486999511719
2019-06-19,"HD","Consumer","The Home Depot, Inc.",175.131591796875
2019-06-19,"JPM","Financials","JPMorgan Chase & Co.",90.4738159179688
2019-06-19,"MCD","Consumer","McDonald's Corporation",173.816833496094
2019-06-19,"MSFT","Technology","Microsoft Corporation",127.404731750488
2019-06-19,"NVDA","Technology","NVIDIA Corporation",3.79976606369019
2019-06-19,"WFC","Financials","Wells Fargo & Company",37.90625
2019-06-19,"XOM","Energy","Exxon Mobil Corporation",54.8949966430664
2019-06-20,"AAPL","Technology","Apple Inc.",47.7112770080566
2019-06-20,"AMZN","Consumer","Amazon.com, Inc.",95.9095001220703
2019-06-20,"BAC","Financials","Bank of America Corporation",23.8486995697021
2019-06-20,"COP","Energy","ConocoPhillips",47.4070663452148
2019-06-20,"CVX","Energy","Chevron Corporation",91.4717712402344
2019-06-20,"HD","Consumer","The Home Depot, Inc.",177.919342041016
2019-06-20,"JPM","Financials","JPMorgan Chase & Co.",90.7043151855469
2019-06-20,"MCD","Consumer","McDonald's Corporation",174.301162719727
2019-06-20,"MSFT","Technology","Microsoft Corporation",128.587768554688
2019-06-20,"NVDA","Technology","NVIDIA Corporation",3.8240852355957
2019-06-20,"WFC","Financials","Wells Fargo & Company",38.0806312561035
2019-06-20,"XOM","Energy","Exxon Mobil Corporation",55.8351974487305
2019-06-21,"AAPL","Technology","Apple Inc.",47.5486030578613
2019-06-21,"AMZN","Consumer","Amazon.com, Inc.",95.5650024414062
2019-06-21,"BAC","Financials","Bank of America Corporation",23.7221546173096
2019-06-21,"COP","Energy","ConocoPhillips",47.1180877685547
2019-06-21,"CVX","Energy","Chevron Corporation",91.9501647949219
2019-06-21,"HD","Consumer","The Home Depot, Inc.",176.352783203125
2019-06-21,"JPM","Financials","JPMorgan Chase & Co.",90.0869216918945
2019-06-21,"MCD","Consumer","McDonald's Corporation",173.570358276367
2019-06-21,"MSFT","Technology","Microsoft Corporation",128.606567382812
2019-06-21,"NVDA","Technology","NVIDIA Corporation",3.76601719856262
2019-06-21,"WFC","Financials","Wells Fargo & Company",38.9359092712402
2019-06-21,"XOM","Energy","Exxon Mobil Corporation",56.622314453125
2019-06-24,"AAPL","Technology","Apple Inc.",47.5007820129395
2019-06-24,"AMZN","Consumer","Amazon.com, Inc.",95.6949996948242
2019-06-24,"BAC","Financials","Bank of America Corporation",23.6040554046631
2019-06-24,"COP","Energy","ConocoPhillips",47.2664833068848
2019-06-24,"CVX","Energy","Chevron Corporation",91.9354476928711
2019-06-24,"HD","Consumer","The Home Depot, Inc.",173.076583862305
2019-06-24,"JPM","Financials","JPMorgan Chase & Co.",89.4448471069336
2019-06-24,"MCD","Consumer","McDonald's Corporation",173.281494140625
2019-06-24,"MSFT","Technology","Microsoft Corporation",129.367065429688
2019-06-24,"NVDA","Technology","NVIDIA Corporation",3.78835129737854
2019-06-24,"WFC","Financials","Wells Fargo & Company",38.4210777282715
2019-06-24,"XOM","Energy","Exxon Mobil Corporation",56.0829772949219
2019-06-25,"AAPL","Technology","Apple Inc.",46.7807846069336
2019-06-25,"AMZN","Consumer","Amazon.com, Inc.",93.9134979248047
2019-06-25,"BAC","Financials","Bank of America Corporation",23.41845703125
2019-06-25,"COP","Energy","ConocoPhillips",46.680721282959
2019-06-25,"CVX","Energy","Chevron Corporation",91.0007095336914
2019-06-25,"HD","Consumer","The Home Depot, Inc.",172.436462402344
2019-06-25,"JPM","Financials","JPMorgan Chase & Co.",88.7040100097656
2019-06-25,"MCD","Consumer","McDonald's Corporation",174.802536010742
2019-06-25,"MSFT","Technology","Microsoft Corporation",125.282699584961
2019-06-25,"NVDA","Technology","NVIDIA Corporation",3.75906801223755
2019-06-25,"WFC","Financials","Wells Fargo & Company",38.3131294250488
2019-06-25,"XOM","Energy","Exxon Mobil Corporation",55.5873794555664
2019-06-26,"AAPL","Technology","Apple Inc.",47.7926139831543
2019-06-26,"AMZN","Consumer","Amazon.com, Inc.",94.8915023803711
2019-06-26,"BAC","Financials","Bank of America Corporation",23.5450000762939
2019-06-26,"COP","Energy","ConocoPhillips",49.008129119873
2019-06-26,"CVX","Energy","Chevron Corporation",91.2141571044922
2019-06-26,"HD","Consumer","The Home Depot, Inc.",173.851364135742
2019-06-26,"JPM","Financials","JPMorgan Chase & Co.",89.2967071533203
2019-06-26,"MCD","Consumer","McDonald's Corporation",173.816833496094
2019-06-26,"MSFT","Technology","Microsoft Corporation",125.752174377441
2019-06-26,"NVDA","Technology","NVIDIA Corporation",3.95213437080383
2019-06-26,"WFC","Financials","Wells Fargo & Company",38.0308113098145
2019-06-26,"XOM","Energy","Exxon Mobil Corporation",55.8278884887695
2019-06-27,"AAPL","Technology","Apple Inc.",47.7782554626465
2019-06-27,"AMZN","Consumer","Amazon.com, Inc.",95.213996887207
2019-06-27,"BAC","Financials","Bank of America Corporation",23.7980785369873
2019-06-27,"COP","Energy","ConocoPhillips",47.8522338867188
2019-06-27,"CVX","Energy","Chevron Corporation",90.6106338500977
2019-06-27,"HD","Consumer","The Home Depot, Inc.",174.356735229492
2019-06-27,"JPM","Financials","JPMorgan Chase & Co.",89.5930480957031
2019-06-27,"MCD","Consumer","McDonald's Corporation",175.278427124023
2019-06-27,"MSFT","Technology","Microsoft Corporation",125.958724975586
2019-06-27,"NVDA","Technology","NVIDIA Corporation",4.05065155029297
2019-06-27,"WFC","Financials","Wells Fargo & Company",38.437686920166
2019-06-27,"XOM","Energy","Exxon Mobil Corporation",55.2594146728516
2019-06-28,"AAPL","Technology","Apple Inc.",47.3429145812988
2019-06-28,"AMZN","Consumer","Amazon.com, Inc.",94.6815032958984
2019-06-28,"BAC","Financials","Bank of America Corporation",24.4645347595215
2019-06-28,"COP","Energy","ConocoPhillips",47.6413650512695
2019-06-28,"CVX","Energy","Chevron Corporation",91.5895004272461
2019-06-28,"HD","Consumer","The Home Depot, Inc.",175.156829833984
2019-06-28,"JPM","Financials","JPMorgan Chase & Co.",92.0295791625977
2019-06-28,"MCD","Consumer","McDonald's Corporation",176.459564208984
2019-06-28,"MSFT","Technology","Microsoft Corporation",125.78035736084
2019-06-28,"NVDA","Technology","NVIDIA Corporation",4.07546854019165
2019-06-28,"WFC","Financials","Wells Fargo & Company",39.2929534912109
2019-06-28,"XOM","Energy","Exxon Mobil Corporation",55.8497467041016
2019-07-01,"AAPL","Technology","Apple Inc.",48.2112121582031
2019-07-01,"AMZN","Consumer","Amazon.com, Inc.",96.1094970703125
2019-07-01,"BAC","Financials","Bank of America Corporation",24.8188438415527
2019-07-01,"COP","Energy","ConocoPhillips",48.6176300048828
2019-07-01,"CVX","Energy","Chevron Corporation",91.883903503418
2019-07-01,"HD","Consumer","The Home Depot, Inc.",177.10237121582
2019-07-01,"JPM","Financials","JPMorgan Chase & Co.",93.5771255493164
2019-07-01,"MCD","Consumer","McDonald's Corporation",175.303863525391
2019-07-01,"MSFT","Technology","Microsoft Corporation",127.395309448242
2019-07-01,"NVDA","Technology","NVIDIA Corporation",4.12361001968384
2019-07-01,"WFC","Financials","Wells Fargo & Company",39.6001968383789
2019-07-01,"XOM","Energy","Exxon Mobil Corporation",55.7987403869629
2019-07-02,"AAPL","Technology","Apple Inc.",48.4934692382812
2019-07-02,"AMZN","Consumer","Amazon.com, Inc.",96.7154998779297
2019-07-02,"BAC","Financials","Bank of America Corporation",24.5910663604736
2019-07-02,"COP","Energy","ConocoPhillips",46.9384536743164
2019-07-02,"CVX","Energy","Chevron Corporation",90.4781341552734
2019-07-02,"HD","Consumer","The Home Depot, Inc.",176.984466552734
2019-07-02,"JPM","Financials","JPMorgan Chase & Co.",93.6759033203125
2019-07-02,"MCD","Consumer","McDonald's Corporation",178.091094970703
2019-07-02,"MSFT","Technology","Microsoft Corporation",128.24040222168
2019-07-02,"NVDA","Technology","NVIDIA Corporation",4.02583599090576
2019-07-02,"WFC","Financials","Wells Fargo & Company",39.2182273864746
2019-07-02,"XOM","Energy","Exxon Mobil Corporation",55.1865196228027
2019-07-03,"AAPL","Technology","Apple Inc.",48.8953247070312
2019-07-03,"AMZN","Consumer","Amazon.com, Inc.",96.9499969482422
2019-07-03,"BAC","Financials","Bank of America Corporation",24.5067100524902
2019-07-03,"COP","Energy","ConocoPhillips",47.2508659362793
2019-07-03,"CVX","Energy","Chevron Corporation",90.7872695922852
2019-07-03,"HD","Consumer","The Home Depot, Inc.",178.635223388672
2019-07-03,"JPM","Financials","JPMorgan Chase & Co.",93.5267181396484
2019-07-03,"MCD","Consumer","McDonald's Corporation",180.83576965332
2019-07-03,"MSFT","Technology","Microsoft Corporation",129.066650390625
2019-07-03,"NVDA","Technology","NVIDIA Corporation",4.0387396812439
2019-07-03,"WFC","Financials","Wells Fargo & Company",39.5752944946289
2019-07-03,"XOM","Energy","Exxon Mobil Corporation",55.7112922668457
2019-07-05,"AAPL","Technology","Apple Inc.",48.8522605895996
2019-07-05,"AMZN","Consumer","Amazon.com, Inc.",97.1455001831055
2019-07-05,"BAC","Financials","Bank of America Corporation",24.6838665008545
2019-07-05,"COP","Energy","ConocoPhillips",46.7822494506836
2019-07-05,"CVX","Energy","Chevron Corporation",90.9270935058594
2019-07-05,"HD","Consumer","The Home Depot, Inc.",178.096221923828
2019-07-05,"JPM","Financials","JPMorgan Chase & Co.",94.0821380615234
2019-07-05,"MCD","Consumer","McDonald's Corporation",179.501647949219
2019-07-05,"MSFT","Technology","Microsoft Corporation",128.691055297852
2019-07-05,"NVDA","Technology","NVIDIA Corporation",3.97620487213135
2019-07-05,"WFC","Financials","Wells Fargo & Company",39.6666297912598
2019-07-05,"XOM","Energy","Exxon Mobil Corporation",55.4853439331055
2019-07-08,"AAPL","Technology","Apple Inc.",47.8452339172363
2019-07-08,"AMZN","Consumer","Amazon.com, Inc.",97.6159973144531
2019-07-08,"BAC","Financials","Bank of America Corporation",24.6332492828369
2019-07-08,"COP","Energy","ConocoPhillips",46.7744483947754
2019-07-08,"CVX","Energy","Chevron Corporation",90.9712753295898
2019-07-08,"HD","Consumer","The Home Depot, Inc.",179.317398071289
2019-07-08,"JPM","Financials","JPMorgan Chase & Co.",93.5681610107422
2019-07-08,"MCD","Consumer","McDonald's Corporation",180.283401489258
2019-07-08,"MSFT","Technology","Microsoft Corporation",128.597183227539
2019-07-08,"NVDA","Technology","NVIDIA Corporation",3.90126180648804
2019-07-08,"WFC","Financials","Wells Fargo & Company",39.4673347473145
2019-07-08,"XOM","Energy","Exxon Mobil Corporation",55.7404479980469
2019-07-09,"AAPL","Technology","Apple Inc.",48.1370582580566
2019-07-09,"AMZN","Consumer","Amazon.com, Inc.",99.4150009155273
2019-07-09,"BAC","Financials","Bank of America Corporation",24.7597885131836
2019-07-09,"COP","Energy","ConocoPhillips",46.7744483947754
2019-07-09,"CVX","Energy","Chevron Corporation",90.7872695922852
2019-07-09,"HD","Consumer","The Home Depot, Inc.",178.550979614258
2019-07-09,"JPM","Financials","JPMorgan Chase & Co.",93.966064453125
2019-07-09,"MCD","Consumer","McDonald's Corporation",180.223937988281
2019-07-09,"MSFT","Technology","Microsoft Corporation",128.127731323242
2019-07-09,"NVDA","Technology","NVIDIA Corporation",3.90374398231506
2019-07-09,"WFC","Financials","Wells Fargo & Company",39.7164497375488
2019-07-09,"XOM","Energy","Exxon Mobil Corporation",55.7039909362793
2019-07-10,"AAPL","Technology","Apple Inc.",48.6130638122559
2019-07-10,"AMZN","Consumer","Amazon.com, Inc.",100.870498657227
2019-07-10,"BAC","Financials","Bank of America Corporation",24.4814033508301
2019-07-10,"COP","Energy","ConocoPhillips",47.8053741455078
2019-07-10,"CVX","Energy","Chevron Corporation",92.3255462646484
2019-07-10,"HD","Consumer","The Home Depot, Inc.",177.498184204102
2019-07-10,"JPM","Financials","JPMorgan Chase & Co.",93.692497253418
2019-07-10,"MCD","Consumer","McDonald's Corporation",180.997253417969
2019-07-10,"MSFT","Technology","Microsoft Corporation",129.432800292969
2019-07-10,"NVDA","Technology","NVIDIA Corporation",3.97198677062988
2019-07-10,"WFC","Financials","Wells Fargo & Company",39.1518020629883
2019-07-10,"XOM","Energy","Exxon Mobil Corporation",56.4911308288574
2019-07-11,"AAPL","Technology","Apple Inc.",48.2590446472168
2019-07-11,"AMZN","Consumer","Amazon.com, Inc.",100.053497314453
2019-07-11,"BAC","Financials","Bank of America Corporation",24.7682247161865
2019-07-11,"COP","Energy","ConocoPhillips",48.0006256103516
2019-07-11,"CVX","Energy","Chevron Corporation",92.3181915283203
2019-07-11,"HD","Consumer","The Home Depot, Inc.",180.269104003906
2019-07-11,"JPM","Financials","JPMorgan Chase & Co.",94.5878295898438
2019-07-11,"MCD","Consumer","McDonald's Corporation",180.733779907227
2019-07-11,"MSFT","Technology","Microsoft Corporation",129.94921875
2019-07-11,"NVDA","Technology","NVIDIA Corporation",4.12634038925171
2019-07-11,"WFC","Financials","Wells Fargo & Company",39.1434860229492
2019-07-11,"XOM","Energy","Exxon Mobil Corporation",56.5348434448242
2019-07-12,"AAPL","Technology","Apple Inc.",48.6298141479492
2019-07-12,"AMZN","Consumer","Amazon.com, Inc.",100.550003051758
2019-07-12,"BAC","Financials","Bank of America Corporation",24.8441524505615
2019-07-12,"COP","Energy","ConocoPhillips",48.2349319458008
2019-07-12,"CVX","Energy","Chevron Corporation",92.7229843139648
2019-07-12,"HD","Consumer","The Home Depot, Inc.",183.79801940918
2019-07-12,"JPM","Financials","JPMorgan Chase & Co.",95.5825958251953
2019-07-12,"MCD","Consumer","McDonald's Corporation",180.988754272461
2019-07-12,"MSFT","Technology","Microsoft Corporation",130.418685913086
2019-07-12,"NVDA","Technology","NVIDIA Corporation",4.15934419631958
2019-07-12,"WFC","Financials","Wells Fargo & Company",39.3261756896973
2019-07-12,"XOM","Energy","Exxon Mobil Corporation",56.5785827636719
2019-07-15,"AAPL","Technology","Apple Inc.",49.0867004394531
2019-07-15,"AMZN","Consumer","Amazon.com, Inc.",101.049499511719
2019-07-15,"BAC","Financials","Bank of America Corporation",24.6501197814941
2019-07-15,"COP","Energy","ConocoPhillips",47.3680076599121
2019-07-15,"CVX","Energy","Chevron Corporation",92.5316162109375
2019-07-15,"HD","Consumer","The Home Depot, Inc.",184.193878173828
2019-07-15,"JPM","Financials","JPMorgan Chase & Co.",94.4219970703125
2019-07-15,"MCD","Consumer","McDonald's Corporation",182.025436401367
2019-07-15,"MSFT","Technology","Microsoft Corporation",130.418685913086
2019-07-15,"NVDA","Technology","NVIDIA Corporation",4.15090656280518
2019-07-15,"WFC","Financials","Wells Fargo & Company",38.786434173584
2019-07-15,"XOM","Energy","Exxon Mobil Corporation",56.177734375
2019-07-16,"AAPL","Technology","Apple Inc.",48.9168586730957
2019-07-16,"AMZN","Consumer","Amazon.com, Inc.",100.495002746582
2019-07-16,"BAC","Financials","Bank of America Corporation",24.456090927124
2019-07-16,"COP","Energy","ConocoPhillips",46.6651039123535
2019-07-16,"CVX","Energy","Chevron Corporation",91.8250427246094
2019-07-16,"HD","Consumer","The Home Depot, Inc.",182.981048583984
2019-07-16,"JPM","Financials","JPMorgan Chase & Co.",95.4333724975586
2019-07-16,"MCD","Consumer","McDonald's Corporation",181.609069824219
2019-07-16,"MSFT","Technology","Microsoft Corporation",128.709869384766
2019-07-16,"NVDA","Technology","NVIDIA Corporation",4.14619255065918
2019-07-16,"WFC","Financials","Wells Fargo & Company",37.6156234741211
2019-07-16,"XOM","Energy","Exxon Mobil Corporation",55.3395805358887
2019-07-17,"AAPL","Technology","Apple Inc.",48.6417770385742
2019-07-17,"AMZN","Consumer","Amazon.com, Inc.",99.6015014648438
2019-07-17,"BAC","Financials","Bank of America Corporation",24.6248149871826
2019-07-17,"COP","Energy","ConocoPhillips",46.6885375976562
2019-07-17,"CVX","Energy","Chevron Corporation",91.3687210083008
2019-07-17,"HD","Consumer","The Home Depot, Inc.",181.591400146484
2019-07-17,"JPM","Financials","JPMorgan Chase & Co.",94.4966125488281
2019-07-17,"MCD","Consumer","McDonald's Corporation",181.600555419922
2019-07-17,"MSFT","Technology","Microsoft Corporation",127.949310302734
2019-07-17,"NVDA","Technology","NVIDIA Corporation",4.21145677566528
2019-07-17,"WFC","Financials","Wells Fargo & Company",37.5408821105957
2019-07-17,"XOM","Energy","Exxon Mobil Corporation",55.0116348266602
2019-07-18,"AAPL","Technology","Apple Inc.",49.1943321228027
2019-07-18,"AMZN","Consumer","Amazon.com, Inc.",98.8949966430664
2019-07-18,"BAC","Financials","Bank of America Corporation",24.8694591522217
2019-07-18,"COP","Energy","ConocoPhillips",47.1102867126465
2019-07-18,"CVX","Energy","Chevron Corporation",91.7661743164062
2019-07-18,"HD","Consumer","The Home Depot, Inc.",180.605987548828
2019-07-18,"JPM","Financials","JPMorgan Chase & Co.",95.0603332519531
2019-07-18,"MCD","Consumer","McDonald's Corporation",183.470001220703
2019-07-18,"MSFT","Technology","Microsoft Corporation",128.090148925781
2019-07-18,"NVDA","Technology","NVIDIA Corporation",4.22312116622925
2019-07-18,"WFC","Financials","Wells Fargo & Company",38.0474128723145
2019-07-18,"XOM","Energy","Exxon Mobil Corporation",54.5451583862305
2019-07-19,"AAPL","Technology","Apple Inc.",48.4599761962891
2019-07-19,"AMZN","Consumer","Amazon.com, Inc.",98.2259979248047
2019-07-19,"BAC","Financials","Bank of America Corporation",24.8019676208496
2019-07-19,"COP","Energy","ConocoPhillips",47.3575553894043
2019-07-19,"CVX","Energy","Chevron Corporation",92.0311279296875
2019-07-19,"HD","Consumer","The Home Depot, Inc.",179.426879882812
2019-07-19,"JPM","Financials","JPMorgan Chase & Co.",94.12353515625
2019-07-19,"MCD","Consumer","McDonald's Corporation",181.736480712891
2019-07-19,"MSFT","Technology","Microsoft Corporation",128.277938842773
2019-07-19,"NVDA","Technology","NVIDIA Corporation",4.17994213104248
2019-07-19,"WFC","Financials","Wells Fargo & Company",38.2217788696289
2019-07-19,"XOM","Energy","Exxon Mobil Corporation",54.6544914245605
2019-07-22,"AAPL","Technology","Apple Inc.",49.5674896240234
2019-07-22,"AMZN","Consumer","Amazon.com, Inc.",99.2815017700195
2019-07-22,"BAC","Financials","Bank of America Corporation",24.9453773498535
2019-07-22,"COP","Energy","ConocoPhillips",47.4438896179199
2019-07-22,"CVX","Energy","Chevron Corporation",92.2298431396484
2019-07-22,"HD","Consumer","The Home Depot, Inc.",177.936187744141
2019-07-22,"JPM","Financials","JPMorgan Chase & Co.",94.7287216186523
2019-07-22,"MCD","Consumer","McDonald's Corporation",182.696716308594
2019-07-22,"MSFT","Technology","Microsoft Corporation",129.97737121582
2019-07-22,"NVDA","Technology","NVIDIA Corporation",4.25141143798828
2019-07-22,"WFC","Financials","Wells Fargo & Company",38.5954551696777
2019-07-22,"XOM","Energy","Exxon Mobil Corporation",54.7128105163574
2019-07-23,"AAPL","Technology","Apple Inc.",49.9549903869629
2019-07-23,"AMZN","Consumer","Amazon.com, Inc.",99.7245025634766
2019-07-23,"BAC","Financials","Bank of America Corporation",25.5190353393555
2019-07-23,"COP","Energy","ConocoPhillips",47.3182983398438
2019-07-23,"CVX","Energy","Chevron Corporation",92.6052093505859
2019-07-23,"HD","Consumer","The Home Depot, Inc.",179.460571289062
2019-07-23,"JPM","Financials","JPMorgan Chase & Co.",96.4613418579102
2019-07-23,"MCD","Consumer","McDonald's Corporation",182.110382080078
2019-07-23,"MSFT","Technology","Microsoft Corporation",130.784896850586
2019-07-23,"NVDA","Technology","NVIDIA Corporation",4.35910940170288
2019-07-23,"WFC","Financials","Wells Fargo & Company",39.1933135986328
2019-07-23,"XOM","Energy","Exxon Mobil Corporation",54.9314613342285
2019-07-24,"AAPL","Technology","Apple Inc.",49.9143180847168
2019-07-24,"AMZN","Consumer","Amazon.com, Inc.",100.040496826172
2019-07-24,"BAC","Financials","Bank of America Corporation",25.8733501434326
2019-07-24,"COP","Energy","ConocoPhillips",47.1612968444824
2019-07-24,"CVX","Energy","Chevron Corporation",93.135124206543
2019-07-24,"HD","Consumer","The Home Depot, Inc.",180.833389282227
2019-07-24,"JPM","Financials","JPMorgan Chase & Co.",96.850944519043
2019-07-24,"MCD","Consumer","McDonald's Corporation",180.810287475586
2019-07-24,"MSFT","Technology","Microsoft Corporation",132.127593994141
2019-07-24,"NVDA","Technology","NVIDIA Corporation",4.43355560302734
2019-07-24,"WFC","Financials","Wells Fargo & Company",40.2312850952148
2019-07-24,"XOM","Energy","Exxon Mobil Corporation",54.9241600036621
2019-07-25,"AAPL","Technology","Apple Inc.",49.5196495056152
2019-07-25,"AMZN","Consumer","Amazon.com, Inc.",98.6910018920898
2019-07-25,"BAC","Financials","Bank of America Corporation",25.5949573516846
2019-07-25,"COP","Energy","ConocoPhillips",46.3449401855469
2019-07-25,"CVX","Energy","Chevron Corporation",92.4653930664062
2019-07-25,"HD","Consumer","The Home Depot, Inc.",181.540863037109
2019-07-25,"JPM","Financials","JPMorgan Chase & Co.",95.922477722168
2019-07-25,"MCD","Consumer","McDonald's Corporation",182.220886230469
2019-07-25,"MSFT","Technology","Microsoft Corporation",131.629913330078
2019-07-25,"NVDA","Technology","NVIDIA Corporation",4.30252933502197
2019-07-25,"WFC","Financials","Wells Fargo & Company",39.9323463439941
2019-07-25,"XOM","Energy","Exxon Mobil Corporation",54.6107559204102
2019-07-26,"AAPL","Technology","Apple Inc.",49.6918754577637
2019-07-26,"AMZN","Consumer","Amazon.com, Inc.",97.1524963378906
2019-07-26,"BAC","Financials","Bank of America Corporation",25.9577102661133
2019-07-26,"COP","Energy","ConocoPhillips",46.1172943115234
2019-07-26,"CVX","Energy","Chevron Corporation",91.0595855712891
2019-07-26,"HD","Consumer","The Home Depot, Inc.",182.686248779297
2019-07-26,"JPM","Financials","JPMorgan Chase & Co.",96.3452606201172
2019-07-26,"MCD","Consumer","McDonald's Corporation",183.189590454102
2019-07-26,"MSFT","Technology","Microsoft Corporation",132.709671020508
2019-07-26,"NVDA","Technology","NVIDIA Corporation",4.34446716308594
2019-07-26,"WFC","Financials","Wells Fargo & Company",40.9370918273926
2019-07-26,"XOM","Energy","Exxon Mobil Corporation",54.5233116149902
2019-07-29,"AAPL","Technology","Apple Inc.",50.1559181213379
2019-07-29,"AMZN","Consumer","Amazon.com, Inc.",95.6224975585938
2019-07-29,"BAC","Financials","Bank of America Corporation",25.7468070983887
2019-07-29,"COP","Energy","ConocoPhillips",45.6777038574219
2019-07-29,"CVX","Energy","Chevron Corporation",91.4349594116211
2019-07-29,"HD","Consumer","The Home Depot, Inc.",183.637969970703
2019-07-29,"JPM","Financials","JPMorgan Chase & Co.",96.0385437011719
2019-07-29,"MCD","Consumer","McDonald's Corporation",182.679733276367
2019-07-29,"MSFT","Technology","Microsoft Corporation",132.41862487793
2019-07-29,"NVDA","Technology","NVIDIA Corporation",4.33826446533203
2019-07-29,"WFC","Financials","Wells Fargo & Company",40.0901031494141
2019-07-29,"XOM","Energy","Exxon Mobil Corporation",54.9095764160156
2019-07-30,"AAPL","Technology","Apple Inc.",49.9406356811523
2019-07-30,"AMZN","Consumer","Amazon.com, Inc.",94.9264984130859
2019-07-30,"BAC","Financials","Bank of America Corporation",26.0589370727539
2019-07-30,"COP","Energy","ConocoPhillips",46.7138633728027
2019-07-30,"CVX","Energy","Chevron Corporation",91.5159225463867
2019-07-30,"HD","Consumer","The Home Depot, Inc.",183.065338134766
2019-07-30,"JPM","Financials","JPMorgan Chase & Co.",95.8229904174805
2019-07-30,"MCD","Consumer","McDonald's Corporation",180.436386108398
2019-07-30,"MSFT","Technology","Microsoft Corporation",131.780151367188
2019-07-30,"NVDA","Technology","NVIDIA Corporation",4.35389995574951
2019-07-30,"WFC","Financials","Wells Fargo & Company",40.3143196105957
2019-07-30,"XOM","Energy","Exxon Mobil Corporation",54.9168586730957
2019-07-31,"AAPL","Technology","Apple Inc.",50.9596405029297
2019-07-31,"AMZN","Consumer","Amazon.com, Inc.",93.338996887207
2019-07-31,"BAC","Financials","Bank of America Corporation",25.8817844390869
2019-07-31,"COP","Energy","ConocoPhillips",46.3763198852539
2019-07-31,"CVX","Energy","Chevron Corporation",90.6106338500977
2019-07-31,"HD","Consumer","The Home Depot, Inc.",179.974304199219
2019-07-31,"JPM","Financials","JPMorgan Chase & Co.",96.1628952026367
2019-07-31,"MCD","Consumer","McDonald's Corporation",179.059753417969
2019-07-31,"MSFT","Technology","Microsoft Corporation",127.949310302734
2019-07-31,"NVDA","Technology","NVIDIA Corporation",4.1868896484375
2019-07-31,"WFC","Financials","Wells Fargo & Company",40.1980590820312
2019-07-31,"XOM","Energy","Exxon Mobil Corporation",54.1953353881836
2019-08-01,"AAPL","Technology","Apple Inc.",49.8569107055664
2019-08-01,"AMZN","Consumer","Amazon.com, Inc.",92.765998840332
2019-08-01,"BAC","Financials","Bank of America Corporation",24.8778953552246
2019-08-01,"COP","Energy","ConocoPhillips",46.1565361022949
2019-08-01,"CVX","Energy","Chevron Corporation",88.8662796020508
2019-08-01,"HD","Consumer","The Home Depot, Inc.",179.250030517578
2019-08-01,"JPM","Financials","JPMorgan Chase & Co.",93.6261749267578
2019-08-01,"MCD","Consumer","McDonald's Corporation",179.510162353516
2019-08-01,"MSFT","Technology","Microsoft Corporation",129.630004882812
2019-08-01,"NVDA","Technology","NVIDIA Corporation",4.09259033203125
2019-08-01,"WFC","Financials","Wells Fargo & Company",39.0770606994629
2019-08-01,"XOM","Energy","Exxon Mobil Corporation",52.8105621337891
2019-08-02,"AAPL","Technology","Apple Inc.",48.8020439147949
2019-08-02,"AMZN","Consumer","Amazon.com, Inc.",91.1620025634766
2019-08-02,"BAC","Financials","Bank of America Corporation",24.785099029541
2019-08-02,"COP","Energy","ConocoPhillips",44.3275375366211
2019-08-02,"CVX","Energy","Chevron Corporation",88.8589096069336
2019-08-02,"HD","Consumer","The Home Depot, Inc.",178.677322387695
2019-08-02,"JPM","Financials","JPMorgan Chase & Co.",93.6179046630859
2019-08-02,"MCD","Consumer","McDonald's Corporation",182.254837036133
2019-08-02,"MSFT","Technology","Microsoft Corporation",128.540817260742
2019-08-02,"NVDA","Technology","NVIDIA Corporation",4.00002765655518
2019-08-02,"WFC","Financials","Wells Fargo & Company",39.3926048278809
2019-08-02,"XOM","Energy","Exxon Mobil Corporation",52.2931137084961
2019-08-05,"AAPL","Technology","Apple Inc.",46.2473526000977
2019-08-05,"AMZN","Consumer","Amazon.com, Inc.",88.2565002441406
2019-08-05,"BAC","Financials","Bank of America Corporation",23.6884136199951
2019-08-05,"COP","Energy","ConocoPhillips",42.9224472045898
2019-08-05,"CVX","Energy","Chevron Corporation",87.3942413330078
2019-08-05,"HD","Consumer","The Home Depot, Inc.",172.604873657227
2019-08-05,"JPM","Financials","JPMorgan Chase & Co.",90.8324890136719
2019-08-05,"MCD","Consumer","McDonald's Corporation",178.830337524414
2019-08-05,"MSFT","Technology","Microsoft Corporation",124.137168884277
2019-08-05,"NVDA","Technology","NVIDIA Corporation",3.74194645881653
2019-08-05,"WFC","Financials","Wells Fargo & Company",38.3131294250488
2019-08-05,"XOM","Energy","Exxon Mobil Corporation",51.2217216491699
2019-08-06,"AAPL","Technology","Apple Inc.",47.1228332519531
2019-08-06,"AMZN","Consumer","Amazon.com, Inc.",89.3915023803711
2019-08-06,"BAC","Financials","Bank of America Corporation",23.9752368927002
2019-08-06,"COP","Energy","ConocoPhillips",42.5691986083984
2019-08-06,"CVX","Energy","Chevron Corporation",87.8652877807617
2019-08-06,"HD","Consumer","The Home Depot, Inc.",175.855850219727
2019-08-06,"JPM","Financials","JPMorgan Chase & Co.",91.5453872680664
2019-08-06,"MCD","Consumer","McDonald's Corporation",181.914962768555
2019-08-06,"MSFT","Technology","Microsoft Corporation",126.465774536133
2019-08-06,"NVDA","Technology","NVIDIA Corporation",3.78065824508667
2019-08-06,"WFC","Financials","Wells Fargo & Company",38.969123840332
2019-08-06,"XOM","Energy","Exxon Mobil Corporation",51.7173233032227
2019-08-07,"AAPL","Technology","Apple Inc.",47.6108093261719
2019-08-07,"AMZN","Consumer","Amazon.com, Inc.",89.6699981689453
2019-08-07,"BAC","Financials","Bank of America Corporation",23.5281238555908
2019-08-07,"COP","Energy","ConocoPhillips",41.8548736572266
2019-08-07,"CVX","Energy","Chevron Corporation",87.6592025756836
2019-08-07,"HD","Consumer","The Home Depot, Inc.",175.10627746582
2019-08-07,"JPM","Financials","JPMorgan Chase & Co.",89.5558471679688
2019-08-07,"MCD","Consumer","McDonald's Corporation",184.251770019531
2019-08-07,"MSFT","Technology","Microsoft Corporation",127.019729614258
2019-08-07,"NVDA","Technology","NVIDIA Corporation",3.81887483596802
2019-08-07,"WFC","Financials","Wells Fargo & Company",38.0391006469727
2019-08-07,"XOM","Energy","Exxon Mobil Corporation",51.3820724487305
2019-08-08,"AAPL","Technology","Apple Inc.",48.6609001159668
2019-08-08,"AMZN","Consumer","Amazon.com, Inc.",91.6445007324219
2019-08-08,"BAC","Financials","Bank of America Corporation",23.9414882659912
2019-08-08,"COP","Energy","ConocoPhillips",43.2285919189453
2019-08-08,"CVX","Energy","Chevron Corporation",90.6989440917969
2019-08-08,"HD","Consumer","The Home Depot, Inc.",178.188827514648
2019-08-08,"JPM","Financials","JPMorgan Chase & Co.",91.0728759765625
2019-08-08,"MCD","Consumer","McDonald's Corporation",185.254455566406
2019-08-08,"MSFT","Technology","Microsoft Corporation",130.409332275391
2019-08-08,"NVDA","Technology","NVIDIA Corporation",3.9273190498352
2019-08-08,"WFC","Financials","Wells Fargo & Company",38.9627914428711
2019-08-08,"XOM","Energy","Exxon Mobil Corporation",52.7522773742676
2019-08-09,"AAPL","Technology","Apple Inc.",48.2599258422852
2019-08-09,"AMZN","Consumer","Amazon.com, Inc.",90.3789978027344
2019-08-09,"BAC","Financials","Bank of America Corporation",23.8993110656738
2019-08-09,"COP","Energy","ConocoPhillips",42.3965072631836
2019-08-09,"CVX","Energy","Chevron Corporation",90.1027679443359
2019-08-09,"HD","Consumer","The Home Depot, Inc.",176.883377075195
2019-08-09,"JPM","Financials","JPMorgan Chase & Co.",90.973388671875
2019-08-09,"MCD","Consumer","McDonald's Corporation",187.922698974609
2019-08-09,"MSFT","Technology","Microsoft Corporation",129.301406860352
2019-08-09,"NVDA","Technology","NVIDIA Corporation",3.82606983184814
2019-08-09,"WFC","Financials","Wells Fargo & Company",38.8788299560547
2019-08-09,"XOM","Energy","Exxon Mobil Corporation",51.6298637390137
2019-08-12,"AAPL","Technology","Apple Inc.",48.1374549865723
2019-08-12,"AMZN","Consumer","Amazon.com, Inc.",89.2460021972656
2019-08-12,"BAC","Financials","Bank of America Corporation",23.3172264099121
2019-08-12,"COP","Energy","ConocoPhillips",41.6978797912598
2019-08-12,"CVX","Energy","Chevron Corporation",89.4624557495117
2019-08-12,"HD","Consumer","The Home Depot, Inc.",174.348266601562
2019-08-12,"JPM","Financials","JPMorgan Chase & Co.",89.2656860351562
2019-08-12,"MCD","Consumer","McDonald's Corporation",184.532211303711
2019-08-12,"MSFT","Technology","Microsoft Corporation",127.498611450195
2019-08-12,"NVDA","Technology","NVIDIA Corporation",3.75832462310791
2019-08-12,"WFC","Financials","Wells Fargo & Company",38.1482620239258
2019-08-12,"XOM","Energy","Exxon Mobil Corporation",51.3789939880371
2019-08-13,"AAPL","Technology","Apple Inc.",50.1760139465332
2019-08-13,"AMZN","Consumer","Amazon.com, Inc.",91.2170028686523
2019-08-13,"BAC","Financials","Bank of America Corporation",23.3847141265869
2019-08-13,"COP","Energy","ConocoPhillips",42.2866058349609
2019-08-13,"CVX","Energy","Chevron Corporation",90.080680847168
2019-08-13,"HD","Consumer","The Home Depot, Inc.",175.460037231445
2019-08-13,"JPM","Financials","JPMorgan Chase & Co.",90.6418075561523
2019-08-13,"MCD","Consumer","McDonald's Corporation",186.716018676758
2019-08-13,"MSFT","Technology","Microsoft Corporation",130.136993408203
2019-08-13,"NVDA","Technology","NVIDIA Corporation",3.87247538566589
2019-08-13,"WFC","Financials","Wells Fargo & Company",38.593318939209
2019-08-13,"XOM","Energy","Exxon Mobil Corporation",52.0135650634766
2019-08-14,"AAPL","Technology","Apple Inc.",48.6825256347656
2019-08-14,"AMZN","Consumer","Amazon.com, Inc.",88.1480026245117
2019-08-14,"BAC","Financials","Bank of America Corporation",22.288028717041
2019-08-14,"COP","Energy","ConocoPhillips",40.64599609375
2019-08-14,"CVX","Energy","Chevron Corporation",86.6582412719727
2019-08-14,"HD","Consumer","The Home Depot, Inc.",169.783477783203
2019-08-14,"JPM","Financials","JPMorgan Chase & Co.",86.8782043457031
2019-08-14,"MCD","Consumer","McDonald's Corporation",183.954360961914
2019-08-14,"MSFT","Technology","Microsoft Corporation",126.21800994873
2019-08-14,"NVDA","Technology","NVIDIA Corporation",3.72407865524292
2019-08-14,"WFC","Financials","Wells Fargo & Company",36.9222869873047
2019-08-14,"XOM","Energy","Exxon Mobil Corporation",49.9179801940918
2019-08-15,"AAPL","Technology","Apple Inc.",48.4400024414062
2019-08-15,"AMZN","Consumer","Amazon.com, Inc.",88.8059997558594
2019-08-15,"BAC","Financials","Bank of America Corporation",22.1446170806885
2019-08-15,"COP","Energy","ConocoPhillips",39.9630851745605
2019-08-15,"CVX","Energy","Chevron Corporation",86.076774597168
2019-08-15,"HD","Consumer","The Home Depot, Inc.",169.951873779297
2019-08-15,"JPM","Financials","JPMorgan Chase & Co.",87.2097854614258
2019-08-15,"MCD","Consumer","McDonald's Corporation",185.475448608398
2019-08-15,"MSFT","Technology","Microsoft Corporation",125.935401916504
2019-08-15,"NVDA","Technology","NVIDIA Corporation",3.691819190979
2019-08-15,"WFC","Financials","Wells Fargo & Company",36.4268531799316
2019-08-15,"XOM","Energy","Exxon Mobil Corporation",49.6228218078613
2019-08-16,"AAPL","Technology","Apple Inc.",49.5829277038574
2019-08-16,"AMZN","Consumer","Amazon.com, Inc.",89.6285018920898
2019-08-16,"BAC","Financials","Bank of America Corporation",22.8026294708252
2019-08-16,"COP","Energy","ConocoPhillips",40.4026679992676
2019-08-16,"CVX","Energy","Chevron Corporation",86.1139526367188
2019-08-16,"HD","Consumer","The Home Depot, Inc.",171.518432617188
2019-08-16,"JPM","Financials","JPMorgan Chase & Co.",89.2988433837891
2019-08-16,"MCD","Consumer","McDonald's Corporation",185.645355224609
2019-08-16,"MSFT","Technology","Microsoft Corporation",128.243423461914
2019-08-16,"NVDA","Technology","NVIDIA Corporation",3.95957922935486
2019-08-16,"WFC","Financials","Wells Fargo & Company",37.274974822998
2019-08-16,"XOM","Energy","Exxon Mobil Corporation",50.3976020812988
2019-08-19,"AAPL","Technology","Apple Inc.",50.5073585510254
2019-08-19,"AMZN","Consumer","Amazon.com, Inc.",90.8059997558594
2019-08-19,"BAC","Financials","Bank of America Corporation",23.0050926208496
2019-08-19,"COP","Energy","ConocoPhillips",42.341552734375
2019-08-19,"CVX","Energy","Chevron Corporation",87.2293243408203
2019-08-19,"HD","Consumer","The Home Depot, Inc.",175.140014648438
2019-08-19,"JPM","Financials","JPMorgan Chase & Co.",90.1029586791992
2019-08-19,"MCD","Consumer","McDonald's Corporation",185.908813476562
2019-08-19,"MSFT","Technology","Microsoft Corporation",130.391403198242
2019-08-19,"NVDA","Technology","NVIDIA Corporation",4.23801040649414
2019-08-19,"WFC","Financials","Wells Fargo & Company",37.9971122741699
2019-08-19,"XOM","Energy","Exxon Mobil Corporation",51.2461624145508
2019-08-20,"AAPL","Technology","Apple Inc.",50.5097579956055
2019-08-20,"AMZN","Consumer","Amazon.com, Inc.",90.0690002441406
2019-08-20,"BAC","Financials","Bank of America Corporation",22.5411128997803
2019-08-20,"COP","Energy","ConocoPhillips",41.3760414123535
2019-08-20,"CVX","Energy","Chevron Corporation",86.3518981933594
2019-08-20,"HD","Consumer","The Home Depot, Inc.",182.837875366211
2019-08-20,"JPM","Financials","JPMorgan Chase & Co.",88.9589538574219
2019-08-20,"MCD","Consumer","McDonald's Corporation",185.645355224609
2019-08-20,"MSFT","Technology","Microsoft Corporation",129.307983398438
2019-08-20,"NVDA","Technology","NVIDIA Corporation",4.16579675674438
2019-08-20,"WFC","Financials","Wells Fargo & Company",37.518482208252
2019-08-20,"XOM","Energy","Exxon Mobil Corporation",50.9362678527832
2019-08-21,"AAPL","Technology","Apple Inc.",51.0572204589844
2019-08-21,"AMZN","Consumer","Amazon.com, Inc.",91.177001953125
2019-08-21,"BAC","Financials","Bank of America Corporation",22.7182712554932
2019-08-21,"COP","Energy","ConocoPhillips",41.3132362365723
2019-08-21,"CVX","Energy","Chevron Corporation",87.6531524658203
2019-08-21,"HD","Consumer","The Home Depot, Inc.",185.625640869141
2019-08-21,"JPM","Financials","JPMorgan Chase & Co.",89.2076721191406
2019-08-21,"MCD","Consumer","McDonald's Corporation",187.548812866211
2019-08-21,"MSFT","Technology","Microsoft Corporation",130.749359130859
2019-08-21,"NVDA","Technology","NVIDIA Corporation",4.24917793273926
2019-08-21,"WFC","Financials","Wells Fargo & Company",37.7872009277344
2019-08-21,"XOM","Energy","Exxon Mobil Corporation",51.4454040527344
2019-08-22,"AAPL","Technology","Apple Inc.",51.0140037536621
2019-08-22,"AMZN","Consumer","Amazon.com, Inc.",90.2330017089844
2019-08-22,"BAC","Financials","Bank of America Corporation",22.9376049041748
2019-08-22,"COP","Energy","ConocoPhillips",41.0228004455566
2019-08-22,"CVX","Energy","Chevron Corporation",87.5416412353516
2019-08-22,"HD","Consumer","The Home Depot, Inc.",186.147811889648
2019-08-22,"JPM","Financials","JPMorgan Chase & Co.",90.1278381347656
2019-08-22,"MCD","Consumer","McDonald's Corporation",186.512130737305
2019-08-22,"MSFT","Technology","Microsoft Corporation",129.797836303711
2019-08-22,"NVDA","Technology","NVIDIA Corporation",4.25538206100464
2019-08-22,"WFC","Financials","Wells Fargo & Company",38.3078231811523
2019-08-22,"XOM","Energy","Exxon Mobil Corporation",51.3347244262695
2019-08-23,"AAPL","Technology","Apple Inc.",48.6561126708984
2019-08-23,"AMZN","Consumer","Amazon.com, Inc.",87.4810028076172
2019-08-23,"BAC","Financials","Bank of America Corporation",22.330207824707
2019-08-23,"COP","Energy","ConocoPhillips",39.5784530639648
2019-08-23,"CVX","Energy","Chevron Corporation",85.6455230712891
2019-08-23,"HD","Consumer","The Home Depot, Inc.",183.157958984375
2019-08-23,"JPM","Financials","JPMorgan Chase & Co.",87.8895645141602
2019-08-23,"MCD","Consumer","McDonald's Corporation",182.407836914062
2019-08-23,"MSFT","Technology","Microsoft Corporation",125.662185668945
2019-08-23,"NVDA","Technology","NVIDIA Corporation",4.03104686737061
2019-08-23,"WFC","Financials","Wells Fargo & Company",37.3001594543457
2019-08-23,"XOM","Energy","Exxon Mobil Corporation",49.7999114990234
2019-08-26,"AAPL","Technology","Apple Inc.",49.5805320739746
2019-08-26,"AMZN","Consumer","Amazon.com, Inc.",88.4434967041016
2019-08-26,"BAC","Financials","Bank of America Corporation",22.591724395752
2019-08-26,"COP","Energy","ConocoPhillips",40.3241729736328
2019-08-26,"CVX","Energy","Chevron Corporation",86.0619277954102
2019-08-26,"HD","Consumer","The Home Depot, Inc.",184.151748657227
2019-08-26,"JPM","Financials","JPMorgan Chase & Co.",88.5941925048828
2019-08-26,"MCD","Consumer","McDonald's Corporation",184.319747924805
2019-08-26,"MSFT","Technology","Microsoft Corporation",127.60285949707
2019-08-26,"NVDA","Technology","NVIDIA Corporation",4.10574245452881
2019-08-26,"WFC","Financials","Wells Fargo & Company",37.7703971862793
2019-08-26,"XOM","Energy","Exxon Mobil Corporation",50.065559387207
2019-08-27,"AAPL","Technology","Apple Inc.",49.0210762023926
2019-08-27,"AMZN","Consumer","Amazon.com, Inc.",88.0914993286133
2019-08-27,"BAC","Financials","Bank of America Corporation",22.330207824707
2019-08-27,"COP","Energy","ConocoPhillips",40.0180244445801
2019-08-27,"CVX","Energy","Chevron Corporation",86.1288299560547
2019-08-27,"HD","Consumer","The Home Depot, Inc.",183.781204223633
2019-08-27,"JPM","Financials","JPMorgan Chase & Co.",87.6574172973633
2019-08-27,"MCD","Consumer","McDonald's Corporation",183.588989257812
2019-08-27,"MSFT","Technology","Microsoft Corporation",127.876075744629
2019-08-27,"NVDA","Technology","NVIDIA Corporation",4.01516580581665
2019-08-27,"WFC","Financials","Wells Fargo & Company",37.577262878418
2019-08-27,"XOM","Energy","Exxon Mobil Corporation",49.578556060791
2019-08-28,"AAPL","Technology","Apple Inc.",49.350025177002
2019-08-28,"AMZN","Consumer","Amazon.com, Inc.",88.2125015258789
2019-08-28,"BAC","Financials","Bank of America Corporation",22.6507759094238
2019-08-28,"COP","Energy","ConocoPhillips",40.7794494628906
2019-08-28,"CVX","Energy","Chevron Corporation",86.8723983764648
2019-08-28,"HD","Consumer","The Home Depot, Inc.",186.931106567383
2019-08-28,"JPM","Financials","JPMorgan Chase & Co.",88.5361785888672
2019-08-28,"MCD","Consumer","McDonald's Corporation",185.30549621582
2019-08-28,"MSFT","Technology","Microsoft Corporation",127.706520080566
2019-08-28,"NVDA","Technology","NVIDIA Corporation",4.00473356246948
2019-08-28,"WFC","Financials","Wells Fargo & Company",38.1818504333496
2019-08-28,"XOM","Energy","Exxon Mobil Corporation",49.940113067627
2019-08-29,"AAPL","Technology","Apple Inc.",50.1856117248535
2019-08-29,"AMZN","Consumer","Amazon.com, Inc.",89.3199996948242
2019-08-29,"BAC","Financials","Bank of America Corporation",23.0557098388672
2019-08-29,"COP","Energy","ConocoPhillips",41.0463562011719
2019-08-29,"CVX","Energy","Chevron Corporation",87.3854751586914
2019-08-29,"HD","Consumer","The Home Depot, Inc.",191.453857421875
2019-08-29,"JPM","Financials","JPMorgan Chase & Co.",90.5423355102539
2019-08-29,"MCD","Consumer","McDonald's Corporation",187.404357910156
2019-08-29,"MSFT","Technology","Microsoft Corporation",130.118194580078
2019-08-29,"NVDA","Technology","NVIDIA Corporation",4.14831066131592
2019-08-29,"WFC","Financials","Wells Fargo & Company",38.786449432373
2019-08-29,"XOM","Energy","Exxon Mobil Corporation",50.4935264587402
2019-08-30,"AAPL","Technology","Apple Inc.",50.120777130127
2019-08-30,"AMZN","Consumer","Amazon.com, Inc.",88.8144989013672
2019-08-30,"BAC","Financials","Bank of America Corporation",23.2075634002686
2019-08-30,"COP","Energy","ConocoPhillips",40.9599990844727
2019-08-30,"CVX","Energy","Chevron Corporation",87.5341949462891
2019-08-30,"HD","Consumer","The Home Depot, Inc.",191.950759887695
2019-08-30,"JPM","Financials","JPMorgan Chase & Co.",91.0728759765625
2019-08-30,"MCD","Consumer","McDonald's Corporation",186.199859619141
2019-08-30,"MSFT","Technology","Microsoft Corporation",129.873275756836
2019-08-30,"NVDA","Technology","NVIDIA Corporation",4.16097688674927
2019-08-30,"WFC","Financials","Wells Fargo & Company",39.1055450439453
2019-08-30,"XOM","Energy","Exxon Mobil Corporation",50.5304260253906
2019-09-03,"AAPL","Technology","Apple Inc.",49.3908538818359
2019-09-03,"AMZN","Consumer","Amazon.com, Inc.",89.4919967651367
2019-09-03,"BAC","Financials","Bank of America Corporation",22.8194999694824
2019-09-03,"COP","Energy","ConocoPhillips",40.85009765625
2019-09-03,"CVX","Energy","Chevron Corporation",86.4560089111328
2019-09-03,"HD","Consumer","The Home Depot, Inc.",188.716583251953
2019-09-03,"JPM","Financials","JPMorgan Chase & Co.",89.9952011108398
2019-09-03,"MCD","Consumer","McDonald's Corporation",185.482284545898
2019-09-03,"MSFT","Technology","Microsoft Corporation",128.158645629883
2019-09-03,"NVDA","Technology","NVIDIA Corporation",4.07801198959351
2019-09-03,"WFC","Financials","Wells Fargo & Company",38.7024879455566
2019-09-03,"XOM","Energy","Exxon Mobil Corporation",50.5894546508789
2019-09-04,"AAPL","Technology","Apple Inc.",50.2288360595703
2019-09-04,"AMZN","Consumer","Amazon.com, Inc.",90.0309982299805
2019-09-04,"BAC","Financials","Bank of America Corporation",23.1906833648682
2019-09-04,"COP","Energy","ConocoPhillips",41.8391723632812
2019-09-04,"CVX","Energy","Chevron Corporation",87.1847152709961
2019-09-04,"HD","Consumer","The Home Depot, Inc.",189.936813354492
2019-09-04,"JPM","Financials","JPMorgan Chase & Co.",91.0811767578125
2019-09-04,"MCD","Consumer","McDonald's Corporation",186.652618408203
2019-09-04,"MSFT","Technology","Microsoft Corporation",129.65657043457
2019-09-04,"NVDA","Technology","NVIDIA Corporation",4.19202947616577
2019-09-04,"WFC","Financials","Wells Fargo & Company",39.0467643737793
2019-09-04,"XOM","Energy","Exxon Mobil Corporation",51.1281127929688
2019-09-05,"AAPL","Technology","Apple Inc.",51.2108840942383
2019-09-05,"AMZN","Consumer","Amazon.com, Inc.",92.036003112793
2019-09-05,"BAC","Financials","Bank of America Corporation",23.8785057067871
2019-09-05,"COP","Energy","ConocoPhillips",41.9490699768066
2019-09-05,"CVX","Energy","Chevron Corporation",87.4747085571289
2019-09-05,"HD","Consumer","The Home Depot, Inc.",193.326278686523
2019-09-05,"JPM","Financials","JPMorgan Chase & Co.",93.1536483764648
2019-09-05,"MCD","Consumer","McDonald's Corporation",187.498336791992
2019-09-05,"MSFT","Technology","Microsoft Corporation",131.936401367188
2019-09-05,"NVDA","Technology","NVIDIA Corporation",4.46477270126343
2019-09-05,"WFC","Financials","Wells Fargo & Company",39.9872550964355
2019-09-05,"XOM","Energy","Exxon Mobil Corporation",51.8512344360352
2019-09-06,"AAPL","Technology","Apple Inc.",51.2060813903809
2019-09-06,"AMZN","Consumer","Amazon.com, Inc.",91.6754989624023
2019-09-06,"BAC","Financials","Bank of America Corporation",23.5473308563232
2019-09-06,"COP","Energy","ConocoPhillips",42.098217010498
2019-09-06,"CVX","Energy","Chevron Corporation",87.9357147216797
2019-09-06,"HD","Consumer","The Home Depot, Inc.",195.851425170898
2019-09-06,"JPM","Financials","JPMorgan Chase & Co.",93.3526000976562
2019-09-06,"MCD","Consumer","McDonald's Corporation",187.959564208984
2019-09-06,"MSFT","Technology","Microsoft Corporation",131.041397094727
2019-09-06,"NVDA","Technology","NVIDIA Corporation",4.43769645690918
2019-09-06,"WFC","Financials","Wells Fargo & Company",39.5925788879395
2019-09-06,"XOM","Energy","Exxon Mobil Corporation",52.3382453918457
2019-09-09,"AAPL","Technology","Apple Inc.",51.4245872497559
2019-09-09,"AMZN","Consumer","Amazon.com, Inc.",91.567497253418
2019-09-09,"BAC","Financials","Bank of America Corporation",24.3115844726562
2019-09-09,"COP","Energy","ConocoPhillips",43.150074005127
2019-09-09,"CVX","Energy","Chevron Corporation",88.7759704589844
2019-09-09,"HD","Consumer","The Home Depot, Inc.",197.325820922852
2019-09-09,"JPM","Financials","JPMorgan Chase & Co.",95.6655044555664
2019-09-09,"MCD","Consumer","McDonald's Corporation",185.593322753906
2019-09-09,"MSFT","Technology","Microsoft Corporation",129.552947998047
2019-09-09,"NVDA","Technology","NVIDIA Corporation",4.48365020751953
2019-09-09,"WFC","Financials","Wells Fargo & Company",40.6506271362305
2019-09-09,"XOM","Energy","Exxon Mobil Corporation",52.7514572143555
2019-09-10,"AAPL","Technology","Apple Inc.",52.0320625305176
2019-09-10,"AMZN","Consumer","Amazon.com, Inc.",91.0274963378906
2019-09-10,"BAC","Financials","Bank of America Corporation",24.9229831695557
2019-09-10,"COP","Energy","ConocoPhillips",44.2097969055176
2019-09-10,"CVX","Energy","Chevron Corporation",90.6051864624023
2019-09-10,"HD","Consumer","The Home Depot, Inc.",197.436019897461
2019-09-10,"JPM","Financials","JPMorgan Chase & Co.",96.8841018676758
2019-09-10,"MCD","Consumer","McDonald's Corporation",179.118148803711
2019-09-10,"MSFT","Technology","Microsoft Corporation",128.196334838867
2019-09-10,"NVDA","Technology","NVIDIA Corporation",4.5502233505249
2019-09-10,"WFC","Financials","Wells Fargo & Company",40.5666542053223
2019-09-10,"XOM","Energy","Exxon Mobil Corporation",53.1794319152832
2019-09-11,"AAPL","Technology","Apple Inc.",53.6864280700684
2019-09-11,"AMZN","Consumer","Amazon.com, Inc.",91.1494979858398
2019-09-11,"BAC","Financials","Bank of America Corporation",25.0163898468018
2019-09-11,"COP","Energy","ConocoPhillips",44.9005813598633
2019-09-11,"CVX","Energy","Chevron Corporation",90.1813278198242
2019-09-11,"HD","Consumer","The Home Depot, Inc.",197.147888183594
2019-09-11,"JPM","Financials","JPMorgan Chase & Co.",97.1493835449219
2019-09-11,"MCD","Consumer","McDonald's Corporation",179.562377929688
2019-09-11,"MSFT","Technology","Microsoft Corporation",128.234069824219
2019-09-11,"NVDA","Technology","NVIDIA Corporation",4.57878971099854
2019-09-11,"WFC","Financials","Wells Fargo & Company",41.0201072692871
2019-09-11,"XOM","Energy","Exxon Mobil Corporation",53.0761337280273
2019-09-12,"AAPL","Technology","Apple Inc.",53.5663871765137
2019-09-12,"AMZN","Consumer","Amazon.com, Inc.",92.1774978637695
2019-09-12,"BAC","Financials","Bank of America Corporation",25.1947135925293
2019-09-12,"COP","Energy","ConocoPhillips",44.2333374023438
2019-09-12,"CVX","Energy","Chevron Corporation",90.2854309082031
2019-09-12,"HD","Consumer","The Home Depot, Inc.",198.113861083984
2019-09-12,"JPM","Financials","JPMorgan Chase & Co.",97.7462539672852
2019-09-12,"MCD","Consumer","McDonald's Corporation",181.228149414062
2019-09-12,"MSFT","Technology","Microsoft Corporation",129.552947998047
2019-09-12,"NVDA","Technology","NVIDIA Corporation",4.57729911804199
2019-09-12,"WFC","Financials","Wells Fargo & Company",40.8521499633789
2019-09-12,"XOM","Energy","Exxon Mobil Corporation",53.1130180358887
2019-09-13,"AAPL","Technology","Apple Inc.",52.5242919921875
2019-09-13,"AMZN","Consumer","Amazon.com, Inc.",91.9670028686523
2019-09-13,"BAC","Financials","Bank of America Corporation",25.6192989349365
2019-09-13,"COP","Energy","ConocoPhillips",45.0104713439941
2019-09-13,"CVX","Energy","Chevron Corporation",90.3449096679688
2019-09-13,"HD","Consumer","The Home Depot, Inc.",198.266403198242
2019-09-13,"JPM","Financials","JPMorgan Chase & Co.",99.6695022583008
2019-09-13,"MCD","Consumer","McDonald's Corporation",179.229232788086
2019-09-13,"MSFT","Technology","Microsoft Corporation",129.364517211914
2019-09-13,"NVDA","Technology","NVIDIA Corporation",4.51942205429077
2019-09-13,"WFC","Financials","Wells Fargo & Company",41.0788803100586
2019-09-13,"XOM","Energy","Exxon Mobil Corporation",53.6000289916992
2019-09-16,"AAPL","Technology","Apple Inc.",52.8004188537598
2019-09-16,"AMZN","Consumer","Amazon.com, Inc.",90.3919982910156
2019-09-16,"BAC","Financials","Bank of America Corporation",25.5853290557861
2019-09-16,"COP","Energy","ConocoPhillips",49.0844879150391
2019-09-16,"CVX","Energy","Chevron Corporation",92.2931289672852
2019-09-16,"HD","Consumer","The Home Depot, Inc.",195.732788085938
2019-09-16,"JPM","Financials","JPMorgan Chase & Co.",98.7824935913086
2019-09-16,"MCD","Consumer","McDonald's Corporation",177.170516967773
2019-09-16,"MSFT","Technology","Microsoft Corporation",128.431915283203
2019-09-16,"NVDA","Technology","NVIDIA Corporation",4.47644901275635
2019-09-16,"WFC","Financials","Wells Fargo & Company",41.1292610168457
2019-09-16,"XOM","Energy","Exxon Mobil Corporation",54.4043197631836
2019-09-17,"AAPL","Technology","Apple Inc.",52.9925117492676
2019-09-17,"AMZN","Consumer","Amazon.com, Inc.",91.1275024414062
2019-09-17,"BAC","Financials","Bank of America Corporation",25.4239883422852
2019-09-17,"COP","Energy","ConocoPhillips",48.0561790466309
2019-09-17,"CVX","Energy","Chevron Corporation",92.1220855712891
2019-09-17,"HD","Consumer","The Home Depot, Inc.",195.071838378906
2019-09-17,"JPM","Financials","JPMorgan Chase & Co.",98.2933883666992
2019-09-17,"MCD","Consumer","McDonald's Corporation",179.263397216797
2019-09-17,"MSFT","Technology","Microsoft Corporation",129.430435180664
2019-09-17,"NVDA","Technology","NVIDIA Corporation",4.49780988693237
2019-09-17,"WFC","Financials","Wells Fargo & Company",40.9445190429688
2019-09-17,"XOM","Energy","Exxon Mobil Corporation",53.991096496582
2019-09-18,"AAPL","Technology","Apple Inc.",53.4895401000977
2019-09-18,"AMZN","Consumer","Amazon.com, Inc.",90.8730010986328
2019-09-18,"BAC","Financials","Bank of America Corporation",25.4749393463135
2019-09-18,"COP","Energy","ConocoPhillips",47.1063499450684
2019-09-18,"CVX","Energy","Chevron Corporation",92.3377380371094
2019-09-18,"HD","Consumer","The Home Depot, Inc.",195.597183227539
2019-09-18,"JPM","Financials","JPMorgan Chase & Co.",99.2798843383789
2019-09-18,"MCD","Consumer","McDonald's Corporation",179.758850097656
2019-09-18,"MSFT","Technology","Microsoft Corporation",130.494995117188
2019-09-18,"NVDA","Technology","NVIDIA Corporation",4.47073650360107
2019-09-18,"WFC","Financials","Wells Fargo & Company",41.0872688293457
2019-09-18,"XOM","Energy","Exxon Mobil Corporation",53.7328453063965
2019-09-19,"AAPL","Technology","Apple Inc.",53.0549392700195
2019-09-19,"AMZN","Consumer","Amazon.com, Inc.",91.0749969482422
2019-09-19,"BAC","Financials","Bank of America Corporation",25.3220882415771
2019-09-19,"COP","Energy","ConocoPhillips",47.0749626159668
2019-09-19,"CVX","Energy","Chevron Corporation",91.9510650634766
2019-09-19,"HD","Consumer","The Home Depot, Inc.",193.300872802734
2019-09-19,"JPM","Financials","JPMorgan Chase & Co.",98.9648590087891
2019-09-19,"MCD","Consumer","McDonald's Corporation",179.835754394531
2019-09-19,"MSFT","Technology","Microsoft Corporation",132.897308349609
2019-09-19,"NVDA","Technology","NVIDIA Corporation",4.3952202796936
2019-09-19,"WFC","Financials","Wells Fargo & Company",41.070484161377
2019-09-19,"XOM","Energy","Exxon Mobil Corporation",53.3712844848633
2019-09-20,"AAPL","Technology","Apple Inc.",52.2793769836426
2019-09-20,"AMZN","Consumer","Amazon.com, Inc.",89.7080001831055
2019-09-20,"BAC","Financials","Bank of America Corporation",25.1267795562744
2019-09-20,"COP","Energy","ConocoPhillips",47.7421836853027
2019-09-20,"CVX","Energy","Chevron Corporation",92.4418106079102
2019-09-20,"HD","Consumer","The Home Depot, Inc.",190.377426147461
2019-09-20,"JPM","Financials","JPMorgan Chase & Co.",98.5669631958008
2019-09-20,"MCD","Consumer","McDonald's Corporation",178.870452880859
2019-09-20,"MSFT","Technology","Microsoft Corporation",131.361709594727
2019-09-20,"NVDA","Technology","NVIDIA Corporation",4.28964948654175
2019-09-20,"WFC","Financials","Wells Fargo & Company",40.8353576660156
2019-09-20,"XOM","Energy","Exxon Mobil Corporation",53.1868095397949
2019-09-23,"AAPL","Technology","Apple Inc.",52.5170860290527
2019-09-23,"AMZN","Consumer","Amazon.com, Inc.",89.2649993896484
2019-09-23,"BAC","Financials","Bank of America Corporation",25.0673370361328
2019-09-23,"COP","Energy","ConocoPhillips",47.2398109436035
2019-09-23,"CVX","Energy","Chevron Corporation",92.8730926513672
2019-09-23,"HD","Consumer","The Home Depot, Inc.",191.716293334961
2019-09-23,"JPM","Financials","JPMorgan Chase & Co.",98.5503692626953
2019-09-23,"MCD","Consumer","McDonald's Corporation",180.707092285156
2019-09-23,"MSFT","Technology","Microsoft Corporation",131.079086303711
2019-09-23,"NVDA","Technology","NVIDIA Corporation",4.34305715560913
2019-09-23,"WFC","Financials","Wells Fargo & Company",41.1124687194824
2019-09-23,"XOM","Energy","Exxon Mobil Corporation",53.223705291748
2019-09-24,"AAPL","Technology","Apple Inc.",52.2673873901367
2019-09-24,"AMZN","Consumer","Amazon.com, Inc.",87.0804977416992
2019-09-24,"BAC","Financials","Bank of America Corporation",24.5748157501221
2019-09-24,"COP","Energy","ConocoPhillips",46.549015045166
2019-09-24,"CVX","Energy","Chevron Corporation",92.0105361938477
2019-09-24,"HD","Consumer","The Home Depot, Inc.",191.004516601562
2019-09-24,"JPM","Financials","JPMorgan Chase & Co.",97.2654495239258
2019-09-24,"MCD","Consumer","McDonald's Corporation",181.117111206055
2019-09-24,"MSFT","Technology","Microsoft Corporation",129.421035766602
2019-09-24,"NVDA","Technology","NVIDIA Corporation",4.2856764793396
2019-09-24,"WFC","Financials","Wells Fargo & Company",40.8521499633789
2019-09-24,"XOM","Energy","Exxon Mobil Corporation",52.4932060241699
2019-09-25,"AAPL","Technology","Apple Inc.",53.0717506408691
2019-09-25,"AMZN","Consumer","Amazon.com, Inc.",88.4164962768555
2019-09-25,"BAC","Financials","Bank of America Corporation",24.8380661010742
2019-09-25,"COP","Energy","ConocoPhillips",46.6903190612793
2019-09-25,"CVX","Energy","Chevron Corporation",91.8395233154297
2019-09-25,"HD","Consumer","The Home Depot, Inc.",193.283874511719
2019-09-25,"JPM","Financials","JPMorgan Chase & Co.",97.8208694458008
2019-09-25,"MCD","Consumer","McDonald's Corporation",181.638214111328
2019-09-25,"MSFT","Technology","Microsoft Corporation",131.286346435547
2019-09-25,"NVDA","Technology","NVIDIA Corporation",4.42726469039917
2019-09-25,"WFC","Financials","Wells Fargo & Company",41.3643798828125
2019-09-25,"XOM","Energy","Exxon Mobil Corporation",52.6481437683105
2019-09-26,"AAPL","Technology","Apple Inc.",52.7980308532715
2019-09-26,"AMZN","Consumer","Amazon.com, Inc.",86.9919967651367
2019-09-26,"BAC","Financials","Bank of America Corporation",24.7361660003662
2019-09-26,"COP","Energy","ConocoPhillips",45.2773628234863
2019-09-26,"CVX","Energy","Chevron Corporation",89.3485260009766
2019-09-26,"HD","Consumer","The Home Depot, Inc.",194.715972900391
2019-09-26,"JPM","Financials","JPMorgan Chase & Co.",97.0167388916016
2019-09-26,"MCD","Consumer","McDonald's Corporation",181.612579345703
2019-09-26,"MSFT","Technology","Microsoft Corporation",131.45588684082
2019-09-26,"NVDA","Technology","NVIDIA Corporation",4.40515661239624
2019-09-26,"WFC","Financials","Wells Fargo & Company",41.0368995666504
2019-09-26,"XOM","Energy","Exxon Mobil Corporation",52.3677444458008
2019-09-27,"AAPL","Technology","Apple Inc.",52.5411071777344
2019-09-27,"AMZN","Consumer","Amazon.com, Inc.",86.2724990844727
2019-09-27,"BAC","Financials","Bank of America Corporation",24.9229831695557
2019-09-27,"COP","Energy","ConocoPhillips",45.4500541687012
2019-09-27,"CVX","Energy","Chevron Corporation",88.1885375976562
2019-09-27,"HD","Consumer","The Home Depot, Inc.",194.775253295898
2019-09-27,"JPM","Financials","JPMorgan Chase & Co.",97.588737487793
2019-09-27,"MCD","Consumer","McDonald's Corporation",182.090927124023
2019-09-27,"MSFT","Technology","Microsoft Corporation",129.750732421875
2019-09-27,"NVDA","Technology","NVIDIA Corporation",4.2665491104126
2019-09-27,"WFC","Financials","Wells Fargo & Company",42.5819549560547
2019-09-27,"XOM","Energy","Exxon Mobil Corporation",52.7440872192383
2019-09-30,"AAPL","Technology","Apple Inc.",53.7776832580566
2019-09-30,"AMZN","Consumer","Amazon.com, Inc.",86.7955017089844
2019-09-30,"BAC","Financials","Bank of America Corporation",24.7701301574707
2019-09-30,"COP","Energy","ConocoPhillips",44.7278785705566
2019-09-30,"CVX","Energy","Chevron Corporation",88.1885375976562
2019-09-30,"HD","Consumer","The Home Depot, Inc.",196.605621337891
2019-09-30,"JPM","Financials","JPMorgan Chase & Co.",97.5638809204102
2019-09-30,"MCD","Consumer","McDonald's Corporation",183.415023803711
2019-09-30,"MSFT","Technology","Microsoft Corporation",130.97541809082
2019-09-30,"NVDA","Technology","NVIDIA Corporation",4.32392930984497
2019-09-30,"WFC","Financials","Wells Fargo & Company",42.3552474975586
2019-09-30,"XOM","Energy","Exxon Mobil Corporation",52.1021194458008
2019-10-01,"AAPL","Technology","Apple Inc.",53.9265480041504
2019-10-01,"AMZN","Consumer","Amazon.com, Inc.",86.7825012207031
2019-10-01,"BAC","Financials","Bank of America Corporation",24.1502418518066
2019-10-01,"COP","Energy","ConocoPhillips",43.2913856506348
2019-10-01,"CVX","Energy","Chevron Corporation",86.2626647949219
2019-10-01,"HD","Consumer","The Home Depot, Inc.",195.809036254883
2019-10-01,"JPM","Financials","JPMorgan Chase & Co.",95.7898559570312
2019-10-01,"MCD","Consumer","McDonald's Corporation",178.554351806641
2019-10-01,"MSFT","Technology","Microsoft Corporation",129.129013061523
2019-10-01,"NVDA","Technology","NVIDIA Corporation",4.322190284729
2019-10-01,"WFC","Financials","Wells Fargo & Company",41.1964378356934
2019-10-01,"XOM","Energy","Exxon Mobil Corporation",50.8772239685059
2019-10-02,"AAPL","Technology","Apple Inc.",52.5747222900391
2019-10-02,"AMZN","Consumer","Amazon.com, Inc.",85.6614990234375
2019-10-02,"BAC","Financials","Bank of America Corporation",23.640739440918
2019-10-02,"COP","Energy","ConocoPhillips",41.6586265563965
2019-10-02,"CVX","Energy","Chevron Corporation",83.4965591430664
2019-10-02,"HD","Consumer","The Home Depot, Inc.",191.123107910156
2019-10-02,"JPM","Financials","JPMorgan Chase & Co.",93.8831481933594
2019-10-02,"MCD","Consumer","McDonald's Corporation",176.205230712891
2019-10-02,"MSFT","Technology","Microsoft Corporation",126.849212646484
2019-10-02,"NVDA","Technology","NVIDIA Corporation",4.29834413528442
2019-10-02,"WFC","Financials","Wells Fargo & Company",40.7010078430176
2019-10-02,"XOM","Energy","Exxon Mobil Corporation",49.5490417480469
2019-10-03,"AAPL","Technology","Apple Inc.",53.0213356018066
2019-10-03,"AMZN","Consumer","Amazon.com, Inc.",86.2210006713867
2019-10-03,"BAC","Financials","Bank of America Corporation",23.6152629852295
2019-10-03,"COP","Energy","ConocoPhillips",42.121768951416
2019-10-03,"CVX","Energy","Chevron Corporation",84.1360397338867
2019-10-03,"HD","Consumer","The Home Depot, Inc.",192.190795898438
2019-10-03,"JPM","Financials","JPMorgan Chase & Co.",93.7494430541992
2019-10-03,"MCD","Consumer","McDonald's Corporation",179.417129516602
2019-10-03,"MSFT","Technology","Microsoft Corporation",128.384780883789
2019-10-03,"NVDA","Technology","NVIDIA Corporation",4.5037727355957
2019-10-03,"WFC","Financials","Wells Fargo & Company",40.7094078063965
2019-10-03,"XOM","Energy","Exxon Mobil Corporation",50.1614723205566
2019-10-04,"AAPL","Technology","Apple Inc.",54.5076026916504
2019-10-04,"AMZN","Consumer","Amazon.com, Inc.",86.9824981689453
2019-10-04,"BAC","Financials","Bank of America Corporation",24.0907974243164
2019-10-04,"COP","Energy","ConocoPhillips",41.996166229248
2019-10-04,"CVX","Energy","Chevron Corporation",84.6565399169922
2019-10-04,"HD","Consumer","The Home Depot, Inc.",193.139801025391
2019-10-04,"JPM","Financials","JPMorgan Chase & Co.",95.7800445556641
2019-10-04,"MCD","Consumer","McDonald's Corporation",180.835189819336
2019-10-04,"MSFT","Technology","Microsoft Corporation",130.118194580078
2019-10-04,"NVDA","Technology","NVIDIA Corporation",4.52016592025757
2019-10-04,"WFC","Financials","Wells Fargo & Company",41.3223915100098
2019-10-04,"XOM","Energy","Exxon Mobil Corporation",50.891975402832
2019-10-07,"AAPL","Technology","Apple Inc.",54.5196151733398
2019-10-07,"AMZN","Consumer","Amazon.com, Inc.",86.6330032348633
2019-10-07,"BAC","Financials","Bank of America Corporation",24.039852142334
2019-10-07,"COP","Energy","ConocoPhillips",42.8596267700195
2019-10-07,"CVX","Energy","Chevron Corporation",84.2178268432617
2019-10-07,"HD","Consumer","The Home Depot, Inc.",192.131484985352
2019-10-07,"JPM","Financials","JPMorgan Chase & Co.",95.5711364746094
2019-10-07,"MCD","Consumer","McDonald's Corporation",181.031692504883
2019-10-07,"MSFT","Technology","Microsoft Corporation",129.17610168457
2019-10-07,"NVDA","Technology","NVIDIA Corporation",4.57878971099854
2019-10-07,"WFC","Financials","Wells Fargo & Company",40.9865074157715
2019-10-07,"XOM","Energy","Exxon Mobil Corporation",50.1909980773926
2019-10-08,"AAPL","Technology","Apple Inc.",53.8809242248535
2019-10-08,"AMZN","Consumer","Amazon.com, Inc.",85.2754974365234
2019-10-08,"BAC","Financials","Bank of America Corporation",23.4624176025391
2019-10-08,"COP","Energy","ConocoPhillips",42.3101577758789
2019-10-08,"CVX","Energy","Chevron Corporation",83.0652770996094
2019-10-08,"HD","Consumer","The Home Depot, Inc.",192.072158813477
2019-10-08,"JPM","Financials","JPMorgan Chase & Co.",93.4402923583984
2019-10-08,"MCD","Consumer","McDonald's Corporation",180.339736938477
2019-10-08,"MSFT","Technology","Microsoft Corporation",127.810081481934
2019-10-08,"NVDA","Technology","NVIDIA Corporation",4.40242385864258
2019-10-08,"WFC","Financials","Wells Fargo & Company",40.1551971435547
2019-10-08,"XOM","Energy","Exxon Mobil Corporation",49.2169876098633
2019-10-09,"AAPL","Technology","Apple Inc.",54.5124130249023
2019-10-09,"AMZN","Consumer","Amazon.com, Inc.",86.0995025634766
2019-10-09,"BAC","Financials","Bank of America Corporation",23.6831912994385
2019-10-09,"COP","Energy","ConocoPhillips",43.126537322998
2019-10-09,"CVX","Energy","Chevron Corporation",84.1285934448242
2019-10-09,"HD","Consumer","The Home Depot, Inc.",193.995681762695
2019-10-09,"JPM","Financials","JPMorgan Chase & Co.",94.1171417236328
2019-10-09,"MCD","Consumer","McDonald's Corporation",181.809066772461
2019-10-09,"MSFT","Technology","Microsoft Corporation",130.231201171875
2019-10-09,"NVDA","Technology","NVIDIA Corporation",4.48886823654175
2019-10-09,"WFC","Financials","Wells Fargo & Company",40.4322967529297
2019-10-09,"XOM","Energy","Exxon Mobil Corporation",49.7630386352539
2019-10-10,"AAPL","Technology","Apple Inc.",55.2471580505371
2019-10-10,"AMZN","Consumer","Amazon.com, Inc.",86.0130004882812
2019-10-10,"BAC","Financials","Bank of America Corporation",24.1587371826172
2019-10-10,"COP","Energy","ConocoPhillips",43.8644065856934
2019-10-10,"CVX","Energy","Chevron Corporation",85.206787109375
2019-10-10,"HD","Consumer","The Home Depot, Inc.",196.258148193359
2019-10-10,"JPM","Financials","JPMorgan Chase & Co.",95.4374313354492
2019-10-10,"MCD","Consumer","McDonald's Corporation",180.895050048828
2019-10-10,"MSFT","Technology","Microsoft Corporation",131.041397094727
2019-10-10,"NVDA","Technology","NVIDIA Corporation",4.5464973449707
2019-10-10,"WFC","Financials","Wells Fargo & Company",40.8521499633789
2019-10-10,"XOM","Energy","Exxon Mobil Corporation",50.360710144043
2019-10-11,"AAPL","Technology","Apple Inc.",56.7166366577148
2019-10-11,"AMZN","Consumer","Amazon.com, Inc.",86.5960006713867
2019-10-11,"BAC","Financials","Bank of America Corporation",24.5493469238281
2019-10-11,"COP","Energy","ConocoPhillips",44.296142578125
2019-10-11,"CVX","Energy","Chevron Corporation",86.3667755126953
2019-10-11,"HD","Consumer","The Home Depot, Inc.",198.842636108398
2019-10-11,"JPM","Financials","JPMorgan Chase & Co.",97.0502166748047
2019-10-11,"MCD","Consumer","McDonald's Corporation",178.554351806641
2019-10-11,"MSFT","Technology","Microsoft Corporation",131.587799072266
2019-10-11,"NVDA","Technology","NVIDIA Corporation",4.62002611160278
2019-10-11,"WFC","Financials","Wells Fargo & Company",41.3223915100098
2019-10-11,"XOM","Energy","Exxon Mobil Corporation",50.8993682861328
2019-10-14,"AAPL","Technology","Apple Inc.",56.6350059509277
2019-10-14,"AMZN","Consumer","Amazon.com, Inc.",86.8215026855469
2019-10-14,"BAC","Financials","Bank of America Corporation",24.7446517944336
2019-10-14,"COP","Energy","ConocoPhillips",44.0606536865234
2019-10-14,"CVX","Energy","Chevron Corporation",86.3890762329102
2019-10-14,"HD","Consumer","The Home Depot, Inc.",198.43586730957
2019-10-14,"JPM","Financials","JPMorgan Chase & Co.",97.3092498779297
2019-10-14,"MCD","Consumer","McDonald's Corporation",178.007629394531
2019-10-14,"MSFT","Technology","Microsoft Corporation",131.465316772461
2019-10-14,"NVDA","Technology","NVIDIA Corporation",4.63343811035156
2019-10-14,"WFC","Financials","Wells Fargo & Company",41.3727798461914
2019-10-14,"XOM","Energy","Exxon Mobil Corporation",51.0469284057617
2019-10-15,"AAPL","Technology","Apple Inc.",56.5029335021973
2019-10-15,"AMZN","Consumer","Amazon.com, Inc.",88.3690032958984
2019-10-15,"BAC","Financials","Bank of America Corporation",25.2456665039062
2019-10-15,"COP","Energy","ConocoPhillips",43.9193649291992
2019-10-15,"CVX","Energy","Chevron Corporation",86.4857482910156
2019-10-15,"HD","Consumer","The Home Depot, Inc.",199.656051635742
2019-10-15,"JPM","Financials","JPMorgan Chase & Co.",100.242324829102
2019-10-15,"MCD","Consumer","McDonald's Corporation",177.016693115234
2019-10-15,"MSFT","Technology","Microsoft Corporation",133.368301391602
2019-10-15,"NVDA","Technology","NVIDIA Corporation",4.87786388397217
2019-10-15,"WFC","Financials","Wells Fargo & Company",42.0781288146973
2019-10-15,"XOM","Energy","Exxon Mobil Corporation",51.2240333557129
2019-10-16,"AAPL","Technology","Apple Inc.",56.2748336791992
2019-10-16,"AMZN","Consumer","Amazon.com, Inc.",88.8714981079102
2019-10-16,"BAC","Financials","Bank of America Corporation",25.6192989349365
2019-10-16,"COP","Energy","ConocoPhillips",43.1917190551758
2019-10-16,"CVX","Energy","Chevron Corporation",85.5934448242188
2019-10-16,"HD","Consumer","The Home Depot, Inc.",199.893356323242
2019-10-16,"JPM","Financials","JPMorgan Chase & Co.",100.008331298828
2019-10-16,"MCD","Consumer","McDonald's Corporation",177.939331054688
2019-10-16,"MSFT","Technology","Microsoft Corporation",132.275512695312
2019-10-16,"NVDA","Technology","NVIDIA Corporation",4.82421016693115
2019-10-16,"WFC","Financials","Wells Fargo & Company",41.6414794921875
2019-10-16,"XOM","Energy","Exxon Mobil Corporation",50.3459548950195
2019-10-17,"AAPL","Technology","Apple Inc.",56.4933280944824
2019-10-17,"AMZN","Consumer","Amazon.com, Inc.",89.3740005493164
2019-10-17,"BAC","Financials","Bank of America Corporation",25.6957225799561
2019-10-17,"COP","Energy","ConocoPhillips",43.1284408569336
2019-10-17,"CVX","Energy","Chevron Corporation",85.7719192504883
2019-10-17,"HD","Consumer","The Home Depot, Inc.",200.630554199219
2019-10-17,"JPM","Financials","JPMorgan Chase & Co.",100.568206787109
2019-10-17,"MCD","Consumer","McDonald's Corporation",176.700653076172
2019-10-17,"MSFT","Technology","Microsoft Corporation",131.597229003906
2019-10-17,"NVDA","Technology","NVIDIA Corporation",4.82619762420654
2019-10-17,"WFC","Financials","Wells Fargo & Company",41.6582908630371
2019-10-17,"XOM","Energy","Exxon Mobil Corporation",50.279541015625
2019-10-18,"AAPL","Technology","Apple Inc.",56.7646636962891
2019-10-18,"AMZN","Consumer","Amazon.com, Inc.",87.8755035400391
2019-10-18,"BAC","Financials","Bank of America Corporation",25.7721481323242
2019-10-18,"COP","Energy","ConocoPhillips",42.6697273254395
2019-10-18,"CVX","Energy","Chevron Corporation",85.3183288574219
2019-10-18,"HD","Consumer","The Home Depot, Inc.",201.613494873047
2019-10-18,"JPM","Financials","JPMorgan Chase & Co.",100.743690490723
2019-10-18,"MCD","Consumer","McDonald's Corporation",178.110198974609
2019-10-18,"MSFT","Technology","Microsoft Corporation",129.449325561523
2019-10-18,"NVDA","Technology","NVIDIA Corporation",4.73180532455444
2019-10-18,"WFC","Financials","Wells Fargo & Company",41.9605865478516
2019-10-18,"XOM","Energy","Exxon Mobil Corporation",49.8884658813477
2019-10-21,"AAPL","Technology","Apple Inc.",57.7491111755371
2019-10-21,"AMZN","Consumer","Amazon.com, Inc.",89.2829971313477
2019-10-21,"BAC","Financials","Bank of America Corporation",26.34108543396
2019-10-21,"COP","Energy","ConocoPhillips",44.2594528198242
2019-10-21,"CVX","Energy","Chevron Corporation",86.7088088989258
2019-10-21,"HD","Consumer","The Home Depot, Inc.",200.571197509766
2019-10-21,"JPM","Financials","JPMorgan Chase & Co.",103.242233276367
2019-10-21,"MCD","Consumer","McDonald's Corporation",179.263397216797
2019-10-21,"MSFT","Technology","Microsoft Corporation",130.410202026367
2019-10-21,"NVDA","Technology","NVIDIA Corporation",4.8689227104187
2019-10-21,"WFC","Financials","Wells Fargo & Company",42.3720321655273
2019-10-21,"XOM","Energy","Exxon Mobil Corporation",50.7222633361816
2019-10-22,"AAPL","Technology","Apple Inc.",57.6170463562012
2019-10-22,"AMZN","Consumer","Amazon.com, Inc.",88.2864990234375
2019-10-22,"BAC","Financials","Bank of America Corporation",26.4939384460449
2019-10-22,"COP","Energy","ConocoPhillips",44.7181816101074
2019-10-22,"CVX","Energy","Chevron Corporation",87.5936965942383
2019-10-22,"HD","Consumer","The Home Depot, Inc.",200.994918823242
2019-10-22,"JPM","Financials","JPMorgan Chase & Co.",104.278419494629
2019-10-22,"MCD","Consumer","McDonald's Corporation",170.225494384766
2019-10-22,"MSFT","Technology","Microsoft Corporation",128.469573974609
2019-10-22,"NVDA","Technology","NVIDIA Corporation",4.8589882850647
2019-10-22,"WFC","Financials","Wells Fargo & Company",42.5063972473145
2019-10-22,"XOM","Energy","Exxon Mobil Corporation",50.9805297851562
2019-10-23,"AAPL","Technology","Apple Inc.",58.390209197998
2019-10-23,"AMZN","Consumer","Amazon.com, Inc.",88.1084976196289
2019-10-23,"BAC","Financials","Bank of America Corporation",26.6807537078857
2019-10-23,"COP","Energy","ConocoPhillips",44.4888114929199
2019-10-23,"CVX","Energy","Chevron Corporation",87.7275161743164
2019-10-23,"HD","Consumer","The Home Depot, Inc.",198.85107421875
2019-10-23,"JPM","Financials","JPMorgan Chase & Co.",104.554176330566
2019-10-23,"MCD","Consumer","McDonald's Corporation",170.174224853516
2019-10-23,"MSFT","Technology","Microsoft Corporation",129.289154052734
2019-10-23,"NVDA","Technology","NVIDIA Corporation",4.84607076644897
2019-10-23,"WFC","Financials","Wells Fargo & Company",42.7667045593262
2019-10-23,"XOM","Energy","Exxon Mobil Corporation",51.4675369262695
2019-10-24,"AAPL","Technology","Apple Inc.",58.4862594604492
2019-10-24,"AMZN","Consumer","Amazon.com, Inc.",89.0390014648438
2019-10-24,"BAC","Financials","Bank of America Corporation",26.6298027038574
2019-10-24,"COP","Energy","ConocoPhillips",44.4176368713379
2019-10-24,"CVX","Energy","Chevron Corporation",87.4300842285156
2019-10-24,"HD","Consumer","The Home Depot, Inc.",198.190170288086
2019-10-24,"JPM","Financials","JPMorgan Chase & Co.",104.478958129883
2019-10-24,"MCD","Consumer","McDonald's Corporation",167.449203491211
2019-10-24,"MSFT","Technology","Microsoft Corporation",131.832733154297
2019-10-24,"NVDA","Technology","NVIDIA Corporation",4.89003849029541
2019-10-24,"WFC","Financials","Wells Fargo & Company",42.9094581604004
2019-10-24,"XOM","Energy","Exxon Mobil Corporation",50.9805297851562
2019-10-25,"AAPL","Technology","Apple Inc.",59.2065963745117
2019-10-25,"AMZN","Consumer","Amazon.com, Inc.",88.0664978027344
2019-10-25,"BAC","Financials","Bank of America Corporation",26.9355030059814
2019-10-25,"COP","Energy","ConocoPhillips",44.5679054260254
2019-10-25,"CVX","Energy","Chevron Corporation",88.2406234741211
2019-10-25,"HD","Consumer","The Home Depot, Inc.",198.605361938477
2019-10-25,"JPM","Financials","JPMorgan Chase & Co.",105.314582824707
2019-10-25,"MCD","Consumer","McDonald's Corporation",166.244674682617
2019-10-25,"MSFT","Technology","Microsoft Corporation",132.576950073242
2019-10-25,"NVDA","Technology","NVIDIA Corporation",5.08081007003784
2019-10-25,"WFC","Financials","Wells Fargo & Company",43.3041229248047
2019-10-25,"XOM","Energy","Exxon Mobil Corporation",51.0985946655273
2019-10-28,"AAPL","Technology","Apple Inc.",59.7996635437012
2019-10-28,"AMZN","Consumer","Amazon.com, Inc.",88.8539962768555
2019-10-28,"BAC","Financials","Bank of America Corporation",27.0373973846436
2019-10-28,"COP","Energy","ConocoPhillips",44.0380020141602
2019-10-28,"CVX","Energy","Chevron Corporation",88.0993270874023
2019-10-28,"HD","Consumer","The Home Depot, Inc.",200.655960083008
2019-10-28,"JPM","Financials","JPMorgan Chase & Co.",105.715690612793
2019-10-28,"MCD","Consumer","McDonald's Corporation",163.827163696289
2019-10-28,"MSFT","Technology","Microsoft Corporation",135.836517333984
2019-10-28,"NVDA","Technology","NVIDIA Corporation",5.13669967651367
2019-10-28,"WFC","Financials","Wells Fargo & Company",43.3713073730469
2019-10-28,"XOM","Energy","Exxon Mobil Corporation",50.648494720459
2019-10-29,"AAPL","Technology","Apple Inc.",58.416618347168
2019-10-29,"AMZN","Consumer","Amazon.com, Inc.",88.135498046875
2019-10-29,"BAC","Financials","Bank of America Corporation",27.2327136993408
2019-10-29,"COP","Energy","ConocoPhillips",45.153190612793
2019-10-29,"CVX","Energy","Chevron Corporation",87.8390579223633
2019-10-29,"HD","Consumer","The Home Depot, Inc.",198.402008056641
2019-10-29,"JPM","Financials","JPMorgan Chase & Co.",105.648849487305
2019-10-29,"MCD","Consumer","McDonald's Corporation",164.544769287109
2019-10-29,"MSFT","Technology","Microsoft Corporation",134.555267333984
2019-10-29,"NVDA","Technology","NVIDIA Corporation",5.04056835174561
2019-10-29,"WFC","Financials","Wells Fargo & Company",43.8079605102539
2019-10-29,"XOM","Energy","Exxon Mobil Corporation",50.5009078979492
2019-10-30,"AAPL","Technology","Apple Inc.",58.4094123840332
2019-10-30,"AMZN","Consumer","Amazon.com, Inc.",88.9994964599609
2019-10-30,"BAC","Financials","Bank of America Corporation",26.8505878448486
2019-10-30,"COP","Energy","ConocoPhillips",43.5318183898926
2019-10-30,"CVX","Energy","Chevron Corporation",86.5229339599609
2019-10-30,"HD","Consumer","The Home Depot, Inc.",200.181396484375
2019-10-30,"JPM","Financials","JPMorgan Chase & Co.",105.063911437988
2019-10-30,"MCD","Consumer","McDonald's Corporation",168.192367553711
2019-10-30,"MSFT","Technology","Microsoft Corporation",136.232238769531
2019-10-30,"NVDA","Technology","NVIDIA Corporation",5.04255533218384
2019-10-30,"WFC","Financials","Wells Fargo & Company",43.6903953552246
2019-10-30,"XOM","Energy","Exxon Mobil Corporation",49.9696426391602
2019-10-31,"AAPL","Technology","Apple Inc.",59.7300224304199
2019-10-31,"AMZN","Consumer","Amazon.com, Inc.",88.8330001831055
2019-10-31,"BAC","Financials","Bank of America Corporation",26.5533771514893
2019-10-31,"COP","Energy","ConocoPhillips",43.6583518981934
2019-10-31,"CVX","Energy","Chevron Corporation",86.3593368530273
2019-10-31,"HD","Consumer","The Home Depot, Inc.",198.774841308594
2019-10-31,"JPM","Financials","JPMorgan Chase & Co.",104.38703918457
2019-10-31,"MCD","Consumer","McDonald's Corporation",168.030059814453
2019-10-31,"MSFT","Technology","Microsoft Corporation",135.064010620117
2019-10-31,"NVDA","Technology","NVIDIA Corporation",4.99337291717529
2019-10-31,"WFC","Financials","Wells Fargo & Company",43.3544960021973
2019-10-31,"XOM","Energy","Exxon Mobil Corporation",49.8589477539062
2019-11-01,"AAPL","Technology","Apple Inc.",61.425220489502
2019-11-01,"AMZN","Consumer","Amazon.com, Inc.",89.5719985961914
2019-11-01,"BAC","Financials","Bank of America Corporation",27.0034351348877
2019-11-01,"COP","Energy","ConocoPhillips",45.2006454467773
2019-11-01,"CVX","Energy","Chevron Corporation",86.4113922119141
2019-11-01,"HD","Consumer","The Home Depot, Inc.",201.113555908203
2019-11-01,"JPM","Financials","JPMorgan Chase & Co.",106.793670654297
2019-11-01,"MCD","Consumer","McDonald's Corporation",165.672332763672
2019-11-01,"MSFT","Technology","Microsoft Corporation",135.393753051758
2019-11-01,"NVDA","Technology","NVIDIA Corporation",5.03237295150757
2019-11-01,"WFC","Financials","Wells Fargo & Company",43.8163604736328
2019-11-01,"XOM","Energy","Exxon Mobil Corporation",51.3568458557129
2019-11-04,"AAPL","Technology","Apple Inc.",61.8286094665527
2019-11-04,"AMZN","Consumer","Amazon.com, Inc.",90.2330017089844
2019-11-04,"BAC","Financials","Bank of America Corporation",27.5129356384277
2019-11-04,"COP","Energy","ConocoPhillips",45.8729057312012
2019-11-04,"CVX","Energy","Chevron Corporation",90.39697265625
2019-11-04,"HD","Consumer","The Home Depot, Inc.",199.062911987305
2019-11-04,"JPM","Financials","JPMorgan Chase & Co.",107.646026611328
2019-11-04,"MCD","Consumer","McDonald's Corporation",161.161911010742
2019-11-04,"MSFT","Technology","Microsoft Corporation",136.175628662109
2019-11-04,"NVDA","Technology","NVIDIA Corporation",5.22885608673096
2019-11-04,"WFC","Financials","Wells Fargo & Company",44.2697906494141
2019-11-04,"XOM","Energy","Exxon Mobil Corporation",52.8842735290527
2019-11-05,"AAPL","Technology","Apple Inc.",61.7397613525391
2019-11-05,"AMZN","Consumer","Amazon.com, Inc.",90.0855026245117
2019-11-05,"BAC","Financials","Bank of America Corporation",27.8695869445801
2019-11-05,"COP","Energy","ConocoPhillips",46.2762794494629
2019-11-05,"CVX","Energy","Chevron Corporation",90.6720962524414
2019-11-05,"HD","Consumer","The Home Depot, Inc.",196.758117675781
2019-11-05,"JPM","Financials","JPMorgan Chase & Co.",107.879989624023
2019-11-05,"MCD","Consumer","McDonald's Corporation",164.168884277344
2019-11-05,"MSFT","Technology","Microsoft Corporation",136.090866088867
2019-11-05,"NVDA","Technology","NVIDIA Corporation",5.20674991607666
2019-11-05,"WFC","Financials","Wells Fargo & Company",44.7568397521973
2019-11-05,"XOM","Energy","Exxon Mobil Corporation",53.9320640563965
2019-11-06,"AAPL","Technology","Apple Inc.",61.7661552429199
2019-11-06,"AMZN","Consumer","Amazon.com, Inc.",89.7884979248047
2019-11-06,"BAC","Financials","Bank of America Corporation",27.8441104888916
2019-11-06,"COP","Energy","ConocoPhillips",45.5802803039551
2019-11-06,"CVX","Energy","Chevron Corporation",89.1552047729492
2019-11-06,"HD","Consumer","The Home Depot, Inc.",198.29182434082
2019-11-06,"JPM","Financials","JPMorgan Chase & Co.",108.04712677002
2019-11-06,"MCD","Consumer","McDonald's Corporation",165.877380371094
2019-11-06,"MSFT","Technology","Microsoft Corporation",135.714050292969
2019-11-06,"NVDA","Technology","NVIDIA Corporation",5.15756702423096
2019-11-06,"WFC","Financials","Wells Fargo & Company",45.1766891479492
2019-11-06,"XOM","Energy","Exxon Mobil Corporation",52.7514572143555
2019-11-07,"AAPL","Technology","Apple Inc.",62.4790306091309
2019-11-07,"AMZN","Consumer","Amazon.com, Inc.",89.4100036621094
2019-11-07,"BAC","Financials","Bank of America Corporation",28.2177429199219
2019-11-07,"COP","Energy","ConocoPhillips",47.0909194946289
2019-11-07,"CVX","Energy","Chevron Corporation",90.6349105834961
2019-11-07,"HD","Consumer","The Home Depot, Inc.",197.385192871094
2019-11-07,"JPM","Financials","JPMorgan Chase & Co.",108.632034301758
2019-11-07,"MCD","Consumer","McDonald's Corporation",164.937698364258
2019-11-07,"MSFT","Technology","Microsoft Corporation",135.902450561523
2019-11-07,"NVDA","Technology","NVIDIA Corporation",5.17520141601562
2019-11-07,"WFC","Financials","Wells Fargo & Company",45.7785987854004
2019-11-07,"XOM","Energy","Exxon Mobil Corporation",53.8730621337891
2019-11-08,"AAPL","Technology","Apple Inc.",62.6500053405762
2019-11-08,"AMZN","Consumer","Amazon.com, Inc.",89.2939987182617
2019-11-08,"BAC","Financials","Bank of America Corporation",28.2432174682617
2019-11-08,"COP","Energy","ConocoPhillips",46.7903747558594
2019-11-08,"CVX","Energy","Chevron Corporation",89.9210968017578
2019-11-08,"HD","Consumer","The Home Depot, Inc.",197.300415039062
2019-11-08,"JPM","Financials","JPMorgan Chase & Co.",108.949607849121
2019-11-08,"MCD","Consumer","McDonald's Corporation",165.390441894531
2019-11-08,"MSFT","Technology","Microsoft Corporation",137.503982543945
2019-11-08,"NVDA","Technology","NVIDIA Corporation",5.16129159927368
2019-11-08,"WFC","Financials","Wells Fargo & Company",45.8633689880371
2019-11-08,"XOM","Energy","Exxon Mobil Corporation",52.8499450683594
2019-11-11,"AAPL","Technology","Apple Inc.",63.146125793457
2019-11-11,"AMZN","Consumer","Amazon.com, Inc.",88.5824966430664
2019-11-11,"BAC","Financials","Bank of America Corporation",28.1752796173096
2019-11-11,"COP","Energy","ConocoPhillips",46.592643737793
2019-11-11,"CVX","Energy","Chevron Corporation",89.8318634033203
2019-11-11,"HD","Consumer","The Home Depot, Inc.",196.419128417969
2019-11-11,"JPM","Financials","JPMorgan Chase & Co.",108.565185546875
2019-11-11,"MCD","Consumer","McDonald's Corporation",164.561798095703
2019-11-11,"MSFT","Technology","Microsoft Corporation",137.645263671875
2019-11-11,"NVDA","Technology","NVIDIA Corporation",5.17122793197632
2019-11-11,"WFC","Financials","Wells Fargo & Company",45.8209762573242
2019-11-11,"XOM","Energy","Exxon Mobil Corporation",52.5288352966309
2019-11-12,"AAPL","Technology","Apple Inc.",63.0883407592773
2019-11-12,"AMZN","Consumer","Amazon.com, Inc.",88.9000015258789
2019-11-12,"BAC","Financials","Bank of America Corporation",28.0988597869873
2019-11-12,"COP","Energy","ConocoPhillips",46.0548210144043
2019-11-12,"CVX","Energy","Chevron Corporation",89.9433975219727
2019-11-12,"HD","Consumer","The Home Depot, Inc.",197.537658691406
2019-11-12,"JPM","Financials","JPMorgan Chase & Co.",107.930122375488
2019-11-12,"MCD","Consumer","McDonald's Corporation",165.108596801758
2019-11-12,"MSFT","Technology","Microsoft Corporation",138.549682617188
2019-11-12,"NVDA","Technology","NVIDIA Corporation",5.20674991607666
2019-11-12,"WFC","Financials","Wells Fargo & Company",45.9651069641113
2019-11-12,"XOM","Energy","Exxon Mobil Corporation",51.8044509887695
2019-11-13,"AAPL","Technology","Apple Inc.",63.6928176879883
2019-11-13,"AMZN","Consumer","Amazon.com, Inc.",87.6555023193359
2019-11-13,"BAC","Financials","Bank of America Corporation",27.8441104888916
2019-11-13,"COP","Energy","ConocoPhillips",45.52490234375
2019-11-13,"CVX","Energy","Chevron Corporation",90.924919128418
2019-11-13,"HD","Consumer","The Home Depot, Inc.",198.961212158203
2019-11-13,"JPM","Financials","JPMorgan Chase & Co.",107.361877441406
2019-11-13,"MCD","Consumer","McDonald's Corporation",166.577835083008
2019-11-13,"MSFT","Technology","Microsoft Corporation",138.775756835938
2019-11-13,"NVDA","Technology","NVIDIA Corporation",5.18091535568237
2019-11-13,"WFC","Financials","Wells Fargo & Company",45.176700592041
2019-11-13,"XOM","Energy","Exxon Mobil Corporation",51.3787879943848
2019-11-14,"AAPL","Technology","Apple Inc.",63.2520980834961
2019-11-14,"AMZN","Consumer","Amazon.com, Inc.",87.7300033569336
2019-11-14,"BAC","Financials","Bank of America Corporation",27.7676773071289
2019-11-14,"COP","Energy","ConocoPhillips",45.2797241210938
2019-11-14,"CVX","Energy","Chevron Corporation",90.6869812011719
2019-11-14,"HD","Consumer","The Home Depot, Inc.",200.444107055664
2019-11-14,"JPM","Financials","JPMorgan Chase & Co.",107.462188720703
2019-11-14,"MCD","Consumer","McDonald's Corporation",165.723571777344
2019-11-14,"MSFT","Technology","Microsoft Corporation",139.482330322266
2019-11-14,"NVDA","Technology","NVIDIA Corporation",5.21121978759766
2019-11-14,"WFC","Financials","Wells Fargo & Company",45.3462371826172
2019-11-14,"XOM","Energy","Exxon Mobil Corporation",51.1547431945801
2019-11-15,"AAPL","Technology","Apple Inc.",64.0034866333008
2019-11-15,"AMZN","Consumer","Amazon.com, Inc.",86.9745025634766
2019-11-15,"BAC","Financials","Bank of America Corporation",27.9629936218262
2019-11-15,"COP","Energy","ConocoPhillips",46.0706405639648
2019-11-15,"CVX","Energy","Chevron Corporation",90.5893630981445
2019-11-15,"HD","Consumer","The Home Depot, Inc.",201.071182250977
2019-11-15,"JPM","Financials","JPMorgan Chase & Co.",108.239318847656
2019-11-15,"MCD","Consumer","McDonald's Corporation",165.697982788086
2019-11-15,"MSFT","Technology","Microsoft Corporation",141.281661987305
2019-11-15,"NVDA","Technology","NVIDIA Corporation",5.07211542129517
2019-11-15,"WFC","Financials","Wells Fargo & Company",45.6090431213379
2019-11-15,"XOM","Energy","Exxon Mobil Corporation",51.6700286865234
2019-11-18,"AAPL","Technology","Apple Inc.",64.3262176513672
2019-11-18,"AMZN","Consumer","Amazon.com, Inc.",87.6265029907227
2019-11-18,"BAC","Financials","Bank of America Corporation",27.9884700775146
2019-11-18,"COP","Energy","ConocoPhillips",44.8447265625
2019-11-18,"CVX","Energy","Chevron Corporation",89.0199508666992
2019-11-18,"HD","Consumer","The Home Depot, Inc.",202.393112182617
2019-11-18,"JPM","Financials","JPMorgan Chase & Co.",109.150123596191
2019-11-18,"MCD","Consumer","McDonald's Corporation",165.962799072266
2019-11-18,"MSFT","Technology","Microsoft Corporation",141.63020324707
2019-11-18,"NVDA","Technology","NVIDIA Corporation",5.27307224273682
2019-11-18,"WFC","Financials","Wells Fargo & Company",45.7785987854004
2019-11-18,"XOM","Energy","Exxon Mobil Corporation",51.1696853637695
2019-11-19,"AAPL","Technology","Apple Inc.",64.1311340332031
2019-11-19,"AMZN","Consumer","Amazon.com, Inc.",87.6395034790039
2019-11-19,"BAC","Financials","Bank of America Corporation",27.9714813232422
2019-11-19,"COP","Energy","ConocoPhillips",45.2164421081543
2019-11-19,"CVX","Energy","Chevron Corporation",87.4430541992188
2019-11-19,"HD","Consumer","The Home Depot, Inc.",191.385803222656
2019-11-19,"JPM","Financials","JPMorgan Chase & Co.",109.11669921875
2019-11-19,"MCD","Consumer","McDonald's Corporation",165.245223999023
2019-11-19,"MSFT","Technology","Microsoft Corporation",141.677291870117
2019-11-19,"NVDA","Technology","NVIDIA Corporation",5.16650867462158
2019-11-19,"WFC","Financials","Wells Fargo & Company",45.8040237426758
2019-11-19,"XOM","Energy","Exxon Mobil Corporation",50.6469306945801
2019-11-20,"AAPL","Technology","Apple Inc.",63.3845520019531
2019-11-20,"AMZN","Consumer","Amazon.com, Inc.",87.276496887207
2019-11-20,"BAC","Financials","Bank of America Corporation",27.7591876983643
2019-11-20,"COP","Energy","ConocoPhillips",46.9485473632812
2019-11-20,"CVX","Energy","Chevron Corporation",88.1113510131836
2019-11-20,"HD","Consumer","The Home Depot, Inc.",187.182846069336
2019-11-20,"JPM","Financials","JPMorgan Chase & Co.",108.322860717773
2019-11-20,"MCD","Consumer","McDonald's Corporation",165.834686279297
2019-11-20,"MSFT","Technology","Microsoft Corporation",141.431564331055
2019-11-20,"NVDA","Technology","NVIDIA Corporation",5.24574899673462
2019-11-20,"WFC","Financials","Wells Fargo & Company",45.3886375427246
2019-11-20,"XOM","Energy","Exxon Mobil Corporation",50.8037605285645
2019-11-21,"AAPL","Technology","Apple Inc.",63.1003837585449
2019-11-21,"AMZN","Consumer","Amazon.com, Inc.",86.7354965209961
2019-11-21,"BAC","Financials","Bank of America Corporation",27.8865623474121
2019-11-21,"COP","Energy","ConocoPhillips",47.6208305358887
2019-11-21,"CVX","Energy","Chevron Corporation",89.1851654052734
2019-11-21,"HD","Consumer","The Home Depot, Inc.",185.183090209961
2019-11-21,"JPM","Financials","JPMorgan Chase & Co.",108.573539733887
2019-11-21,"MCD","Consumer","McDonald's Corporation",164.31413269043
2019-11-21,"MSFT","Technology","Microsoft Corporation",141.299194335938
2019-11-21,"NVDA","Technology","NVIDIA Corporation",5.22090768814087
2019-11-21,"WFC","Financials","Wells Fargo & Company",45.405574798584
2019-11-21,"XOM","Energy","Exxon Mobil Corporation",52.0284805297852
2019-11-22,"AAPL","Technology","Apple Inc.",63.0449829101562
2019-11-22,"AMZN","Consumer","Amazon.com, Inc.",87.286003112793
2019-11-22,"BAC","Financials","Bank of America Corporation",28.1752796173096
2019-11-22,"COP","Energy","ConocoPhillips",47.3756408691406
2019-11-22,"CVX","Energy","Chevron Corporation",89.0800247192383
2019-11-22,"HD","Consumer","The Home Depot, Inc.",184.750946044922
2019-11-22,"JPM","Financials","JPMorgan Chase & Co.",109.292190551758
2019-11-22,"MCD","Consumer","McDonald's Corporation",164.988983154297
2019-11-22,"MSFT","Technology","Microsoft Corporation",141.403213500977
2019-11-22,"NVDA","Technology","NVIDIA Corporation",5.23854541778564
2019-11-22,"WFC","Financials","Wells Fargo & Company",46.0159645080566
2019-11-22,"XOM","Energy","Exxon Mobil Corporation",51.8044509887695
2019-11-25,"AAPL","Technology","Apple Inc.",64.1504135131836
2019-11-25,"AMZN","Consumer","Amazon.com, Inc.",88.6920013427734
2019-11-25,"BAC","Financials","Bank of America Corporation",28.421537399292
2019-11-25,"COP","Energy","ConocoPhillips",48.2851982116699
2019-11-25,"CVX","Energy","Chevron Corporation",88.8923110961914
2019-11-25,"HD","Consumer","The Home Depot, Inc.",185.064468383789
2019-11-25,"JPM","Financials","JPMorgan Chase & Co.",109.877166748047
2019-11-25,"MCD","Consumer","McDonald's Corporation",163.921173095703
2019-11-25,"MSFT","Technology","Microsoft Corporation",142.953414916992
2019-11-25,"NVDA","Technology","NVIDIA Corporation",5.49489593505859
2019-11-25,"WFC","Financials","Wells Fargo & Company",45.9566268920898
2019-11-25,"XOM","Energy","Exxon Mobil Corporation",51.4609336853027
2019-11-26,"AAPL","Technology","Apple Inc.",63.6494789123535
2019-11-26,"AMZN","Consumer","Amazon.com, Inc.",89.8470001220703
2019-11-26,"BAC","Financials","Bank of America Corporation",28.3196430206299
2019-11-26,"COP","Energy","ConocoPhillips",47.5417366027832
2019-11-26,"CVX","Energy","Chevron Corporation",88.4492874145508
2019-11-26,"HD","Consumer","The Home Depot, Inc.",187.064239501953
2019-11-26,"JPM","Financials","JPMorgan Chase & Co.",110.027557373047
2019-11-26,"MCD","Consumer","McDonald's Corporation",165.732147216797
2019-11-26,"MSFT","Technology","Microsoft Corporation",143.709655761719
2019-11-26,"NVDA","Technology","NVIDIA Corporation",5.39031887054443
2019-11-26,"WFC","Financials","Wells Fargo & Company",45.6175193786621
2019-11-26,"XOM","Energy","Exxon Mobil Corporation",51.3339653015137
2019-11-27,"AAPL","Technology","Apple Inc.",64.5044250488281
2019-11-27,"AMZN","Consumer","Amazon.com, Inc.",90.9254989624023
2019-11-27,"BAC","Financials","Bank of America Corporation",28.3790760040283
2019-11-27,"COP","Energy","ConocoPhillips",47.7236480712891
2019-11-27,"CVX","Energy","Chevron Corporation",88.659538269043
2019-11-27,"HD","Consumer","The Home Depot, Inc.",188.962341308594
2019-11-27,"JPM","Financials","JPMorgan Chase & Co.",110.35343170166
2019-11-27,"MCD","Consumer","McDonald's Corporation",167.688369750977
2019-11-27,"MSFT","Technology","Microsoft Corporation",143.983840942383
2019-11-27,"NVDA","Technology","NVIDIA Corporation",5.42512035369873
2019-11-27,"WFC","Financials","Wells Fargo & Company",46.066822052002
2019-11-27,"XOM","Energy","Exxon Mobil Corporation",51.3040885925293
2019-11-29,"AAPL","Technology","Apple Inc.",64.3623275756836
2019-11-29,"AMZN","Consumer","Amazon.com, Inc.",90.0400009155273
2019-11-29,"BAC","Financials","Bank of America Corporation",28.2941722869873
2019-11-29,"COP","Energy","ConocoPhillips",47.407283782959
2019-11-29,"CVX","Energy","Chevron Corporation",87.9536819458008
2019-11-29,"HD","Consumer","The Home Depot, Inc.",186.85237121582
2019-11-29,"JPM","Financials","JPMorgan Chase & Co.",110.102752685547
2019-11-29,"MCD","Consumer","McDonald's Corporation",167.198318481445
2019-11-29,"MSFT","Technology","Microsoft Corporation",143.095275878906
2019-11-29,"NVDA","Technology","NVIDIA Corporation",5.38783121109009
2019-11-29,"WFC","Financials","Wells Fargo & Company",46.1685676574707
2019-11-29,"XOM","Energy","Exxon Mobil Corporation",50.8784446716309
2019-12-02,"AAPL","Technology","Apple Inc.",63.6181640625
2019-12-02,"AMZN","Consumer","Amazon.com, Inc.",89.0800018310547
2019-12-02,"BAC","Financials","Bank of America Corporation",28.3875770568848
2019-12-02,"COP","Energy","ConocoPhillips",47.7473793029785
2019-12-02,"CVX","Energy","Chevron Corporation",87.7058868408203
2019-12-02,"HD","Consumer","The Home Depot, Inc.",184.403518676758
2019-12-02,"JPM","Financials","JPMorgan Chase & Co.",109.860420227051
2019-12-02,"MCD","Consumer","McDonald's Corporation",167.800155639648
2019-12-02,"MSFT","Technology","Microsoft Corporation",141.365417480469
2019-12-02,"NVDA","Technology","NVIDIA Corporation",5.20164108276367
2019-12-02,"WFC","Financials","Wells Fargo & Company",45.4564399719238
2019-12-02,"XOM","Energy","Exxon Mobil Corporation",51.0950126647949
2019-12-03,"AAPL","Technology","Apple Inc.",62.4838485717773
2019-12-03,"AMZN","Consumer","Amazon.com, Inc.",88.4980010986328
2019-12-03,"BAC","Financials","Bank of America Corporation",27.8865623474121
2019-12-03,"COP","Energy","ConocoPhillips",46.5768127441406
2019-12-03,"CVX","Energy","Chevron Corporation",87.0225296020508
2019-12-03,"HD","Consumer","The Home Depot, Inc.",181.336044311523
2019-12-03,"JPM","Financials","JPMorgan Chase & Co.",108.448211669922
2019-12-03,"MCD","Consumer","McDonald's Corporation",166.02912902832
2019-12-03,"MSFT","Technology","Microsoft Corporation",141.138534545898
2019-12-03,"NVDA","Technology","NVIDIA Corporation",5.16211700439453
2019-12-03,"WFC","Financials","Wells Fargo & Company",44.5747909545898
2019-12-03,"XOM","Energy","Exxon Mobil Corporation",50.6917419433594
2019-12-04,"AAPL","Technology","Apple Inc.",63.0353355407715
2019-12-04,"AMZN","Consumer","Amazon.com, Inc.",88.0345001220703
2019-12-04,"BAC","Financials","Bank of America Corporation",28.1498069763184
2019-12-04,"COP","Energy","ConocoPhillips",47.9530143737793
2019-12-04,"CVX","Energy","Chevron Corporation",87.8109970092773
2019-12-04,"HD","Consumer","The Home Depot, Inc.",182.581130981445
2019-12-04,"JPM","Financials","JPMorgan Chase & Co.",110.587432861328
2019-12-04,"MCD","Consumer","McDonald's Corporation",167.052169799805
2019-12-04,"MSFT","Technology","Microsoft Corporation",141.648971557617
2019-12-04,"NVDA","Technology","NVIDIA Corporation",5.20586681365967
2019-12-04,"WFC","Financials","Wells Fargo & Company",45.1343040466309
2019-12-04,"XOM","Energy","Exxon Mobil Corporation",51.2667808532715
2019-12-05,"AAPL","Technology","Apple Inc.",63.9601287841797
2019-12-05,"AMZN","Consumer","Amazon.com, Inc.",87.0240020751953
2019-12-05,"BAC","Financials","Bank of America Corporation",28.2522659301758
2019-12-05,"COP","Energy","ConocoPhillips",47.3281898498535
2019-12-05,"CVX","Energy","Chevron Corporation",87.3529510498047
2019-12-05,"HD","Consumer","The Home Depot, Inc.",181.643081665039
2019-12-05,"JPM","Financials","JPMorgan Chase & Co.",111.189094543457
2019-12-05,"MCD","Consumer","McDonald's Corporation",166.966278076172
2019-12-05,"MSFT","Technology","Microsoft Corporation",141.724548339844
2019-12-05,"NVDA","Technology","NVIDIA Corporation",5.18896341323853
2019-12-05,"WFC","Financials","Wells Fargo & Company",45.1258277893066
2019-12-05,"XOM","Energy","Exxon Mobil Corporation",51.0875434875488
2019-12-06,"AAPL","Technology","Apple Inc.",65.1956329345703
2019-12-06,"AMZN","Consumer","Amazon.com, Inc.",87.5800018310547
2019-12-06,"BAC","Financials","Bank of America Corporation",28.7474689483643
2019-12-06,"COP","Energy","ConocoPhillips",49.0128364562988
2019-12-06,"CVX","Energy","Chevron Corporation",88.6144714355469
2019-12-06,"HD","Consumer","The Home Depot, Inc.",182.734634399414
2019-12-06,"JPM","Financials","JPMorgan Chase & Co.",112.843650817871
2019-12-06,"MCD","Consumer","McDonald's Corporation",167.9462890625
2019-12-06,"MSFT","Technology","Microsoft Corporation",143.44499206543
2019-12-06,"NVDA","Technology","NVIDIA Corporation",5.27422857284546
2019-12-06,"WFC","Financials","Wells Fargo & Company",46.0922698974609
2019-12-06,"XOM","Energy","Exxon Mobil Corporation",51.9090042114258
2019-12-09,"AAPL","Technology","Apple Inc.",64.2828598022461
2019-12-09,"AMZN","Consumer","Amazon.com, Inc.",87.4755020141602
2019-12-09,"BAC","Financials","Bank of America Corporation",28.6108551025391
2019-12-09,"COP","Energy","ConocoPhillips",48.902099609375
2019-12-09,"CVX","Energy","Chevron Corporation",88.0813293457031
2019-12-09,"HD","Consumer","The Home Depot, Inc.",184.653442382812
2019-12-09,"JPM","Financials","JPMorgan Chase & Co.",112.317192077637
2019-12-09,"MCD","Consumer","McDonald's Corporation",167.370269775391
2019-12-09,"MSFT","Technology","Microsoft Corporation",143.076293945312
2019-12-09,"NVDA","Technology","NVIDIA Corporation",5.27422857284546
2019-12-09,"WFC","Financials","Wells Fargo & Company",45.7107696533203
2019-12-09,"XOM","Energy","Exxon Mobil Corporation",52.0210227966309
2019-12-10,"AAPL","Technology","Apple Inc.",64.6585540771484
2019-12-10,"AMZN","Consumer","Amazon.com, Inc.",86.9605026245117
2019-12-10,"BAC","Financials","Bank of America Corporation",28.6279354095459
2019-12-10,"COP","Energy","ConocoPhillips",48.8467483520508
2019-12-10,"CVX","Energy","Chevron Corporation",88.5243530273438
2019-12-10,"HD","Consumer","The Home Depot, Inc.",184.116149902344
2019-12-10,"JPM","Financials","JPMorgan Chase & Co.",112.392387390137
2019-12-10,"MCD","Consumer","McDonald's Corporation",167.602416992188
2019-12-10,"MSFT","Technology","Microsoft Corporation",142.858932495117
2019-12-10,"NVDA","Technology","NVIDIA Corporation",5.31922245025635
2019-12-10,"WFC","Financials","Wells Fargo & Company",45.5157852172852
2019-12-10,"XOM","Energy","Exxon Mobil Corporation",51.5729484558105
2019-12-11,"AAPL","Technology","Apple Inc.",65.2100677490234
2019-12-11,"AMZN","Consumer","Amazon.com, Inc.",87.4359970092773
2019-12-11,"BAC","Financials","Bank of America Corporation",28.7218532562256
2019-12-11,"COP","Energy","ConocoPhillips",48.7834739685059
2019-12-11,"CVX","Energy","Chevron Corporation",87.2778625488281
2019-12-11,"HD","Consumer","The Home Depot, Inc.",180.790283203125
2019-12-11,"JPM","Financials","JPMorgan Chase & Co.",112.124984741211
2019-12-11,"MCD","Consumer","McDonald's Corporation",167.404632568359
2019-12-11,"MSFT","Technology","Microsoft Corporation",143.397735595703
2019-12-11,"NVDA","Technology","NVIDIA Corporation",5.40274667739868
2019-12-11,"WFC","Financials","Wells Fargo & Company",45.0749702453613
2019-12-11,"XOM","Energy","Exxon Mobil Corporation",51.4982681274414
2019-12-12,"AAPL","Technology","Apple Inc.",65.3762283325195
2019-12-12,"AMZN","Consumer","Amazon.com, Inc.",88.0165023803711
2019-12-12,"BAC","Financials","Bank of America Corporation",29.6098022460938
2019-12-12,"COP","Energy","ConocoPhillips",49.5031967163086
2019-12-12,"CVX","Energy","Chevron Corporation",89.2151870727539
2019-12-12,"HD","Consumer","The Home Depot, Inc.",180.824356079102
2019-12-12,"JPM","Financials","JPMorgan Chase & Co.",115.333808898926
2019-12-12,"MCD","Consumer","McDonald's Corporation",168.771606445312
2019-12-12,"MSFT","Technology","Microsoft Corporation",144.853469848633
2019-12-12,"NVDA","Technology","NVIDIA Corporation",5.57004547119141
2019-12-12,"WFC","Financials","Wells Fargo & Company",46.0837898254395
2019-12-12,"XOM","Energy","Exxon Mobil Corporation",52.5288352966309
2019-12-13,"AAPL","Technology","Apple Inc.",66.2649078369141
2019-12-13,"AMZN","Consumer","Amazon.com, Inc.",88.0469970703125
2019-12-13,"BAC","Financials","Bank of America Corporation",29.4048938751221
2019-12-13,"COP","Energy","ConocoPhillips",49.5901985168457
2019-12-13,"CVX","Energy","Chevron Corporation",88.5769195556641
2019-12-13,"HD","Consumer","The Home Depot, Inc.",182.564086914062
2019-12-13,"JPM","Financials","JPMorgan Chase & Co.",114.322700500488
2019-12-13,"MCD","Consumer","McDonald's Corporation",169.467987060547
2019-12-13,"MSFT","Technology","Microsoft Corporation",146.072814941406
2019-12-13,"NVDA","Technology","NVIDIA Corporation",5.56805658340454
2019-12-13,"WFC","Financials","Wells Fargo & Company",45.6005668640137
2019-12-13,"XOM","Energy","Exxon Mobil Corporation",51.6999015808105
2019-12-16,"AAPL","Technology","Apple Inc.",67.3992080688477
2019-12-16,"AMZN","Consumer","Amazon.com, Inc.",88.4605026245117
2019-12-16,"BAC","Financials","Bank of America Corporation",29.6268863677979
2019-12-16,"COP","Energy","ConocoPhillips",49.685115814209
2019-12-16,"CVX","Energy","Chevron Corporation",89.6282043457031
2019-12-16,"HD","Consumer","The Home Depot, Inc.",183.80061340332
2019-12-16,"JPM","Financials","JPMorgan Chase & Co.",114.765586853027
2019-12-16,"MCD","Consumer","McDonald's Corporation",170.121383666992
2019-12-16,"MSFT","Technology","Microsoft Corporation",147.018157958984
2019-12-16,"NVDA","Technology","NVIDIA Corporation",5.59689235687256
2019-12-16,"WFC","Financials","Wells Fargo & Company",45.9651069641113
2019-12-16,"XOM","Energy","Exxon Mobil Corporation",52.2749404907227
2019-12-17,"AAPL","Technology","Apple Inc.",67.5316925048828
2019-12-17,"AMZN","Consumer","Amazon.com, Inc.",89.5329971313477
2019-12-17,"BAC","Financials","Bank of America Corporation",29.9171810150146
2019-12-17,"COP","Energy","ConocoPhillips",50.2387580871582
2019-12-17,"CVX","Energy","Chevron Corporation",89.0574951171875
2019-12-17,"HD","Consumer","The Home Depot, Inc.",185.668212890625
2019-12-17,"JPM","Financials","JPMorgan Chase & Co.",115.467498779297
2019-12-17,"MCD","Consumer","McDonald's Corporation",168.9521484375
2019-12-17,"MSFT","Technology","Microsoft Corporation",146.224060058594
2019-12-17,"NVDA","Technology","NVIDIA Corporation",5.67494630813599
2019-12-17,"WFC","Financials","Wells Fargo & Company",46.066822052002
2019-12-17,"XOM","Energy","Exxon Mobil Corporation",52.0359535217285
2019-12-18,"AAPL","Technology","Apple Inc.",67.3703460693359
2019-12-18,"AMZN","Consumer","Amazon.com, Inc.",89.2014999389648
2019-12-18,"BAC","Financials","Bank of America Corporation",29.9769420623779
2019-12-18,"COP","Energy","ConocoPhillips",49.9856605529785
2019-12-18,"CVX","Energy","Chevron Corporation",89.0199508666992
2019-12-18,"HD","Consumer","The Home Depot, Inc.",185.906982421875
2019-12-18,"JPM","Financials","JPMorgan Chase & Co.",115.35050201416
2019-12-18,"MCD","Consumer","McDonald's Corporation",168.18701171875
2019-12-18,"MSFT","Technology","Microsoft Corporation",145.921585083008
2019-12-18,"NVDA","Technology","NVIDIA Corporation",5.7052755355835
2019-12-18,"WFC","Financials","Wells Fargo & Company",45.4988288879395
2019-12-18,"XOM","Energy","Exxon Mobil Corporation",52.1778297424316
2019-12-19,"AAPL","Technology","Apple Inc.",67.4377517700195
2019-12-19,"AMZN","Consumer","Amazon.com, Inc.",89.6139984130859
2019-12-19,"BAC","Financials","Bank of America Corporation",29.8403282165527
2019-12-19,"COP","Energy","ConocoPhillips",49.9777526855469
2019-12-19,"CVX","Energy","Chevron Corporation",88.7045745849609
2019-12-19,"HD","Consumer","The Home Depot, Inc.",187.800170898438
2019-12-19,"JPM","Financials","JPMorgan Chase & Co.",114.773963928223
2019-12-19,"MCD","Consumer","McDonald's Corporation",169.416427612305
2019-12-19,"MSFT","Technology","Microsoft Corporation",147.188278198242
2019-12-19,"NVDA","Technology","NVIDIA Corporation",5.85318279266357
2019-12-19,"WFC","Financials","Wells Fargo & Company",45.4649238586426
2019-12-19,"XOM","Energy","Exxon Mobil Corporation",51.8193893432617
2019-12-20,"AAPL","Technology","Apple Inc.",67.2980804443359
2019-12-20,"AMZN","Consumer","Amazon.com, Inc.",89.3249969482422
2019-12-20,"BAC","Financials","Bank of America Corporation",29.8488712310791
2019-12-20,"COP","Energy","ConocoPhillips",50.3969345092773
2019-12-20,"CVX","Energy","Chevron Corporation",89.8684921264648
2019-12-20,"HD","Consumer","The Home Depot, Inc.",188.627380371094
2019-12-20,"JPM","Financials","JPMorgan Chase & Co.",114.681991577148
2019-12-20,"MCD","Consumer","McDonald's Corporation",169.48518371582
2019-12-20,"MSFT","Technology","Microsoft Corporation",148.795211791992
2019-12-20,"NVDA","Technology","NVIDIA Corporation",5.95037984848022
2019-12-20,"WFC","Financials","Wells Fargo & Company",45.2106056213379
2019-12-20,"XOM","Energy","Exxon Mobil Corporation",52.2301254272461
2019-12-23,"AAPL","Technology","Apple Inc.",68.3962707519531
2019-12-23,"AMZN","Consumer","Amazon.com, Inc.",89.6500015258789
2019-12-23,"BAC","Financials","Bank of America Corporation",30.0281715393066
2019-12-23,"COP","Energy","ConocoPhillips",51.0929183959961
2019-12-23,"CVX","Energy","Chevron Corporation",90.356575012207
2019-12-23,"HD","Consumer","The Home Depot, Inc.",186.938858032227
2019-12-23,"JPM","Financials","JPMorgan Chase & Co.",114.648582458496
2019-12-23,"MCD","Consumer","McDonald's Corporation",168.677032470703
2019-12-23,"MSFT","Technology","Microsoft Corporation",148.795211791992
2019-12-23,"NVDA","Technology","NVIDIA Corporation",5.93670701980591
2019-12-23,"WFC","Financials","Wells Fargo & Company",45.6175193786621
2019-12-23,"XOM","Energy","Exxon Mobil Corporation",52.4914932250977
2019-12-24,"AAPL","Technology","Apple Inc.",68.4612731933594
2019-12-24,"AMZN","Consumer","Amazon.com, Inc.",89.4605026245117
2019-12-24,"BAC","Financials","Bank of America Corporation",30.070858001709
2019-12-24,"COP","Energy","ConocoPhillips",51.1483001708984
2019-12-24,"CVX","Energy","Chevron Corporation",90.3640823364258
2019-12-24,"HD","Consumer","The Home Depot, Inc.",188.183944702148
2019-12-24,"JPM","Financials","JPMorgan Chase & Co.",114.966125488281
2019-12-24,"MCD","Consumer","McDonald's Corporation",169.081085205078
2019-12-24,"MSFT","Technology","Microsoft Corporation",148.766876220703
2019-12-24,"NVDA","Technology","NVIDIA Corporation",5.93173694610596
2019-12-24,"WFC","Financials","Wells Fargo & Company",45.6260070800781
2019-12-24,"XOM","Energy","Exxon Mobil Corporation",52.2898597717285
2019-12-26,"AAPL","Technology","Apple Inc.",69.819580078125
2019-12-26,"AMZN","Consumer","Amazon.com, Inc.",93.4384994506836
2019-12-26,"BAC","Financials","Bank of America Corporation",30.3269996643066
2019-12-26,"COP","Energy","ConocoPhillips",51.4092979431152
2019-12-26,"CVX","Energy","Chevron Corporation",90.5592956542969
2019-12-26,"HD","Consumer","The Home Depot, Inc.",188.311874389648
2019-12-26,"JPM","Financials","JPMorgan Chase & Co.",116.186172485352
2019-12-26,"MCD","Consumer","McDonald's Corporation",169.416427612305
2019-12-26,"MSFT","Technology","Microsoft Corporation",149.986282348633
2019-12-26,"NVDA","Technology","NVIDIA Corporation",5.94590616226196
2019-12-26,"WFC","Financials","Wells Fargo & Company",45.9057502746582
2019-12-26,"XOM","Energy","Exxon Mobil Corporation",52.372013092041
2019-12-27,"AAPL","Technology","Apple Inc.",69.7931060791016
2019-12-27,"AMZN","Consumer","Amazon.com, Inc.",93.4899978637695
2019-12-27,"BAC","Financials","Bank of America Corporation",30.1818466186523
2019-12-27,"COP","Energy","ConocoPhillips",51.3934898376465
2019-12-27,"CVX","Energy","Chevron Corporation",90.3340301513672
2019-12-27,"HD","Consumer","The Home Depot, Inc.",187.586990356445
2019-12-27,"JPM","Financials","JPMorgan Chase & Co.",116.269737243652
2019-12-27,"MCD","Consumer","McDonald's Corporation",170.370697021484
2019-12-27,"MSFT","Technology","Microsoft Corporation",150.260391235352
2019-12-27,"NVDA","Technology","NVIDIA Corporation",5.88823413848877
2019-12-27,"WFC","Financials","Wells Fargo & Company",45.7107696533203
2019-12-27,"XOM","Energy","Exxon Mobil Corporation",52.1927719116211
2019-12-30,"AAPL","Technology","Apple Inc.",70.2073287963867
2019-12-30,"AMZN","Consumer","Amazon.com, Inc.",92.3444976806641
2019-12-30,"BAC","Financials","Bank of America Corporation",30.0110874176025
2019-12-30,"COP","Energy","ConocoPhillips",51.1008338928223
2019-12-30,"CVX","Energy","Chevron Corporation",89.9961471557617
2019-12-30,"HD","Consumer","The Home Depot, Inc.",185.318572998047
2019-12-30,"JPM","Financials","JPMorgan Chase & Co.",115.843566894531
2019-12-30,"MCD","Consumer","McDonald's Corporation",169.28742980957
2019-12-30,"MSFT","Technology","Microsoft Corporation",148.965347290039
2019-12-30,"NVDA","Technology","NVIDIA Corporation",5.77512741088867
2019-12-30,"WFC","Financials","Wells Fargo & Company",45.4394989013672
2019-12-30,"XOM","Energy","Exxon Mobil Corporation",51.8866004943848
2019-12-31,"AAPL","Technology","Apple Inc.",70.7202911376953
2019-12-31,"AMZN","Consumer","Amazon.com, Inc.",92.3919982910156
2019-12-31,"BAC","Financials","Bank of America Corporation",30.070858001709
2019-12-31,"COP","Energy","ConocoPhillips",51.4330253601074
2019-12-31,"CVX","Energy","Chevron Corporation",90.4917297363281
2019-12-31,"HD","Consumer","The Home Depot, Inc.",186.231048583984
2019-12-31,"JPM","Financials","JPMorgan Chase & Co.",116.486976623535
2019-12-31,"MCD","Consumer","McDonald's Corporation",169.889251708984
2019-12-31,"MSFT","Technology","Microsoft Corporation",149.069366455078
2019-12-31,"NVDA","Technology","NVIDIA Corporation",5.84920644760132
2019-12-31,"WFC","Financials","Wells Fargo & Company",45.6090431213379
2019-12-31,"XOM","Energy","Exxon Mobil Corporation",52.1106300354004
2020-01-02,"AAPL","Technology","Apple Inc.",72.3338851928711
2020-01-02,"AMZN","Consumer","Amazon.com, Inc.",94.9004974365234
2020-01-02,"BAC","Financials","Bank of America Corporation",30.4294452667236
2020-01-02,"COP","Energy","ConocoPhillips",51.7731246948242
2020-01-02,"CVX","Energy","Chevron Corporation",91.1825637817383
2020-01-02,"HD","Consumer","The Home Depot, Inc.",187.322631835938
2020-01-02,"JPM","Financials","JPMorgan Chase & Co.",117.899223327637
2020-01-02,"MCD","Consumer","McDonald's Corporation",172.623168945312
2020-01-02,"MSFT","Technology","Microsoft Corporation",151.829559326172
2020-01-02,"NVDA","Technology","NVIDIA Corporation",5.96380281448364
2020-01-02,"WFC","Financials","Wells Fargo & Company",45.566650390625
2020-01-02,"XOM","Energy","Exxon Mobil Corporation",52.9470291137695
2020-01-03,"AAPL","Technology","Apple Inc.",71.6306457519531
2020-01-03,"AMZN","Consumer","Amazon.com, Inc.",93.7484970092773
2020-01-03,"BAC","Financials","Bank of America Corporation",29.7976341247559
2020-01-03,"COP","Energy","ConocoPhillips",51.9629402160645
2020-01-03,"CVX","Energy","Chevron Corporation",90.8672027587891
2020-01-03,"HD","Consumer","The Home Depot, Inc.",186.700073242188
2020-01-03,"JPM","Financials","JPMorgan Chase & Co.",116.343368530273
2020-01-03,"MCD","Consumer","McDonald's Corporation",172.012771606445
2020-01-03,"MSFT","Technology","Microsoft Corporation",149.939025878906
2020-01-03,"NVDA","Technology","NVIDIA Corporation",5.86834621429443
2020-01-03,"WFC","Financials","Wells Fargo & Company",45.2868957519531
2020-01-03,"XOM","Energy","Exxon Mobil Corporation",52.5213661193848
2020-01-06,"AAPL","Technology","Apple Inc.",72.2014007568359
2020-01-06,"AMZN","Consumer","Amazon.com, Inc.",95.1439971923828
2020-01-06,"BAC","Financials","Bank of America Corporation",29.7549533843994
2020-01-06,"COP","Energy","ConocoPhillips",52.5798492431641
2020-01-06,"CVX","Energy","Chevron Corporation",90.5592956542969
2020-01-06,"HD","Consumer","The Home Depot, Inc.",187.578460693359
2020-01-06,"JPM","Financials","JPMorgan Chase & Co.",116.250839233398
2020-01-06,"MCD","Consumer","McDonald's Corporation",173.947143554688
2020-01-06,"MSFT","Technology","Microsoft Corporation",150.326568603516
2020-01-06,"NVDA","Technology","NVIDIA Corporation",5.89295673370361
2020-01-06,"WFC","Financials","Wells Fargo & Company",45.0156211853027
2020-01-06,"XOM","Energy","Exxon Mobil Corporation",52.9246215820312
2020-01-07,"AAPL","Technology","Apple Inc.",71.8618316650391
2020-01-07,"AMZN","Consumer","Amazon.com, Inc.",95.3430023193359
2020-01-07,"BAC","Financials","Bank of America Corporation",29.5585746765137
2020-01-07,"COP","Energy","ConocoPhillips",52.5798492431641
2020-01-07,"CVX","Energy","Chevron Corporation",89.4029159545898
2020-01-07,"HD","Consumer","The Home Depot, Inc.",186.35041809082
2020-01-07,"JPM","Financials","JPMorgan Chase & Co.",114.274513244629
2020-01-07,"MCD","Consumer","McDonald's Corporation",174.205032348633
2020-01-07,"MSFT","Technology","Microsoft Corporation",148.955947875977
2020-01-07,"NVDA","Technology","NVIDIA Corporation",5.96430158615112
2020-01-07,"WFC","Financials","Wells Fargo & Company",44.6426086425781
2020-01-07,"XOM","Energy","Exxon Mobil Corporation",52.4914932250977
2020-01-08,"AAPL","Technology","Apple Inc.",73.0178527832031
2020-01-08,"AMZN","Consumer","Amazon.com, Inc.",94.598503112793
2020-01-08,"BAC","Financials","Bank of America Corporation",29.8574123382568
2020-01-08,"COP","Energy","ConocoPhillips",51.3618431091309
2020-01-08,"CVX","Energy","Chevron Corporation",88.3816909790039
2020-01-08,"HD","Consumer","The Home Depot, Inc.",189.139022827148
2020-01-08,"JPM","Financials","JPMorgan Chase & Co.",115.165962219238
2020-01-08,"MCD","Consumer","McDonald's Corporation",177.024917602539
2020-01-08,"MSFT","Technology","Microsoft Corporation",151.328552246094
2020-01-08,"NVDA","Technology","NVIDIA Corporation",5.97548770904541
2020-01-08,"WFC","Financials","Wells Fargo & Company",44.7782440185547
2020-01-08,"XOM","Energy","Exxon Mobil Corporation",51.6999015808105
2020-01-09,"AAPL","Technology","Apple Inc.",74.5687942504883
2020-01-09,"AMZN","Consumer","Amazon.com, Inc.",95.0524978637695
2020-01-09,"BAC","Financials","Bank of America Corporation",29.9086303710938
2020-01-09,"COP","Energy","ConocoPhillips",52.2555694580078
2020-01-09,"CVX","Energy","Chevron Corporation",88.2390365600586
2020-01-09,"HD","Consumer","The Home Depot, Inc.",192.038528442383
2020-01-09,"JPM","Financials","JPMorgan Chase & Co.",115.586486816406
2020-01-09,"MCD","Consumer","McDonald's Corporation",179.122650146484
2020-01-09,"MSFT","Technology","Microsoft Corporation",153.219131469727
2020-01-09,"NVDA","Technology","NVIDIA Corporation",6.04111385345459
2020-01-09,"WFC","Financials","Wells Fargo & Company",44.7019538879395
2020-01-09,"XOM","Energy","Exxon Mobil Corporation",52.0957069396973
2020-01-10,"AAPL","Technology","Apple Inc.",74.7373733520508
2020-01-10,"AMZN","Consumer","Amazon.com, Inc.",94.1579971313477
2020-01-10,"BAC","Financials","Bank of America Corporation",29.6610298156738
2020-01-10,"COP","Energy","ConocoPhillips",51.7414855957031
2020-01-10,"CVX","Energy","Chevron Corporation",87.4355545043945
2020-01-10,"HD","Consumer","The Home Depot, Inc.",191.211303710938
2020-01-10,"JPM","Financials","JPMorgan Chase & Co.",114.434303283691
2020-01-10,"MCD","Consumer","McDonald's Corporation",178.194107055664
2020-01-10,"MSFT","Technology","Microsoft Corporation",152.510147094727
2020-01-10,"NVDA","Technology","NVIDIA Corporation",6.07342767715454
2020-01-10,"WFC","Financials","Wells Fargo & Company",44.5069618225098
2020-01-10,"XOM","Energy","Exxon Mobil Corporation",51.6326904296875
2020-01-13,"AAPL","Technology","Apple Inc.",76.3340835571289
2020-01-13,"AMZN","Consumer","Amazon.com, Inc.",94.5650024414062
2020-01-13,"BAC","Financials","Bank of America Corporation",29.9342517852783
2020-01-13,"COP","Energy","ConocoPhillips",51.5121154785156
2020-01-13,"CVX","Energy","Chevron Corporation",87.6007385253906
2020-01-13,"HD","Consumer","The Home Depot, Inc.",190.460876464844
2020-01-13,"JPM","Financials","JPMorgan Chase & Co.",115.384635925293
2020-01-13,"MCD","Consumer","McDonald's Corporation",177.540756225586
2020-01-13,"MSFT","Technology","Microsoft Corporation",154.343994140625
2020-01-13,"NVDA","Technology","NVIDIA Corporation",6.26384449005127
2020-01-13,"WFC","Financials","Wells Fargo & Company",44.1763496398926
2020-01-13,"XOM","Energy","Exxon Mobil Corporation",52.1255645751953
2020-01-14,"AAPL","Technology","Apple Inc.",75.3033218383789
2020-01-14,"AMZN","Consumer","Amazon.com, Inc.",93.4720001220703
2020-01-14,"BAC","Financials","Bank of America Corporation",30.1562423706055
2020-01-14,"COP","Energy","ConocoPhillips",51.5200233459473
2020-01-14,"CVX","Energy","Chevron Corporation",87.3304138183594
2020-01-14,"HD","Consumer","The Home Depot, Inc.",190.008865356445
2020-01-14,"JPM","Financials","JPMorgan Chase & Co.",116.730239868164
2020-01-14,"MCD","Consumer","McDonald's Corporation",178.237152099609
2020-01-14,"MSFT","Technology","Microsoft Corporation",153.256927490234
2020-01-14,"NVDA","Technology","NVIDIA Corporation",6.14701080322266
2020-01-14,"WFC","Financials","Wells Fargo & Company",41.7941589355469
2020-01-14,"XOM","Energy","Exxon Mobil Corporation",51.6774940490723
2020-01-15,"AAPL","Technology","Apple Inc.",74.9806289672852
2020-01-15,"AMZN","Consumer","Amazon.com, Inc.",93.1009979248047
2020-01-15,"BAC","Financials","Bank of America Corporation",29.6012668609619
2020-01-15,"COP","Energy","ConocoPhillips",51.4092979431152
2020-01-15,"CVX","Energy","Chevron Corporation",87.202766418457
2020-01-15,"HD","Consumer","The Home Depot, Inc.",191.526809692383
2020-01-15,"JPM","Financials","JPMorgan Chase & Co.",114.980949401855
2020-01-15,"MCD","Consumer","McDonald's Corporation",180.343444824219
2020-01-15,"MSFT","Technology","Microsoft Corporation",154.249420166016
2020-01-15,"NVDA","Technology","NVIDIA Corporation",6.10450315475464
2020-01-15,"WFC","Financials","Wells Fargo & Company",40.9633560180664
2020-01-15,"XOM","Energy","Exxon Mobil Corporation",51.5953483581543
2020-01-16,"AAPL","Technology","Apple Inc.",75.9198684692383
2020-01-16,"AMZN","Consumer","Amazon.com, Inc.",93.8970031738281
2020-01-16,"BAC","Financials","Bank of America Corporation",29.6439552307129
2020-01-16,"COP","Energy","ConocoPhillips",51.4646644592285
2020-01-16,"CVX","Energy","Chevron Corporation",87.7734451293945
2020-01-16,"HD","Consumer","The Home Depot, Inc.",195.13410949707
2020-01-16,"JPM","Financials","JPMorgan Chase & Co.",115.426666259766
2020-01-16,"MCD","Consumer","McDonald's Corporation",181.271942138672
2020-01-16,"MSFT","Technology","Microsoft Corporation",157.075836181641
2020-01-16,"NVDA","Technology","NVIDIA Corporation",6.18802642822266
2020-01-16,"WFC","Financials","Wells Fargo & Company",41.751766204834
2020-01-16,"XOM","Energy","Exxon Mobil Corporation",51.3937225341797
2020-01-17,"AAPL","Technology","Apple Inc.",76.760368347168
2020-01-17,"AMZN","Consumer","Amazon.com, Inc.",93.2360000610352
2020-01-17,"BAC","Financials","Bank of America Corporation",29.6354179382324
2020-01-17,"COP","Energy","ConocoPhillips",51.4646644592285
2020-01-17,"CVX","Energy","Chevron Corporation",86.7897720336914
2020-01-17,"HD","Consumer","The Home Depot, Inc.",197.76921081543
2020-01-17,"JPM","Financials","JPMorgan Chase & Co.",116.225616455078
2020-01-17,"MCD","Consumer","McDonald's Corporation",182.243423461914
2020-01-17,"MSFT","Technology","Microsoft Corporation",157.954940795898
2020-01-17,"NVDA","Technology","NVIDIA Corporation",6.19672679901123
2020-01-17,"WFC","Financials","Wells Fargo & Company",41.6924324035645
2020-01-17,"XOM","Energy","Exxon Mobil Corporation",51.1995582580566
2020-01-21,"AAPL","Technology","Apple Inc.",76.2401733398438
2020-01-21,"AMZN","Consumer","Amazon.com, Inc.",94.5999984741211
2020-01-21,"BAC","Financials","Bank of America Corporation",29.2512054443359
2020-01-21,"COP","Energy","ConocoPhillips",50.6421089172363
2020-01-21,"CVX","Energy","Chevron Corporation",85.085205078125
2020-01-21,"HD","Consumer","The Home Depot, Inc.",198.656127929688
2020-01-21,"JPM","Financials","JPMorgan Chase & Co.",115.08186340332
2020-01-21,"MCD","Consumer","McDonald's Corporation",181.538482666016
2020-01-21,"MSFT","Technology","Microsoft Corporation",157.387741088867
2020-01-21,"NVDA","Technology","NVIDIA Corporation",6.16341686248779
2020-01-21,"WFC","Financials","Wells Fargo & Company",41.4889640808105
2020-01-21,"XOM","Energy","Exxon Mobil Corporation",50.4677124023438
2020-01-22,"AAPL","Technology","Apple Inc.",76.5122985839844
2020-01-22,"AMZN","Consumer","Amazon.com, Inc.",94.3730010986328
2020-01-22,"BAC","Financials","Bank of America Corporation",29.3365879058838
2020-01-22,"COP","Energy","ConocoPhillips",49.8353881835938
2020-01-22,"CVX","Energy","Chevron Corporation",84.7773284912109
2020-01-22,"HD","Consumer","The Home Depot, Inc.",198.61344909668
2020-01-22,"JPM","Financials","JPMorgan Chase & Co.",114.947319030762
2020-01-22,"MCD","Consumer","McDonald's Corporation",181.779144287109
2020-01-22,"MSFT","Technology","Microsoft Corporation",156.63151550293
2020-01-22,"NVDA","Technology","NVIDIA Corporation",6.21736145019531
2020-01-22,"WFC","Financials","Wells Fargo & Company",41.1668357849121
2020-01-22,"XOM","Energy","Exxon Mobil Corporation",50.1764678955078
2020-01-23,"AAPL","Technology","Apple Inc.",76.8807983398438
2020-01-23,"AMZN","Consumer","Amazon.com, Inc.",94.2289962768555
2020-01-23,"BAC","Financials","Bank of America Corporation",29.1316776275635
2020-01-23,"COP","Energy","ConocoPhillips",49.9381980895996
2020-01-23,"CVX","Energy","Chevron Corporation",84.9275054931641
2020-01-23,"HD","Consumer","The Home Depot, Inc.",199.253067016602
2020-01-23,"JPM","Financials","JPMorgan Chase & Co.",114.829574584961
2020-01-23,"MCD","Consumer","McDonald's Corporation",183.481384277344
2020-01-23,"MSFT","Technology","Microsoft Corporation",157.595733642578
2020-01-23,"NVDA","Technology","NVIDIA Corporation",6.28572034835815
2020-01-23,"WFC","Financials","Wells Fargo & Company",40.8785858154297
2020-01-23,"XOM","Energy","Exxon Mobil Corporation",49.8628082275391
2020-01-24,"AAPL","Technology","Apple Inc.",76.6592102050781
2020-01-24,"AMZN","Consumer","Amazon.com, Inc.",93.0820007324219
2020-01-24,"BAC","Financials","Bank of America Corporation",28.6364765167236
2020-01-24,"COP","Energy","ConocoPhillips",49.526927947998
2020-01-24,"CVX","Energy","Chevron Corporation",83.988883972168
2020-01-24,"HD","Consumer","The Home Depot, Inc.",197.845977783203
2020-01-24,"JPM","Financials","JPMorgan Chase & Co.",111.978584289551
2020-01-24,"MCD","Consumer","McDonald's Corporation",181.607269287109
2020-01-24,"MSFT","Technology","Microsoft Corporation",156.007659912109
2020-01-24,"NVDA","Technology","NVIDIA Corporation",6.22655916213989
2020-01-24,"WFC","Financials","Wells Fargo & Company",40.3275527954102
2020-01-24,"XOM","Energy","Exxon Mobil Corporation",49.5267524719238
2020-01-27,"AAPL","Technology","Apple Inc.",74.4050445556641
2020-01-27,"AMZN","Consumer","Amazon.com, Inc.",91.4169998168945
2020-01-27,"BAC","Financials","Bank of America Corporation",28.0473499298096
2020-01-27,"COP","Energy","ConocoPhillips",48.277286529541
2020-01-27,"CVX","Energy","Chevron Corporation",82.8925628662109
2020-01-27,"HD","Consumer","The Home Depot, Inc.",197.155212402344
2020-01-27,"JPM","Financials","JPMorgan Chase & Co.",111.036666870117
2020-01-27,"MCD","Consumer","McDonald's Corporation",179.973754882812
2020-01-27,"MSFT","Technology","Microsoft Corporation",153.398681640625
2020-01-27,"NVDA","Technology","NVIDIA Corporation",5.97101211547852
2020-01-27,"WFC","Financials","Wells Fargo & Company",39.9291000366211
2020-01-27,"XOM","Energy","Exxon Mobil Corporation",48.3468399047852
2020-01-28,"AAPL","Technology","Apple Inc.",76.5099182128906
2020-01-28,"AMZN","Consumer","Amazon.com, Inc.",92.6624984741211
2020-01-28,"BAC","Financials","Bank of America Corporation",28.3803386688232
2020-01-28,"COP","Energy","ConocoPhillips",48.388011932373
2020-01-28,"CVX","Energy","Chevron Corporation",83.4407196044922
2020-01-28,"HD","Consumer","The Home Depot, Inc.",199.43212890625
2020-01-28,"JPM","Financials","JPMorgan Chase & Co.",113.055053710938
2020-01-28,"MCD","Consumer","McDonald's Corporation",180.876480102539
2020-01-28,"MSFT","Technology","Microsoft Corporation",156.404678344727
2020-01-28,"NVDA","Technology","NVIDIA Corporation",6.1641640663147
2020-01-28,"WFC","Financials","Wells Fargo & Company",40.1579971313477
2020-01-28,"XOM","Energy","Exxon Mobil Corporation",48.2796287536621
2020-01-29,"AAPL","Technology","Apple Inc.",78.1114349365234
2020-01-29,"AMZN","Consumer","Amazon.com, Inc.",92.9000015258789
2020-01-29,"BAC","Financials","Bank of America Corporation",28.1839561462402
2020-01-29,"COP","Energy","ConocoPhillips",47.84228515625
2020-01-29,"CVX","Energy","Chevron Corporation",82.8775634765625
2020-01-29,"HD","Consumer","The Home Depot, Inc.",199.568572998047
2020-01-29,"JPM","Financials","JPMorgan Chase & Co.",112.88688659668
2020-01-29,"MCD","Consumer","McDonald's Corporation",184.358322143555
2020-01-29,"MSFT","Technology","Microsoft Corporation",158.843475341797
2020-01-29,"NVDA","Technology","NVIDIA Corporation",6.10375690460205
2020-01-29,"WFC","Financials","Wells Fargo & Company",40.0732269287109
2020-01-29,"XOM","Energy","Exxon Mobil Corporation",47.8763694763184
2020-01-30,"AAPL","Technology","Apple Inc.",77.9982299804688
2020-01-30,"AMZN","Consumer","Amazon.com, Inc.",93.5339965820312
2020-01-30,"BAC","Financials","Bank of America Corporation",28.5852432250977
2020-01-30,"COP","Energy","ConocoPhillips",48.1586532592773
2020-01-30,"CVX","Energy","Chevron Corporation",83.6509857177734
2020-01-30,"HD","Consumer","The Home Depot, Inc.",198.519638061523
2020-01-30,"JPM","Financials","JPMorgan Chase & Co.",114.282928466797
2020-01-30,"MCD","Consumer","McDonald's Corporation",185.854248046875
2020-01-30,"MSFT","Technology","Microsoft Corporation",163.324066162109
2020-01-30,"NVDA","Technology","NVIDIA Corporation",6.11046886444092
2020-01-30,"WFC","Financials","Wells Fargo & Company",40.6157913208008
2020-01-30,"XOM","Energy","Exxon Mobil Corporation",48.3841896057129
2020-01-31,"AAPL","Technology","Apple Inc.",74.5398941040039
2020-01-31,"AMZN","Consumer","Amazon.com, Inc.",100.435997009277
2020-01-31,"BAC","Financials","Bank of America Corporation",28.0302772521973
2020-01-31,"COP","Energy","ConocoPhillips",47.0039176940918
2020-01-31,"CVX","Energy","Chevron Corporation",80.4521179199219
2020-01-31,"HD","Consumer","The Home Depot, Inc.",194.520095825195
2020-01-31,"JPM","Financials","JPMorgan Chase & Co.",111.314186096191
2020-01-31,"MCD","Consumer","McDonald's Corporation",183.954254150391
2020-01-31,"MSFT","Technology","Microsoft Corporation",160.913604736328
2020-01-31,"NVDA","Technology","NVIDIA Corporation",5.87729692459106
2020-01-31,"WFC","Financials","Wells Fargo & Company",39.7934761047363
2020-01-31,"XOM","Energy","Exxon Mobil Corporation",46.3902587890625
2020-02-03,"AAPL","Technology","Apple Inc.",74.3351974487305
2020-02-03,"AMZN","Consumer","Amazon.com, Inc.",100.209999084473
2020-02-03,"BAC","Financials","Bank of America Corporation",28.1498031616211
2020-02-03,"COP","Energy","ConocoPhillips",46.8061790466309
2020-02-03,"CVX","Energy","Chevron Corporation",79.8063125610352
2020-02-03,"HD","Consumer","The Home Depot, Inc.",197.453674316406
2020-02-03,"JPM","Financials","JPMorgan Chase & Co.",112.163635253906
2020-02-03,"MCD","Consumer","McDonald's Corporation",184.994522094727
2020-02-03,"MSFT","Technology","Microsoft Corporation",164.836502075195
2020-02-03,"NVDA","Technology","NVIDIA Corporation",5.97424507141113
2020-02-03,"WFC","Financials","Wells Fargo & Company",39.9460678100586
2020-02-03,"XOM","Energy","Exxon Mobil Corporation",45.3522262573242
2020-02-04,"AAPL","Technology","Apple Inc.",76.7892684936523
2020-02-04,"AMZN","Consumer","Amazon.com, Inc.",102.483497619629
2020-02-04,"BAC","Financials","Bank of America Corporation",28.7047748565674
2020-02-04,"COP","Energy","ConocoPhillips",44.6786346435547
2020-02-04,"CVX","Energy","Chevron Corporation",80.2343673706055
2020-02-04,"HD","Consumer","The Home Depot, Inc.",200.404296875
2020-02-04,"JPM","Financials","JPMorgan Chase & Co.",113.778327941895
2020-02-04,"MCD","Consumer","McDonald's Corporation",184.513107299805
2020-02-04,"MSFT","Technology","Microsoft Corporation",170.262359619141
2020-02-04,"NVDA","Technology","NVIDIA Corporation",6.14328145980835
2020-02-04,"WFC","Financials","Wells Fargo & Company",40.0647506713867
2020-02-04,"XOM","Energy","Exxon Mobil Corporation",44.7846794128418
2020-02-05,"AAPL","Technology","Apple Inc.",77.415412902832
2020-02-05,"AMZN","Consumer","Amazon.com, Inc.",101.993499755859
2020-02-05,"BAC","Financials","Bank of America Corporation",29.6354179382324
2020-02-05,"COP","Energy","ConocoPhillips",46.4898262023926
2020-02-05,"CVX","Energy","Chevron Corporation",82.8099594116211
2020-02-05,"HD","Consumer","The Home Depot, Inc.",203.056488037109
2020-02-05,"JPM","Financials","JPMorgan Chase & Co.",115.712608337402
2020-02-05,"MCD","Consumer","McDonald's Corporation",184.298156738281
2020-02-05,"MSFT","Technology","Microsoft Corporation",170.054397583008
2020-02-05,"NVDA","Technology","NVIDIA Corporation",6.23351764678955
2020-02-05,"WFC","Financials","Wells Fargo & Company",40.954891204834
2020-02-05,"XOM","Energy","Exxon Mobil Corporation",46.8458023071289
2020-02-06,"AAPL","Technology","Apple Inc.",78.3209686279297
2020-02-06,"AMZN","Consumer","Amazon.com, Inc.",102.511497497559
2020-02-06,"BAC","Financials","Bank of America Corporation",29.6012668609619
2020-02-06,"COP","Energy","ConocoPhillips",46.1971855163574
2020-02-06,"CVX","Energy","Chevron Corporation",82.2167663574219
2020-02-06,"HD","Consumer","The Home Depot, Inc.",203.678985595703
2020-02-06,"JPM","Financials","JPMorgan Chase & Co.",115.729438781738
2020-02-06,"MCD","Consumer","McDonald's Corporation",183.008590698242
2020-02-06,"MSFT","Technology","Microsoft Corporation",173.580291748047
2020-02-06,"NVDA","Technology","NVIDIA Corporation",6.32027578353882
2020-02-06,"WFC","Financials","Wells Fargo & Company",41.1091156005859
2020-02-06,"XOM","Energy","Exxon Mobil Corporation",46.2110366821289
2020-02-07,"AAPL","Technology","Apple Inc.",77.2563552856445
2020-02-07,"AMZN","Consumer","Amazon.com, Inc.",103.963996887207
2020-02-07,"BAC","Financials","Bank of America Corporation",29.5500373840332
2020-02-07,"COP","Energy","ConocoPhillips",45.8650016784668
2020-02-07,"CVX","Energy","Chevron Corporation",81.8037490844727
2020-02-07,"HD","Consumer","The Home Depot, Inc.",202.365707397461
2020-02-07,"JPM","Financials","JPMorgan Chase & Co.",115.359375
2020-02-07,"MCD","Consumer","McDonald's Corporation",181.925338745117
2020-02-07,"MSFT","Technology","Microsoft Corporation",173.82600402832
2020-02-07,"NVDA","Technology","NVIDIA Corporation",6.254150390625
2020-02-07,"WFC","Financials","Wells Fargo & Company",40.9891624450684
2020-02-07,"XOM","Energy","Exxon Mobil Corporation",45.9048538208008
2020-02-10,"AAPL","Technology","Apple Inc.",77.6232986450195
2020-02-10,"AMZN","Consumer","Amazon.com, Inc.",106.695503234863
2020-02-10,"BAC","Financials","Bank of America Corporation",29.6183433532715
2020-02-10,"COP","Energy","ConocoPhillips",45.770092010498
2020-02-10,"CVX","Energy","Chevron Corporation",82.4420166015625
2020-02-10,"HD","Consumer","The Home Depot, Inc.",205.188430786133
2020-02-10,"JPM","Financials","JPMorgan Chase & Co.",115.838760375977
2020-02-10,"MCD","Consumer","McDonald's Corporation",183.300903320312
2020-02-10,"MSFT","Technology","Microsoft Corporation",178.372756958008
2020-02-10,"NVDA","Technology","NVIDIA Corporation",6.53704023361206
2020-02-10,"WFC","Financials","Wells Fargo & Company",40.9291877746582
2020-02-10,"XOM","Energy","Exxon Mobil Corporation",45.420051574707
2020-02-11,"AAPL","Technology","Apple Inc.",77.1549530029297
2020-02-11,"AMZN","Consumer","Amazon.com, Inc.",107.540000915527
2020-02-11,"BAC","Financials","Bank of America Corporation",29.6866493225098
2020-02-11,"COP","Energy","ConocoPhillips",46.434455871582
2020-02-11,"CVX","Energy","Chevron Corporation",83.5082855224609
2020-02-11,"HD","Consumer","The Home Depot, Inc.",206.066802978516
2020-02-11,"JPM","Financials","JPMorgan Chase & Co.",116.05744934082
2020-02-11,"MCD","Consumer","McDonald's Corporation",185.467391967773
2020-02-11,"MSFT","Technology","Microsoft Corporation",174.345932006836
2020-02-11,"NVDA","Technology","NVIDIA Corporation",6.6593451499939
2020-02-11,"WFC","Financials","Wells Fargo & Company",41.1176795959473
2020-02-11,"XOM","Energy","Exxon Mobil Corporation",45.8518218994141
2020-02-12,"AAPL","Technology","Apple Inc.",78.9872360229492
2020-02-12,"AMZN","Consumer","Amazon.com, Inc.",108
2020-02-12,"BAC","Financials","Bank of America Corporation",29.8147106170654
2020-02-12,"COP","Energy","ConocoPhillips",47.2649116516113
2020-02-12,"CVX","Energy","Chevron Corporation",84.1315460205078
2020-02-12,"HD","Consumer","The Home Depot, Inc.",206.024169921875
2020-02-12,"JPM","Financials","JPMorgan Chase & Co.",116.05744934082
2020-02-12,"MCD","Consumer","McDonald's Corporation",186.954727172852
2020-02-12,"MSFT","Technology","Microsoft Corporation",174.601135253906
2020-02-12,"NVDA","Technology","NVIDIA Corporation",6.77493667602539
2020-02-12,"WFC","Financials","Wells Fargo & Company",40.9463119506836
2020-02-12,"XOM","Energy","Exxon Mobil Corporation",46.4123764038086
2020-02-13,"AAPL","Technology","Apple Inc.",78.4247512817383
2020-02-13,"AMZN","Consumer","Amazon.com, Inc.",107.493499755859
2020-02-13,"BAC","Financials","Bank of America Corporation",29.8061790466309
2020-02-13,"COP","Energy","ConocoPhillips",46.8507308959961
2020-02-13,"CVX","Energy","Chevron Corporation",83.8462219238281
2020-02-13,"HD","Consumer","The Home Depot, Inc.",206.680786132812
2020-02-13,"JPM","Financials","JPMorgan Chase & Co.",115.956520080566
2020-02-13,"MCD","Consumer","McDonald's Corporation",186.920272827148
2020-02-13,"MSFT","Technology","Microsoft Corporation",173.655868530273
2020-02-13,"NVDA","Technology","NVIDIA Corporation",6.7311863899231
2020-02-13,"WFC","Financials","Wells Fargo & Company",41.229061126709
2020-02-13,"XOM","Energy","Exxon Mobil Corporation",46.1548309326172
2020-02-14,"AAPL","Technology","Apple Inc.",78.4440536499023
2020-02-14,"AMZN","Consumer","Amazon.com, Inc.",106.743499755859
2020-02-14,"BAC","Financials","Bank of America Corporation",29.7549533843994
2020-02-14,"COP","Energy","ConocoPhillips",46.6914405822754
2020-02-14,"CVX","Energy","Chevron Corporation",83.6259155273438
2020-02-14,"HD","Consumer","The Home Depot, Inc.",208.957733154297
2020-02-14,"JPM","Financials","JPMorgan Chase & Co.",115.603294372559
2020-02-14,"MCD","Consumer","McDonald's Corporation",186.636581420898
2020-02-14,"MSFT","Technology","Microsoft Corporation",175.206161499023
2020-02-14,"NVDA","Technology","NVIDIA Corporation",7.20374584197998
2020-02-14,"WFC","Financials","Wells Fargo & Company",41.3147430419922
2020-02-14,"XOM","Energy","Exxon Mobil Corporation",45.9427299499512
2020-02-18,"AAPL","Technology","Apple Inc.",77.0077209472656
2020-02-18,"AMZN","Consumer","Amazon.com, Inc.",107.783500671387
2020-02-18,"BAC","Financials","Bank of America Corporation",29.259744644165
2020-02-18,"COP","Energy","ConocoPhillips",46.4365463256836
2020-02-18,"CVX","Energy","Chevron Corporation",83.747444152832
2020-02-18,"HD","Consumer","The Home Depot, Inc.",208.028213500977
2020-02-18,"JPM","Financials","JPMorgan Chase & Co.",114.07266998291
2020-02-18,"MCD","Consumer","McDonald's Corporation",185.828430175781
2020-02-18,"MSFT","Technology","Microsoft Corporation",176.983245849609
2020-02-18,"NVDA","Technology","NVIDIA Corporation",7.37228727340698
2020-02-18,"WFC","Financials","Wells Fargo & Company",40.2608757019043
2020-02-18,"XOM","Energy","Exxon Mobil Corporation",45.3594551086426
2020-02-19,"AAPL","Technology","Apple Inc.",78.1229858398438
2020-02-19,"AMZN","Consumer","Amazon.com, Inc.",108.511001586914
2020-02-19,"BAC","Financials","Bank of America Corporation",29.6439552307129
2020-02-19,"COP","Energy","ConocoPhillips",47.2011985778809
2020-02-19,"CVX","Energy","Chevron Corporation",84.1273040771484
2020-02-19,"HD","Consumer","The Home Depot, Inc.",207.772354125977
2020-02-19,"JPM","Financials","JPMorgan Chase & Co.",115.628532409668
2020-02-19,"MCD","Consumer","McDonald's Corporation",185.381393432617
2020-02-19,"MSFT","Technology","Microsoft Corporation",177.514022827148
2020-02-19,"NVDA","Technology","NVIDIA Corporation",7.82297134399414
2020-02-19,"WFC","Financials","Wells Fargo & Company",40.3465614318848
2020-02-19,"XOM","Energy","Exxon Mobil Corporation",45.7078971862793
2020-02-20,"AAPL","Technology","Apple Inc.",77.3215484619141
2020-02-20,"AMZN","Consumer","Amazon.com, Inc.",107.654998779297
2020-02-20,"BAC","Financials","Bank of America Corporation",29.7549533843994
2020-02-20,"COP","Energy","ConocoPhillips",46.8985252380371
2020-02-20,"CVX","Energy","Chevron Corporation",83.4207916259766
2020-02-20,"HD","Consumer","The Home Depot, Inc.",210.654769897461
2020-02-20,"JPM","Financials","JPMorgan Chase & Co.",115.628532409668
2020-02-20,"MCD","Consumer","McDonald's Corporation",184.908554077148
2020-02-20,"MSFT","Technology","Microsoft Corporation",174.803161621094
2020-02-20,"NVDA","Technology","NVIDIA Corporation",7.67381954193115
2020-02-20,"WFC","Financials","Wells Fargo & Company",40.5607604980469
2020-02-20,"XOM","Energy","Exxon Mobil Corporation",45.3442993164062
2020-02-21,"AAPL","Technology","Apple Inc.",75.5713577270508
2020-02-21,"AMZN","Consumer","Amazon.com, Inc.",104.798500061035
2020-02-21,"BAC","Financials","Bank of America Corporation",29.3365879058838
2020-02-21,"COP","Energy","ConocoPhillips",46.5480537414551
2020-02-21,"CVX","Energy","Chevron Corporation",82.8130416870117
2020-02-21,"HD","Consumer","The Home Depot, Inc.",209.222122192383
2020-02-21,"JPM","Financials","JPMorgan Chase & Co.",114.215644836426
2020-02-21,"MCD","Consumer","McDonald's Corporation",185.587738037109
2020-02-21,"MSFT","Technology","Microsoft Corporation",169.277145385742
2020-02-21,"NVDA","Technology","NVIDIA Corporation",7.3101396560669
2020-02-21,"WFC","Financials","Wells Fargo & Company",40.8692016601562
2020-02-21,"XOM","Energy","Exxon Mobil Corporation",44.7913246154785
2020-02-24,"AAPL","Technology","Apple Inc.",71.9816970825195
2020-02-24,"AMZN","Consumer","Amazon.com, Inc.",100.464500427246
2020-02-24,"BAC","Financials","Bank of America Corporation",27.9448909759521
2020-02-24,"COP","Energy","ConocoPhillips",44.9072456359863
2020-02-24,"CVX","Energy","Chevron Corporation",79.5464096069336
2020-02-24,"HD","Consumer","The Home Depot, Inc.",204.412399291992
2020-02-24,"JPM","Financials","JPMorgan Chase & Co.",111.146011352539
2020-02-24,"MCD","Consumer","McDonald's Corporation",183.567413330078
2020-02-24,"MSFT","Technology","Microsoft Corporation",161.978729248047
2020-02-24,"NVDA","Technology","NVIDIA Corporation",6.79333209991455
2020-02-24,"WFC","Financials","Wells Fargo & Company",39.7468032836914
2020-02-24,"XOM","Energy","Exxon Mobil Corporation",42.6930274963379
2020-02-25,"AAPL","Technology","Apple Inc.",69.5435256958008
2020-02-25,"AMZN","Consumer","Amazon.com, Inc.",98.6370010375977
2020-02-25,"BAC","Financials","Bank of America Corporation",26.5361251831055
2020-02-25,"COP","Energy","ConocoPhillips",42.8761405944824
2020-02-25,"CVX","Energy","Chevron Corporation",76.5076675415039
2020-02-25,"HD","Consumer","The Home Depot, Inc.",202.433929443359
2020-02-25,"JPM","Financials","JPMorgan Chase & Co.",106.184127807617
2020-02-25,"MCD","Consumer","McDonald's Corporation",182.346557617188
2020-02-25,"MSFT","Technology","Microsoft Corporation",159.305786132812
2020-02-25,"NVDA","Technology","NVIDIA Corporation",6.51417112350464
2020-02-25,"WFC","Financials","Wells Fargo & Company",38.6586723327637
2020-02-25,"XOM","Energy","Exxon Mobil Corporation",41.0568199157715
2020-02-26,"AAPL","Technology","Apple Inc.",70.6467437744141
2020-02-26,"AMZN","Consumer","Amazon.com, Inc.",98.9794998168945
2020-02-26,"BAC","Financials","Bank of America Corporation",26.1519088745117
2020-02-26,"COP","Energy","ConocoPhillips",40.7574234008789
2020-02-26,"CVX","Energy","Chevron Corporation",74.4793090820312
2020-02-26,"HD","Consumer","The Home Depot, Inc.",200.643112182617
2020-02-26,"JPM","Financials","JPMorgan Chase & Co.",106.503707885742
2020-02-26,"MCD","Consumer","McDonald's Corporation",180.62712097168
2020-02-26,"MSFT","Technology","Microsoft Corporation",161.296264648438
2020-02-26,"NVDA","Technology","NVIDIA Corporation",6.65337800979614
2020-02-26,"WFC","Financials","Wells Fargo & Company",37.8190155029297
2020-02-26,"XOM","Energy","Exxon Mobil Corporation",40.1553764343262
2020-02-27,"AAPL","Technology","Apple Inc.",66.0286712646484
2020-02-27,"AMZN","Consumer","Amazon.com, Inc.",94.2149963378906
2020-02-27,"BAC","Financials","Bank of America Corporation",24.8712139129639
2020-02-27,"COP","Energy","ConocoPhillips",37.5395240783691
2020-02-27,"CVX","Energy","Chevron Corporation",71.5089416503906
2020-02-27,"HD","Consumer","The Home Depot, Inc.",191.646194458008
2020-02-27,"JPM","Financials","JPMorgan Chase & Co.",102.071685791016
2020-02-27,"MCD","Consumer","McDonald's Corporation",172.803741455078
2020-02-27,"MSFT","Technology","Microsoft Corporation",149.931488037109
2020-02-27,"NVDA","Technology","NVIDIA Corporation",6.28301572799683
2020-02-27,"WFC","Financials","Wells Fargo & Company",36.3881683349609
2020-02-27,"XOM","Energy","Exxon Mobil Corporation",37.7389488220215
2020-02-28,"AAPL","Technology","Apple Inc.",65.9900512695312
2020-02-28,"AMZN","Consumer","Amazon.com, Inc.",94.1875
2020-02-28,"BAC","Financials","Bank of America Corporation",24.3333168029785
2020-02-28,"COP","Energy","ConocoPhillips",38.5670204162598
2020-02-28,"CVX","Energy","Chevron Corporation",70.9088134765625
2020-02-28,"HD","Consumer","The Home Depot, Inc.",185.770538330078
2020-02-28,"JPM","Financials","JPMorgan Chase & Co.",97.6480331420898
2020-02-28,"MCD","Consumer","McDonald's Corporation",167.976425170898
2020-02-28,"MSFT","Technology","Microsoft Corporation",153.561767578125
2020-02-28,"NVDA","Technology","NVIDIA Corporation",6.71755266189575
2020-02-28,"WFC","Financials","Wells Fargo & Company",35.0001525878906
2020-02-28,"XOM","Energy","Exxon Mobil Corporation",38.9660949707031
2020-03-02,"AAPL","Technology","Apple Inc.",72.1337585449219
2020-03-02,"AMZN","Consumer","Amazon.com, Inc.",97.6975021362305
2020-03-02,"BAC","Financials","Bank of America Corporation",25.0761222839355
2020-03-02,"COP","Energy","ConocoPhillips",39.2121887207031
2020-03-02,"CVX","Energy","Chevron Corporation",73.3777618408203
2020-03-02,"HD","Consumer","The Home Depot, Inc.",196.089233398438
2020-03-02,"JPM","Financials","JPMorgan Chase & Co.",102.197814941406
2020-03-02,"MCD","Consumer","McDonald's Corporation",175.225997924805
2020-03-02,"MSFT","Technology","Microsoft Corporation",163.779663085938
2020-03-02,"NVDA","Technology","NVIDIA Corporation",6.87574625015259
2020-03-02,"WFC","Financials","Wells Fargo & Company",36.2082328796387
2020-03-02,"XOM","Energy","Exxon Mobil Corporation",40.8144111633301
2020-03-03,"AAPL","Technology","Apple Inc.",69.8428802490234
2020-03-03,"AMZN","Consumer","Amazon.com, Inc.",95.4495010375977
2020-03-03,"BAC","Financials","Bank of America Corporation",23.6929664611816
2020-03-03,"COP","Energy","ConocoPhillips",38.3280639648438
2020-03-03,"CVX","Energy","Chevron Corporation",71.7064819335938
2020-03-03,"HD","Consumer","The Home Depot, Inc.",194.383636474609
2020-03-03,"JPM","Financials","JPMorgan Chase & Co.",98.3628768920898
2020-03-03,"MCD","Consumer","McDonald's Corporation",172.596084594727
2020-03-03,"MSFT","Technology","Microsoft Corporation",155.931396484375
2020-03-03,"NVDA","Technology","NVIDIA Corporation",6.61357975006104
2020-03-03,"WFC","Financials","Wells Fargo & Company",34.7259750366211
2020-03-03,"XOM","Energy","Exxon Mobil Corporation",38.860050201416
2020-03-04,"AAPL","Technology","Apple Inc.",73.0825042724609
2020-03-04,"AMZN","Consumer","Amazon.com, Inc.",98.7914962768555
2020-03-04,"BAC","Financials","Bank of America Corporation",24.2394008636475
2020-03-04,"COP","Energy","ConocoPhillips",39.3715019226074
2020-03-04,"CVX","Energy","Chevron Corporation",74.8515777587891
2020-03-04,"HD","Consumer","The Home Depot, Inc.",205.589248657227
2020-03-04,"JPM","Financials","JPMorgan Chase & Co.",100.793342590332
2020-03-04,"MCD","Consumer","McDonald's Corporation",179.092956542969
2020-03-04,"MSFT","Technology","Microsoft Corporation",161.656463623047
2020-03-04,"NVDA","Technology","NVIDIA Corporation",7.07672214508057
2020-03-04,"WFC","Financials","Wells Fargo & Company",35.4713859558105
2020-03-04,"XOM","Energy","Exxon Mobil Corporation",39.7084579467773
2020-03-05,"AAPL","Technology","Apple Inc.",70.7119445800781
2020-03-05,"AMZN","Consumer","Amazon.com, Inc.",96.2014999389648
2020-03-05,"BAC","Financials","Bank of America Corporation",23.0106716156006
2020-03-05,"COP","Energy","ConocoPhillips",37.9935264587402
2020-03-05,"CVX","Energy","Chevron Corporation",73.8335876464844
2020-03-05,"HD","Consumer","The Home Depot, Inc.",200.242294311523
2020-03-05,"JPM","Financials","JPMorgan Chase & Co.",95.8483047485352
2020-03-05,"MCD","Consumer","McDonald's Corporation",171.566619873047
2020-03-05,"MSFT","Technology","Microsoft Corporation",157.599639892578
2020-03-05,"NVDA","Technology","NVIDIA Corporation",6.79764461517334
2020-03-05,"WFC","Financials","Wells Fargo & Company",33.3293914794922
2020-03-05,"XOM","Energy","Exxon Mobil Corporation",37.958625793457
2020-03-06,"AAPL","Technology","Apple Inc.",69.7728576660156
2020-03-06,"AMZN","Consumer","Amazon.com, Inc.",95.0544967651367
2020-03-06,"BAC","Financials","Bank of America Corporation",22.0912780761719
2020-03-06,"COP","Energy","ConocoPhillips",36.1058197021484
2020-03-06,"CVX","Energy","Chevron Corporation",72.412971496582
2020-03-06,"HD","Consumer","The Home Depot, Inc.",194.869766235352
2020-03-06,"JPM","Financials","JPMorgan Chase & Co.",90.8948440551758
2020-03-06,"MCD","Consumer","McDonald's Corporation",172.033813476562
2020-03-06,"MSFT","Technology","Microsoft Corporation",153.144744873047
2020-03-06,"NVDA","Technology","NVIDIA Corporation",6.61731243133545
2020-03-06,"WFC","Financials","Wells Fargo & Company",31.778600692749
2020-03-06,"XOM","Energy","Exxon Mobil Corporation",36.1254425048828
2020-03-09,"AAPL","Technology","Apple Inc.",64.2543716430664
2020-03-09,"AMZN","Consumer","Amazon.com, Inc.",90.0305023193359
2020-03-09,"BAC","Financials","Bank of America Corporation",18.8433227539062
2020-03-09,"COP","Energy","ConocoPhillips",27.1371078491211
2020-03-09,"CVX","Energy","Chevron Corporation",61.2836151123047
2020-03-09,"HD","Consumer","The Home Depot, Inc.",179.477005004883
2020-03-09,"JPM","Financials","JPMorgan Chase & Co.",78.5826263427734
2020-03-09,"MCD","Consumer","McDonald's Corporation",161.652572631836
2020-03-09,"MSFT","Technology","Microsoft Corporation",142.765716552734
2020-03-09,"NVDA","Technology","NVIDIA Corporation",6.10491991043091
2020-03-09,"WFC","Financials","Wells Fargo & Company",27.8287582397461
2020-03-09,"XOM","Energy","Exxon Mobil Corporation",31.709192276001
2020-03-10,"AAPL","Technology","Apple Inc.",68.8820877075195
2020-03-10,"AMZN","Consumer","Amazon.com, Inc.",94.5910034179688
2020-03-10,"BAC","Financials","Bank of America Corporation",20.2868556976318
2020-03-10,"COP","Energy","ConocoPhillips",27.7822799682617
2020-03-10,"CVX","Energy","Chevron Corporation",64.5578536987305
2020-03-10,"HD","Consumer","The Home Depot, Inc.",192.473449707031
2020-03-10,"JPM","Financials","JPMorgan Chase & Co.",84.6882781982422
2020-03-10,"MCD","Consumer","McDonald's Corporation",172.898864746094
2020-03-10,"MSFT","Technology","Microsoft Corporation",152.528656005859
2020-03-10,"NVDA","Technology","NVIDIA Corporation",6.49394035339355
2020-03-10,"WFC","Financials","Wells Fargo & Company",30.056432723999
2020-03-10,"XOM","Energy","Exxon Mobil Corporation",32.8833236694336
2020-03-11,"AAPL","Technology","Apple Inc.",66.4897689819336
2020-03-11,"AMZN","Consumer","Amazon.com, Inc.",91.0429992675781
2020-03-11,"BAC","Financials","Bank of America Corporation",19.4791679382324
2020-03-11,"COP","Energy","ConocoPhillips",25.9343757629395
2020-03-11,"CVX","Energy","Chevron Corporation",63.0764808654785
2020-03-11,"HD","Consumer","The Home Depot, Inc.",182.763916015625
2020-03-11,"JPM","Financials","JPMorgan Chase & Co.",80.7019577026367
2020-03-11,"MCD","Consumer","McDonald's Corporation",162.855041503906
2020-03-11,"MSFT","Technology","Microsoft Corporation",145.618804931641
2020-03-11,"NVDA","Technology","NVIDIA Corporation",6.130539894104
2020-03-11,"WFC","Financials","Wells Fargo & Company",27.7002391815186
2020-03-11,"XOM","Energy","Exxon Mobil Corporation",31.8000926971436
2020-03-12,"AAPL","Technology","Apple Inc.",59.9235992431641
2020-03-12,"AMZN","Consumer","Amazon.com, Inc.",83.8304977416992
2020-03-12,"BAC","Financials","Bank of America Corporation",17.6231880187988
2020-03-12,"COP","Energy","ConocoPhillips",22.4615917205811
2020-03-12,"CVX","Energy","Chevron Corporation",57.9334259033203
2020-03-12,"HD","Consumer","The Home Depot, Inc.",163.619567871094
2020-03-12,"JPM","Financials","JPMorgan Chase & Co.",74.049674987793
2020-03-12,"MCD","Consumer","McDonald's Corporation",147.179443359375
2020-03-12,"MSFT","Technology","Microsoft Corporation",131.808547973633
2020-03-12,"NVDA","Technology","NVIDIA Corporation",5.38035821914673
2020-03-12,"WFC","Financials","Wells Fargo & Company",23.304874420166
2020-03-12,"XOM","Energy","Exxon Mobil Corporation",28.1640701293945
2020-03-13,"AAPL","Technology","Apple Inc.",67.1029205322266
2020-03-13,"AMZN","Consumer","Amazon.com, Inc.",89.25
2020-03-13,"BAC","Financials","Bank of America Corporation",20.7594470977783
2020-03-13,"COP","Energy","ConocoPhillips",24.9944896697998
2020-03-13,"CVX","Energy","Chevron Corporation",63.3727645874023
2020-03-13,"HD","Consumer","The Home Depot, Inc.",176.565612792969
2020-03-13,"JPM","Financials","JPMorgan Chase & Co.",87.3878707885742
2020-03-13,"MCD","Consumer","McDonald's Corporation",153.235107421875
2020-03-13,"MSFT","Technology","Microsoft Corporation",150.547622680664
2020-03-13,"NVDA","Technology","NVIDIA Corporation",5.99050235748291
2020-03-13,"WFC","Financials","Wells Fargo & Company",26.4664497375488
2020-03-13,"XOM","Energy","Exxon Mobil Corporation",28.8761234283447
2020-03-16,"AAPL","Technology","Apple Inc.",58.4703407287598
2020-03-16,"AMZN","Consumer","Amazon.com, Inc.",84.4574966430664
2020-03-16,"BAC","Financials","Bank of America Corporation",17.5630416870117
2020-03-16,"COP","Energy","ConocoPhillips",20.772985458374
2020-03-16,"CVX","Energy","Chevron Corporation",52.9499015808105
2020-03-16,"HD","Consumer","The Home Depot, Inc.",141.616485595703
2020-03-16,"JPM","Financials","JPMorgan Chase & Co.",74.3103866577148
2020-03-16,"MCD","Consumer","McDonald's Corporation",128.908538818359
2020-03-16,"MSFT","Technology","Microsoft Corporation",128.358352661133
2020-03-16,"NVDA","Technology","NVIDIA Corporation",4.88513088226318
2020-03-16,"WFC","Financials","Wells Fargo & Company",22.7051181793213
2020-03-16,"XOM","Energy","Exxon Mobil Corporation",26.1263751983643
2020-03-17,"AAPL","Technology","Apple Inc.",61.0412902832031
2020-03-17,"AMZN","Consumer","Amazon.com, Inc.",90.3919982910156
2020-03-17,"BAC","Financials","Bank of America Corporation",18.886287689209
2020-03-17,"COP","Energy","ConocoPhillips",20.9083938598633
2020-03-17,"CVX","Energy","Chevron Corporation",53.7019958496094
2020-03-17,"HD","Consumer","The Home Depot, Inc.",149.068176269531
2020-03-17,"JPM","Financials","JPMorgan Chase & Co.",78.8517837524414
2020-03-17,"MCD","Consumer","McDonald's Corporation",127.706047058105
2020-03-17,"MSFT","Technology","Microsoft Corporation",138.92692565918
2020-03-17,"NVDA","Technology","NVIDIA Corporation",5.40423727035522
2020-03-17,"WFC","Financials","Wells Fargo & Company",25.3868846893311
2020-03-17,"XOM","Energy","Exxon Mobil Corporation",27.8837909698486
2020-03-18,"AAPL","Technology","Apple Inc.",59.547004699707
2020-03-18,"AMZN","Consumer","Amazon.com, Inc.",91.5
2020-03-18,"BAC","Financials","Bank of America Corporation",17.8637771606445
2020-03-18,"COP","Energy","ConocoPhillips",18.056884765625
2020-03-18,"CVX","Energy","Chevron Corporation",41.8205413818359
2020-03-18,"HD","Consumer","The Home Depot, Inc.",133.606781005859
2020-03-18,"JPM","Financials","JPMorgan Chase & Co.",70.5511474609375
2020-03-18,"MCD","Consumer","McDonald's Corporation",118.778221130371
2020-03-18,"MSFT","Technology","Microsoft Corporation",133.078659057617
2020-03-18,"NVDA","Technology","NVIDIA Corporation",5.04481792449951
2020-03-18,"WFC","Financials","Wells Fargo & Company",24.0931262969971
2020-03-18,"XOM","Energy","Exxon Mobil Corporation",25.0885925292969
2020-03-19,"AAPL","Technology","Apple Inc.",59.0907516479492
2020-03-19,"AMZN","Consumer","Amazon.com, Inc.",94.046501159668
2020-03-19,"BAC","Financials","Bank of America Corporation",18.2160739898682
2020-03-19,"COP","Energy","ConocoPhillips",20.3826942443848
2020-03-19,"CVX","Energy","Chevron Corporation",43.5982093811035
2020-03-19,"HD","Consumer","The Home Depot, Inc.",138.328475952148
2020-03-19,"JPM","Financials","JPMorgan Chase & Co.",71.7369232177734
2020-03-19,"MCD","Consumer","McDonald's Corporation",129.332473754883
2020-03-19,"MSFT","Technology","Microsoft Corporation",135.268173217773
2020-03-19,"NVDA","Technology","NVIDIA Corporation",5.29728221893311
2020-03-19,"WFC","Financials","Wells Fargo & Company",24.2387809753418
2020-03-19,"XOM","Energy","Exxon Mobil Corporation",26.0809307098389
2020-03-20,"AAPL","Technology","Apple Inc.",55.3393478393555
2020-03-20,"AMZN","Consumer","Amazon.com, Inc.",92.3044967651367
2020-03-20,"BAC","Financials","Bank of America Corporation",16.9014167785645
2020-03-20,"COP","Energy","ConocoPhillips",21.3783359527588
2020-03-20,"CVX","Energy","Chevron Corporation",45.1175765991211
2020-03-20,"HD","Consumer","The Home Depot, Inc.",130.619216918945
2020-03-20,"JPM","Financials","JPMorgan Chase & Co.",70.2231521606445
2020-03-20,"MCD","Consumer","McDonald's Corporation",128.458694458008
2020-03-20,"MSFT","Technology","Microsoft Corporation",130.187728881836
2020-03-20,"NVDA","Technology","NVIDIA Corporation",5.11769723892212
2020-03-20,"WFC","Financials","Wells Fargo & Company",22.7051181793213
2020-03-20,"XOM","Energy","Exxon Mobil Corporation",24.8007431030273
2020-03-23,"AAPL","Technology","Apple Inc.",54.1637153625488
2020-03-23,"AMZN","Consumer","Amazon.com, Inc.",95.1415023803711
2020-03-23,"BAC","Financials","Bank of America Corporation",15.535213470459
2020-03-23,"COP","Energy","ConocoPhillips",19.5543270111084
2020-03-23,"CVX","Energy","Chevron Corporation",41.1900100708008
2020-03-23,"HD","Consumer","The Home Depot, Inc.",139.410186767578
2020-03-23,"JPM","Financials","JPMorgan Chase & Co.",66.4638900756836
2020-03-23,"MCD","Consumer","McDonald's Corporation",118.605194091797
2020-03-23,"MSFT","Technology","Microsoft Corporation",128.88916015625
2020-03-23,"NVDA","Technology","NVIDIA Corporation",5.29031705856323
2020-03-23,"WFC","Financials","Wells Fargo & Company",21.6341228485107
2020-03-23,"XOM","Energy","Exxon Mobil Corporation",23.823558807373
2020-03-24,"AAPL","Technology","Apple Inc.",59.5976982116699
2020-03-24,"AMZN","Consumer","Amazon.com, Inc.",97.004997253418
2020-03-24,"BAC","Financials","Bank of America Corporation",18.0699920654297
2020-03-24,"COP","Energy","ConocoPhillips",24.4847202301025
2020-03-24,"CVX","Energy","Chevron Corporation",50.5569000244141
2020-03-24,"HD","Consumer","The Home Depot, Inc.",158.580230712891
2020-03-24,"JPM","Financials","JPMorgan Chase & Co.",74.3692626953125
2020-03-24,"MCD","Consumer","McDonald's Corporation",140.102920532227
2020-03-24,"MSFT","Technology","Microsoft Corporation",140.604598999023
2020-03-24,"NVDA","Technology","NVIDIA Corporation",6.1979455947876
2020-03-24,"WFC","Financials","Wells Fargo & Company",24.7785606384277
2020-03-24,"XOM","Energy","Exxon Mobil Corporation",26.8460006713867
2020-03-25,"AAPL","Technology","Apple Inc.",59.2693862915039
2020-03-25,"AMZN","Consumer","Amazon.com, Inc.",94.2919998168945
2020-03-25,"BAC","Financials","Bank of America Corporation",18.1301383972168
2020-03-25,"COP","Energy","ConocoPhillips",24.6440277099609
2020-03-25,"CVX","Energy","Chevron Corporation",52.6232299804688
2020-03-25,"HD","Consumer","The Home Depot, Inc.",156.039093017578
2020-03-25,"JPM","Financials","JPMorgan Chase & Co.",77.1445541381836
2020-03-25,"MCD","Consumer","McDonald's Corporation",140.993988037109
2020-03-25,"MSFT","Technology","Microsoft Corporation",139.258636474609
2020-03-25,"NVDA","Technology","NVIDIA Corporation",6.10939693450928
2020-03-25,"WFC","Financials","Wells Fargo & Company",24.8214054107666
2020-03-25,"XOM","Energy","Exxon Mobil Corporation",28.2473926544189
2020-03-26,"AAPL","Technology","Apple Inc.",62.3883323669434
2020-03-26,"AMZN","Consumer","Amazon.com, Inc.",97.7744979858398
2020-03-26,"BAC","Financials","Bank of America Corporation",19.5221252441406
2020-03-26,"COP","Energy","ConocoPhillips",25.5600166320801
2020-03-26,"CVX","Energy","Chevron Corporation",58.0245780944824
2020-03-26,"HD","Consumer","The Home Depot, Inc.",167.585784912109
2020-03-26,"JPM","Financials","JPMorgan Chase & Co.",82.5185012817383
2020-03-26,"MCD","Consumer","McDonald's Corporation",144.774459838867
2020-03-26,"MSFT","Technology","Microsoft Corporation",147.969436645508
2020-03-26,"NVDA","Technology","NVIDIA Corporation",6.39842557907104
2020-03-26,"WFC","Financials","Wells Fargo & Company",26.4750213623047
2020-03-26,"XOM","Energy","Exxon Mobil Corporation",29.406379699707
2020-03-27,"AAPL","Technology","Apple Inc.",59.8053169250488
2020-03-27,"AMZN","Consumer","Amazon.com, Inc.",95.004997253418
2020-03-27,"BAC","Financials","Bank of America Corporation",18.5597667694092
2020-03-27,"COP","Energy","ConocoPhillips",23.297924041748
2020-03-27,"CVX","Energy","Chevron Corporation",52.2509880065918
2020-03-27,"HD","Consumer","The Home Depot, Inc.",163.585266113281
2020-03-27,"JPM","Financials","JPMorgan Chase & Co.",76.6399459838867
2020-03-27,"MCD","Consumer","McDonald's Corporation",141.885040283203
2020-03-27,"MSFT","Technology","Microsoft Corporation",141.893692016602
2020-03-27,"NVDA","Technology","NVIDIA Corporation",6.28624868392944
2020-03-27,"WFC","Financials","Wells Fargo & Company",25.9438095092773
2020-03-27,"XOM","Energy","Exxon Mobil Corporation",27.9898376464844
2020-03-30,"AAPL","Technology","Apple Inc.",61.5120239257812
2020-03-30,"AMZN","Consumer","Amazon.com, Inc.",98.1975021362305
2020-03-30,"BAC","Financials","Bank of America Corporation",18.9378337860107
2020-03-30,"COP","Energy","ConocoPhillips",23.3297843933105
2020-03-30,"CVX","Energy","Chevron Corporation",54.6591758728027
2020-03-30,"HD","Consumer","The Home Depot, Inc.",168.349868774414
2020-03-30,"JPM","Financials","JPMorgan Chase & Co.",78.6331024169922
2020-03-30,"MCD","Consumer","McDonald's Corporation",145.449249267578
2020-03-30,"MSFT","Technology","Microsoft Corporation",151.874588012695
2020-03-30,"NVDA","Technology","NVIDIA Corporation",6.60611772537231
2020-03-30,"WFC","Financials","Wells Fargo & Company",25.6353607177734
2020-03-30,"XOM","Energy","Exxon Mobil Corporation",28.4064655303955
2020-03-31,"AAPL","Technology","Apple Inc.",61.3864898681641
2020-03-31,"AMZN","Consumer","Amazon.com, Inc.",97.4860000610352
2020-03-31,"BAC","Financials","Bank of America Corporation",18.2418422698975
2020-03-31,"COP","Energy","ConocoPhillips",24.5325126647949
2020-03-31,"CVX","Energy","Chevron Corporation",55.0466156005859
2020-03-31,"HD","Consumer","The Home Depot, Inc.",160.288619995117
2020-03-31,"JPM","Financials","JPMorgan Chase & Co.",75.7148818969727
2020-03-31,"MCD","Consumer","McDonald's Corporation",143.04426574707
2020-03-31,"MSFT","Technology","Microsoft Corporation",149.485992431641
2020-03-31,"NVDA","Technology","NVIDIA Corporation",6.55662155151367
2020-03-31,"WFC","Financials","Wells Fargo & Company",24.5900707244873
2020-03-31,"XOM","Energy","Exxon Mobil Corporation",28.7624988555908
2020-04-01,"AAPL","Technology","Apple Inc.",58.1565208435059
2020-04-01,"AMZN","Consumer","Amazon.com, Inc.",95.3850021362305
2020-04-01,"BAC","Financials","Bank of America Corporation",16.9873447418213
2020-04-01,"COP","Energy","ConocoPhillips",23.5926342010498
2020-04-01,"CVX","Energy","Chevron Corporation",52.083869934082
2020-04-01,"HD","Consumer","The Home Depot, Inc.",153.35205078125
2020-04-01,"JPM","Financials","JPMorgan Chase & Co.",70.946418762207
2020-04-01,"MCD","Consumer","McDonald's Corporation",136.83283996582
2020-04-01,"MSFT","Technology","Microsoft Corporation",144.178024291992
2020-04-01,"NVDA","Technology","NVIDIA Corporation",6.04596996307373
2020-04-01,"WFC","Financials","Wells Fargo & Company",22.7650966644287
2020-04-01,"XOM","Energy","Exxon Mobil Corporation",28.4291915893555
2020-04-02,"AAPL","Technology","Apple Inc.",59.1269607543945
2020-04-02,"AMZN","Consumer","Amazon.com, Inc.",95.9414978027344
2020-04-02,"BAC","Financials","Bank of America Corporation",17.6747455596924
2020-04-02,"COP","Energy","ConocoPhillips",26.9698429107666
2020-04-02,"CVX","Energy","Chevron Corporation",57.8270721435547
2020-04-02,"HD","Consumer","The Home Depot, Inc.",155.652740478516
2020-04-02,"JPM","Financials","JPMorgan Chase & Co.",73.5955429077148
2020-04-02,"MCD","Consumer","McDonald's Corporation",139.713653564453
2020-04-02,"MSFT","Technology","Microsoft Corporation",147.163757324219
2020-04-02,"NVDA","Technology","NVIDIA Corporation",6.35440063476562
2020-04-02,"WFC","Financials","Wells Fargo & Company",23.3220081329346
2020-04-02,"XOM","Energy","Exxon Mobil Corporation",30.6032276153564
2020-04-03,"AAPL","Technology","Apple Inc.",58.2772178649902
2020-04-03,"AMZN","Consumer","Amazon.com, Inc.",95.3294982910156
2020-04-03,"BAC","Financials","Bank of America Corporation",17.2107486724854
2020-04-03,"COP","Energy","ConocoPhillips",26.2131462097168
2020-04-03,"CVX","Energy","Chevron Corporation",57.0597915649414
2020-04-03,"HD","Consumer","The Home Depot, Inc.",153.412155151367
2020-04-03,"JPM","Financials","JPMorgan Chase & Co.",71.4202346801758
2020-04-03,"MCD","Consumer","McDonald's Corporation",138.70149230957
2020-04-03,"MSFT","Technology","Microsoft Corporation",145.808334350586
2020-04-03,"NVDA","Technology","NVIDIA Corporation",6.06686496734619
2020-04-03,"WFC","Financials","Wells Fargo & Company",22.4737796783447
2020-04-03,"XOM","Energy","Exxon Mobil Corporation",29.7018032073975
2020-04-06,"AAPL","Technology","Apple Inc.",63.3611640930176
2020-04-06,"AMZN","Consumer","Amazon.com, Inc.",99.8795013427734
2020-04-06,"BAC","Financials","Bank of America Corporation",18.3793277740479
2020-04-06,"COP","Energy","ConocoPhillips",26.1255340576172
2020-04-06,"CVX","Energy","Chevron Corporation",61.0709114074707
2020-04-06,"HD","Consumer","The Home Depot, Inc.",164.254821777344
2020-04-06,"JPM","Financials","JPMorgan Chase & Co.",76.0172958374023
2020-04-06,"MCD","Consumer","McDonald's Corporation",153.157287597656
2020-04-06,"MSFT","Technology","Microsoft Corporation",156.651748657227
2020-04-06,"NVDA","Technology","NVIDIA Corporation",6.67601251602173
2020-04-06,"WFC","Financials","Wells Fargo & Company",24.5300922393799
2020-04-06,"XOM","Energy","Exxon Mobil Corporation",30.6562652587891
2020-04-07,"AAPL","Technology","Apple Inc.",62.6273078918457
2020-04-07,"AMZN","Consumer","Amazon.com, Inc.",100.580001831055
2020-04-07,"BAC","Financials","Bank of America Corporation",19.0237617492676
2020-04-07,"COP","Energy","ConocoPhillips",26.4998931884766
2020-04-07,"CVX","Energy","Chevron Corporation",61.4735527038574
2020-04-07,"HD","Consumer","The Home Depot, Inc.",165.079010009766
2020-04-07,"JPM","Financials","JPMorgan Chase & Co.",77.0199737548828
2020-04-07,"MCD","Consumer","McDonald's Corporation",151.902877807617
2020-04-07,"MSFT","Technology","Microsoft Corporation",154.964614868164
2020-04-07,"NVDA","Technology","NVIDIA Corporation",6.4429497718811
2020-04-07,"WFC","Financials","Wells Fargo & Company",24.6500453948975
2020-04-07,"XOM","Energy","Exxon Mobil Corporation",31.2395401000977
2020-04-08,"AAPL","Technology","Apple Inc.",64.2302093505859
2020-04-08,"AMZN","Consumer","Amazon.com, Inc.",102.150001525879
2020-04-08,"BAC","Financials","Bank of America Corporation",20.149377822876
2020-04-08,"COP","Energy","ConocoPhillips",28.4194850921631
2020-04-08,"CVX","Energy","Chevron Corporation",65.3175506591797
2020-04-08,"HD","Consumer","The Home Depot, Inc.",167.251007080078
2020-04-08,"JPM","Financials","JPMorgan Chase & Co.",80.1300048828125
2020-04-08,"MCD","Consumer","McDonald's Corporation",153.546569824219
2020-04-08,"MSFT","Technology","Microsoft Corporation",156.519058227539
2020-04-08,"NVDA","Technology","NVIDIA Corporation",6.63994836807251
2020-04-08,"WFC","Financials","Wells Fargo & Company",25.9438095092773
2020-04-08,"XOM","Energy","Exxon Mobil Corporation",33.2166290283203
2020-04-09,"AAPL","Technology","Apple Inc.",64.6937026977539
2020-04-09,"AMZN","Consumer","Amazon.com, Inc.",102.138000488281
2020-04-09,"BAC","Financials","Bank of America Corporation",21.3609161376953
2020-04-09,"COP","Energy","ConocoPhillips",27.6628036499023
2020-04-09,"CVX","Energy","Chevron Corporation",64.0488891601562
2020-04-09,"HD","Consumer","The Home Depot, Inc.",173.011459350586
2020-04-09,"JPM","Financials","JPMorgan Chase & Co.",87.3187789916992
2020-04-09,"MCD","Consumer","McDonald's Corporation",158.918823242188
2020-04-09,"MSFT","Technology","Microsoft Corporation",156.528564453125
2020-04-09,"NVDA","Technology","NVIDIA Corporation",6.5404543876648
2020-04-09,"WFC","Financials","Wells Fargo & Company",28.445650100708
2020-04-09,"XOM","Energy","Exxon Mobil Corporation",32.6712303161621
2020-04-13,"AAPL","Technology","Apple Inc.",65.9635162353516
2020-04-13,"AMZN","Consumer","Amazon.com, Inc.",108.443496704102
2020-04-13,"BAC","Financials","Bank of America Corporation",20.5532245635986
2020-04-13,"COP","Energy","ConocoPhillips",27.3202991485596
2020-04-13,"CVX","Energy","Chevron Corporation",64.5046844482422
2020-04-13,"HD","Consumer","The Home Depot, Inc.",170.659149169922
2020-04-13,"JPM","Financials","JPMorgan Chase & Co.",83.4354705810547
2020-04-13,"MCD","Consumer","McDonald's Corporation",155.82177734375
2020-04-13,"MSFT","Technology","Microsoft Corporation",156.879211425781
2020-04-13,"NVDA","Technology","NVIDIA Corporation",6.71208047866821
2020-04-13,"WFC","Financials","Wells Fargo & Company",26.929126739502
2020-04-13,"XOM","Energy","Exxon Mobil Corporation",32.3909492492676
2020-04-14,"AAPL","Technology","Apple Inc.",69.2948760986328
2020-04-14,"AMZN","Consumer","Amazon.com, Inc.",114.166000366211
2020-04-14,"BAC","Financials","Bank of America Corporation",20.389965057373
2020-04-14,"COP","Energy","ConocoPhillips",27.1450748443604
2020-04-14,"CVX","Energy","Chevron Corporation",64.2768020629883
2020-04-14,"HD","Consumer","The Home Depot, Inc.",177.853332519531
2020-04-14,"JPM","Financials","JPMorgan Chase & Co.",81.1497039794922
2020-04-14,"MCD","Consumer","McDonald's Corporation",159.169738769531
2020-04-14,"MSFT","Technology","Microsoft Corporation",164.642211914062
2020-04-14,"NVDA","Technology","NVIDIA Corporation",7.06279420852661
2020-04-14,"WFC","Financials","Wells Fargo & Company",25.8581237792969
2020-04-14,"XOM","Energy","Exxon Mobil Corporation",32.1409797668457
2020-04-15,"AAPL","Technology","Apple Inc.",68.6623840332031
2020-04-15,"AMZN","Consumer","Amazon.com, Inc.",115.384002685547
2020-04-15,"BAC","Financials","Bank of America Corporation",19.066722869873
2020-04-15,"COP","Energy","ConocoPhillips",25.6476287841797
2020-04-15,"CVX","Energy","Chevron Corporation",62.6662521362305
2020-04-15,"HD","Consumer","The Home Depot, Inc.",170.39306640625
2020-04-15,"JPM","Financials","JPMorgan Chase & Co.",77.1474304199219
2020-04-15,"MCD","Consumer","McDonald's Corporation",153.849365234375
2020-04-15,"MSFT","Technology","Microsoft Corporation",162.917037963867
2020-04-15,"NVDA","Technology","NVIDIA Corporation",6.98543739318848
2020-04-15,"WFC","Financials","Wells Fargo & Company",24.3673000335693
2020-04-15,"XOM","Energy","Exxon Mobil Corporation",30.6638355255127
2020-04-16,"AAPL","Technology","Apple Inc.",69.2079696655273
2020-04-16,"AMZN","Consumer","Amazon.com, Inc.",120.40950012207
2020-04-16,"BAC","Financials","Bank of America Corporation",18.405101776123
2020-04-16,"COP","Energy","ConocoPhillips",24.7475738525391
2020-04-16,"CVX","Energy","Chevron Corporation",60.7670249938965
2020-04-16,"HD","Consumer","The Home Depot, Inc.",171.569183349609
2020-04-16,"JPM","Financials","JPMorgan Chase & Co.",74.2073440551758
2020-04-16,"MCD","Consumer","McDonald's Corporation",155.285430908203
2020-04-16,"MSFT","Technology","Microsoft Corporation",167.807998657227
2020-04-16,"NVDA","Technology","NVIDIA Corporation",7.3301830291748
2020-04-16,"WFC","Financials","Wells Fargo & Company",23.0392646789551
2020-04-16,"XOM","Energy","Exxon Mobil Corporation",29.6563568115234
2020-04-17,"AAPL","Technology","Apple Inc.",68.2688980102539
2020-04-17,"AMZN","Consumer","Amazon.com, Inc.",118.75
2020-04-17,"BAC","Financials","Bank of America Corporation",20.003303527832
2020-04-17,"COP","Energy","ConocoPhillips",28.0849475860596
2020-04-17,"CVX","Energy","Chevron Corporation",66.2215728759766
2020-04-17,"HD","Consumer","The Home Depot, Inc.",179.784942626953
2020-04-17,"JPM","Financials","JPMorgan Chase & Co.",80.8777694702148
2020-04-17,"MCD","Consumer","McDonald's Corporation",160.995101928711
2020-04-17,"MSFT","Technology","Microsoft Corporation",169.286636352539
2020-04-17,"NVDA","Technology","NVIDIA Corporation",7.27098321914673
2020-04-17,"WFC","Financials","Wells Fargo & Company",24.3158950805664
2020-04-17,"XOM","Energy","Exxon Mobil Corporation",32.7394027709961
2020-04-20,"AAPL","Technology","Apple Inc.",66.8518676757812
2020-04-20,"AMZN","Consumer","Amazon.com, Inc.",119.68049621582
2020-04-20,"BAC","Financials","Bank of America Corporation",19.3330898284912
2020-04-20,"COP","Energy","ConocoPhillips",27.5353565216064
2020-04-20,"CVX","Energy","Chevron Corporation",63.4866981506348
2020-04-20,"HD","Consumer","The Home Depot, Inc.",176.891815185547
2020-04-20,"JPM","Financials","JPMorgan Chase & Co.",77.9291839599609
2020-04-20,"MCD","Consumer","McDonald's Corporation",157.145416259766
2020-04-20,"MSFT","Technology","Microsoft Corporation",165.931228637695
2020-04-20,"NVDA","Technology","NVIDIA Corporation",7.13990259170532
2020-04-20,"WFC","Financials","Wells Fargo & Company",23.716136932373
2020-04-20,"XOM","Energy","Exxon Mobil Corporation",31.1940803527832
2020-04-21,"AAPL","Technology","Apple Inc.",64.7854537963867
2020-04-21,"AMZN","Consumer","Amazon.com, Inc.",116.40599822998
2020-04-21,"BAC","Financials","Bank of America Corporation",18.5941352844238
2020-04-21,"COP","Energy","ConocoPhillips",26.4361743927002
2020-04-21,"CVX","Energy","Chevron Corporation",62.0205116271973
2020-04-21,"HD","Consumer","The Home Depot, Inc.",172.2216796875
2020-04-21,"JPM","Financials","JPMorgan Chase & Co.",75.6688842773438
2020-04-21,"MCD","Consumer","McDonald's Corporation",153.624435424805
2020-04-21,"MSFT","Technology","Microsoft Corporation",159.068801879883
2020-04-21,"NVDA","Technology","NVIDIA Corporation",6.70362234115601
2020-04-21,"WFC","Financials","Wells Fargo & Company",22.9964256286621
2020-04-21,"XOM","Energy","Exxon Mobil Corporation",31.027437210083
2020-04-22,"AAPL","Technology","Apple Inc.",66.6515197753906
2020-04-22,"AMZN","Consumer","Amazon.com, Inc.",118.174499511719
2020-04-22,"BAC","Financials","Bank of America Corporation",18.7316207885742
2020-04-22,"COP","Energy","ConocoPhillips",27.861930847168
2020-04-22,"CVX","Energy","Chevron Corporation",64.1476516723633
2020-04-22,"HD","Consumer","The Home Depot, Inc.",175.27783203125
2020-04-22,"JPM","Financials","JPMorgan Chase & Co.",75.9152984619141
2020-04-22,"MCD","Consumer","McDonald's Corporation",161.323852539062
2020-04-22,"MSFT","Technology","Microsoft Corporation",164.471542358398
2020-04-22,"NVDA","Technology","NVIDIA Corporation",7.11751508712769
2020-04-22,"WFC","Financials","Wells Fargo & Company",22.9621543884277
2020-04-22,"XOM","Energy","Exxon Mobil Corporation",31.9137115478516
2020-04-23,"AAPL","Technology","Apple Inc.",66.3932189941406
2020-04-23,"AMZN","Consumer","Amazon.com, Inc.",119.972503662109
2020-04-23,"BAC","Financials","Bank of America Corporation",18.7917652130127
2020-04-23,"COP","Energy","ConocoPhillips",28.8177490234375
2020-04-23,"CVX","Energy","Chevron Corporation",65.9404754638672
2020-04-23,"HD","Consumer","The Home Depot, Inc.",173.689682006836
2020-04-23,"JPM","Financials","JPMorgan Chase & Co.",75.9578018188477
2020-04-23,"MCD","Consumer","McDonald's Corporation",157.482757568359
2020-04-23,"MSFT","Technology","Microsoft Corporation",162.481094360352
2020-04-23,"NVDA","Technology","NVIDIA Corporation",7.06428623199463
2020-04-23,"WFC","Financials","Wells Fargo & Company",22.7308235168457
2020-04-23,"XOM","Energy","Exxon Mobil Corporation",32.913631439209
2020-04-24,"AAPL","Technology","Apple Inc.",68.3099594116211
2020-04-24,"AMZN","Consumer","Amazon.com, Inc.",120.511001586914
2020-04-24,"BAC","Financials","Bank of America Corporation",19.0581321716309
2020-04-24,"COP","Energy","ConocoPhillips",28.746057510376
2020-04-24,"CVX","Energy","Chevron Corporation",66.1000137329102
2020-04-24,"HD","Consumer","The Home Depot, Inc.",182.154388427734
2020-04-24,"JPM","Financials","JPMorgan Chase & Co.",77.0794525146484
2020-04-24,"MCD","Consumer","McDonald's Corporation",159.195663452148
2020-04-24,"MSFT","Technology","Microsoft Corporation",165.447860717773
2020-04-24,"NVDA","Technology","NVIDIA Corporation",7.20308065414429
2020-04-24,"WFC","Financials","Wells Fargo & Company",23.0649681091309
2020-04-24,"XOM","Energy","Exxon Mobil Corporation",33.1257286071777
2020-04-27,"AAPL","Technology","Apple Inc.",68.3582458496094
2020-04-27,"AMZN","Consumer","Amazon.com, Inc.",118.800003051758
2020-04-27,"BAC","Financials","Bank of America Corporation",20.166561126709
2020-04-27,"COP","Energy","ConocoPhillips",29.5903587341309
2020-04-27,"CVX","Energy","Chevron Corporation",68.1511688232422
2020-04-27,"HD","Consumer","The Home Depot, Inc.",186.944732666016
2020-04-27,"JPM","Financials","JPMorgan Chase & Co.",80.4019165039062
2020-04-27,"MCD","Consumer","McDonald's Corporation",160.813400268555
2020-04-27,"MSFT","Technology","Microsoft Corporation",164.973922729492
2020-04-27,"NVDA","Technology","NVIDIA Corporation",7.38938188552856
2020-04-27,"WFC","Financials","Wells Fargo & Company",24.3416004180908
2020-04-27,"XOM","Energy","Exxon Mobil Corporation",33.2848014831543
2020-04-28,"AAPL","Technology","Apple Inc.",67.2501907348633
2020-04-28,"AMZN","Consumer","Amazon.com, Inc.",115.704002380371
2020-04-28,"BAC","Financials","Bank of America Corporation",20.5274410247803
2020-04-28,"COP","Energy","ConocoPhillips",30.6497077941895
2020-04-28,"CVX","Energy","Chevron Corporation",68.303108215332
2020-04-28,"HD","Consumer","The Home Depot, Inc.",186.833145141602
2020-04-28,"JPM","Financials","JPMorgan Chase & Co.",80.9712600708008
2020-04-28,"MCD","Consumer","McDonald's Corporation",160.848052978516
2020-04-28,"MSFT","Technology","Microsoft Corporation",160.955017089844
2020-04-28,"NVDA","Technology","NVIDIA Corporation",7.24710512161255
2020-04-28,"WFC","Financials","Wells Fargo & Company",24.735725402832
2020-04-28,"XOM","Energy","Exxon Mobil Corporation",34.0650329589844
2020-04-29,"AAPL","Technology","Apple Inc.",69.4590301513672
2020-04-29,"AMZN","Consumer","Amazon.com, Inc.",118.635498046875
2020-04-29,"BAC","Financials","Bank of America Corporation",21.2921772003174
2020-04-29,"COP","Energy","ConocoPhillips",33.6206932067871
2020-04-29,"CVX","Energy","Chevron Corporation",71.8812026977539
2020-04-29,"HD","Consumer","The Home Depot, Inc.",190.421600341797
2020-04-29,"JPM","Financials","JPMorgan Chase & Co.",83.1550598144531
2020-04-29,"MCD","Consumer","McDonald's Corporation",162.483062744141
2020-04-29,"MSFT","Technology","Microsoft Corporation",168.177688598633
2020-04-29,"NVDA","Technology","NVIDIA Corporation",7.42370700836182
2020-04-29,"WFC","Financials","Wells Fargo & Company",25.7039031982422
2020-04-29,"XOM","Energy","Exxon Mobil Corporation",35.9512252807617
2020-04-30,"AAPL","Technology","Apple Inc.",70.9243316650391
2020-04-30,"AMZN","Consumer","Amazon.com, Inc.",123.699996948242
2020-04-30,"BAC","Financials","Bank of America Corporation",20.6649265289307
2020-04-30,"COP","Energy","ConocoPhillips",33.5330848693848
2020-04-30,"CVX","Energy","Chevron Corporation",69.8908309936523
2020-04-30,"HD","Consumer","The Home Depot, Inc.",188.721817016602
2020-04-30,"JPM","Financials","JPMorgan Chase & Co.",81.3706207275391
2020-04-30,"MCD","Consumer","McDonald's Corporation",162.258148193359
2020-04-30,"MSFT","Technology","Microsoft Corporation",169.864898681641
2020-04-30,"NVDA","Technology","NVIDIA Corporation",7.26998949050903
2020-04-30,"WFC","Financials","Wells Fargo & Company",24.8899459838867
2020-04-30,"XOM","Energy","Exxon Mobil Corporation",35.201286315918
2020-05-01,"AAPL","Technology","Apple Inc.",69.7825164794922
2020-05-01,"AMZN","Consumer","Amazon.com, Inc.",114.302001953125
2020-05-01,"BAC","Financials","Bank of America Corporation",19.8314552307129
2020-05-01,"COP","Energy","ConocoPhillips",31.1754112243652
2020-05-01,"CVX","Energy","Chevron Corporation",67.9460525512695
2020-05-01,"HD","Consumer","The Home Depot, Inc.",187.64013671875
2020-05-01,"JPM","Financials","JPMorgan Chase & Co.",79.23779296875
2020-05-01,"MCD","Consumer","McDonald's Corporation",158.019149780273
2020-05-01,"MSFT","Technology","Microsoft Corporation",165.466796875
2020-05-01,"NVDA","Technology","NVIDIA Corporation",7.03369235992432
2020-05-01,"WFC","Financials","Wells Fargo & Company",23.6390228271484
2020-05-01,"XOM","Energy","Exxon Mobil Corporation",32.6788101196289
2020-05-04,"AAPL","Technology","Apple Inc.",70.7698593139648
2020-05-04,"AMZN","Consumer","Amazon.com, Inc.",115.799499511719
2020-05-04,"BAC","Financials","Bank of America Corporation",19.7025699615479
2020-05-04,"COP","Energy","ConocoPhillips",32.1471557617188
2020-05-04,"CVX","Energy","Chevron Corporation",69.4654388427734
2020-05-04,"HD","Consumer","The Home Depot, Inc.",190.447372436523
2020-05-04,"JPM","Financials","JPMorgan Chase & Co.",78.2945861816406
2020-05-04,"MCD","Consumer","McDonald's Corporation",157.335739135742
2020-05-04,"MSFT","Technology","Microsoft Corporation",169.514129638672
2020-05-04,"NVDA","Technology","NVIDIA Corporation",7.24536418914795
2020-05-04,"WFC","Financials","Wells Fargo & Company",23.4333953857422
2020-05-04,"XOM","Energy","Exxon Mobil Corporation",33.9968681335449
2020-05-05,"AAPL","Technology","Apple Inc.",71.8320388793945
2020-05-05,"AMZN","Consumer","Amazon.com, Inc.",115.889999389648
2020-05-05,"BAC","Financials","Bank of America Corporation",19.4705696105957
2020-05-05,"COP","Energy","ConocoPhillips",32.5931968688965
2020-05-05,"CVX","Energy","Chevron Corporation",70.5669479370117
2020-05-05,"HD","Consumer","The Home Depot, Inc.",193.683868408203
2020-05-05,"JPM","Financials","JPMorgan Chase & Co.",78.1756210327148
2020-05-05,"MCD","Consumer","McDonald's Corporation",155.060485839844
2020-05-05,"MSFT","Technology","Microsoft Corporation",171.333999633789
2020-05-05,"NVDA","Technology","NVIDIA Corporation",7.30630493164062
2020-05-05,"WFC","Financials","Wells Fargo & Company",22.5508937835693
2020-05-05,"XOM","Energy","Exxon Mobil Corporation",33.958984375
2020-05-06,"AAPL","Technology","Apple Inc.",72.573127746582
2020-05-06,"AMZN","Consumer","Amazon.com, Inc.",117.563003540039
2020-05-06,"BAC","Financials","Bank of America Corporation",19.2042026519775
2020-05-06,"COP","Energy","ConocoPhillips",32.2507057189941
2020-05-06,"CVX","Energy","Chevron Corporation",68.4094696044922
2020-05-06,"HD","Consumer","The Home Depot, Inc.",192.233062744141
2020-05-06,"JPM","Financials","JPMorgan Chase & Co.",76.7055740356445
2020-05-06,"MCD","Consumer","McDonald's Corporation",153.096755981445
2020-05-06,"MSFT","Technology","Microsoft Corporation",173.021194458008
2020-05-06,"NVDA","Technology","NVIDIA Corporation",7.40704154968262
2020-05-06,"WFC","Financials","Wells Fargo & Company",21.9425678253174
2020-05-06,"XOM","Energy","Exxon Mobil Corporation",33.3226776123047
2020-05-07,"AAPL","Technology","Apple Inc.",73.3238983154297
2020-05-07,"AMZN","Consumer","Amazon.com, Inc.",118.380500793457
2020-05-07,"BAC","Financials","Bank of America Corporation",19.6252365112305
2020-05-07,"COP","Energy","ConocoPhillips",33.7879524230957
2020-05-07,"CVX","Energy","Chevron Corporation",70.3770370483398
2020-05-07,"HD","Consumer","The Home Depot, Inc.",196.980499267578
2020-05-07,"JPM","Financials","JPMorgan Chase & Co.",77.5043182373047
2020-05-07,"MCD","Consumer","McDonald's Corporation",156.686904907227
2020-05-07,"MSFT","Technology","Microsoft Corporation",174.025955200195
2020-05-07,"NVDA","Technology","NVIDIA Corporation",7.58314514160156
2020-05-07,"WFC","Financials","Wells Fargo & Company",22.0562152862549
2020-05-07,"XOM","Energy","Exxon Mobil Corporation",33.5120620727539
2020-05-08,"AAPL","Technology","Apple Inc.",75.0691375732422
2020-05-08,"AMZN","Consumer","Amazon.com, Inc.",118.980499267578
2020-05-08,"BAC","Financials","Bank of America Corporation",20.2524871826172
2020-05-08,"COP","Energy","ConocoPhillips",34.656795501709
2020-05-08,"CVX","Energy","Chevron Corporation",72.5269317626953
2020-05-08,"HD","Consumer","The Home Depot, Inc.",201.255813598633
2020-05-08,"JPM","Financials","JPMorgan Chase & Co.",78.7704162597656
2020-05-08,"MCD","Consumer","McDonald's Corporation",156.78205871582
2020-05-08,"MSFT","Technology","Microsoft Corporation",175.049621582031
2020-05-08,"NVDA","Technology","NVIDIA Corporation",7.7729287147522
2020-05-08,"WFC","Financials","Wells Fargo & Company",22.2310581207275
2020-05-08,"XOM","Energy","Exxon Mobil Corporation",34.9816093444824
2020-05-11,"AAPL","Technology","Apple Inc.",76.250358581543
2020-05-11,"AMZN","Consumer","Amazon.com, Inc.",120.449996948242
2020-05-11,"BAC","Financials","Bank of America Corporation",19.4018306732178
2020-05-11,"COP","Energy","ConocoPhillips",34.0051651000977
2020-05-11,"CVX","Energy","Chevron Corporation",70.9315872192383
2020-05-11,"HD","Consumer","The Home Depot, Inc.",203.084335327148
2020-05-11,"JPM","Financials","JPMorgan Chase & Co.",76.4506607055664
2020-05-11,"MCD","Consumer","McDonald's Corporation",156.479309082031
2020-05-11,"MSFT","Technology","Microsoft Corporation",177.002227783203
2020-05-11,"NVDA","Technology","NVIDIA Corporation",8.02464771270752
2020-05-11,"WFC","Financials","Wells Fargo & Company",21.6628170013428
2020-05-11,"XOM","Energy","Exxon Mobil Corporation",34.6483192443848
2020-05-12,"AAPL","Technology","Apple Inc.",75.3789672851562
2020-05-12,"AMZN","Consumer","Amazon.com, Inc.",117.847503662109
2020-05-12,"BAC","Financials","Bank of America Corporation",18.7917652130127
2020-05-12,"COP","Energy","ConocoPhillips",33.4500885009766
2020-05-12,"CVX","Energy","Chevron Corporation",69.2071380615234
2020-05-12,"HD","Consumer","The Home Depot, Inc.",199.942260742188
2020-05-12,"JPM","Financials","JPMorgan Chase & Co.",73.9524307250977
2020-05-12,"MCD","Consumer","McDonald's Corporation",152.724700927734
2020-05-12,"MSFT","Technology","Microsoft Corporation",172.992752075195
2020-05-12,"NVDA","Technology","NVIDIA Corporation",7.7629804611206
2020-05-12,"WFC","Financials","Wells Fargo & Company",21.0159091949463
2020-05-12,"XOM","Energy","Exxon Mobil Corporation",34.0691680908203
2020-05-13,"AAPL","Technology","Apple Inc.",74.4688491821289
2020-05-13,"AMZN","Consumer","Amazon.com, Inc.",118.396003723145
2020-05-13,"BAC","Financials","Bank of America Corporation",17.9325180053711
2020-05-13,"COP","Energy","ConocoPhillips",32.090518951416
2020-05-13,"CVX","Energy","Chevron Corporation",67.3838882446289
2020-05-13,"HD","Consumer","The Home Depot, Inc.",197.538513183594
2020-05-13,"JPM","Financials","JPMorgan Chase & Co.",71.4032135009766
2020-05-13,"MCD","Consumer","McDonald's Corporation",149.506546020508
2020-05-13,"MSFT","Technology","Microsoft Corporation",170.376663208008
2020-05-13,"NVDA","Technology","NVIDIA Corporation",7.74059295654297
2020-05-13,"WFC","Financials","Wells Fargo & Company",19.695858001709
2020-05-13,"XOM","Energy","Exxon Mobil Corporation",32.3780670166016
2020-05-14,"AAPL","Technology","Apple Inc.",74.9263458251953
2020-05-14,"AMZN","Consumer","Amazon.com, Inc.",119.442497253418
2020-05-14,"BAC","Financials","Bank of America Corporation",18.6542854309082
2020-05-14,"COP","Energy","ConocoPhillips",32.1227111816406
2020-05-14,"CVX","Energy","Chevron Corporation",68.4094696044922
2020-05-14,"HD","Consumer","The Home Depot, Inc.",201.298690795898
2020-05-14,"JPM","Financials","JPMorgan Chase & Co.",74.3687896728516
2020-05-14,"MCD","Consumer","McDonald's Corporation",151.747207641602
2020-05-14,"MSFT","Technology","Microsoft Corporation",171.116027832031
2020-05-14,"NVDA","Technology","NVIDIA Corporation",7.98982381820679
2020-05-14,"WFC","Financials","Wells Fargo & Company",21.0333919525146
2020-05-14,"XOM","Energy","Exxon Mobil Corporation",32.6637725830078
2020-05-15,"AAPL","Technology","Apple Inc.",74.4833374023438
2020-05-15,"AMZN","Consumer","Amazon.com, Inc.",120.488998413086
2020-05-15,"BAC","Financials","Bank of America Corporation",18.4222869873047
2020-05-15,"COP","Energy","ConocoPhillips",32.87890625
2020-05-15,"CVX","Energy","Chevron Corporation",67.7333450317383
2020-05-15,"HD","Consumer","The Home Depot, Inc.",205.462387084961
2020-05-15,"JPM","Financials","JPMorgan Chase & Co.",72.9922180175781
2020-05-15,"MCD","Consumer","McDonald's Corporation",150.363021850586
2020-05-15,"MSFT","Technology","Microsoft Corporation",173.60888671875
2020-05-15,"NVDA","Technology","NVIDIA Corporation",8.44774436950684
2020-05-15,"WFC","Financials","Wells Fargo & Company",20.4214458465576
2020-05-15,"XOM","Energy","Exxon Mobil Corporation",32.4321212768555
2020-05-18,"AAPL","Technology","Apple Inc.",76.2382659912109
2020-05-18,"AMZN","Consumer","Amazon.com, Inc.",121.313003540039
2020-05-18,"BAC","Financials","Bank of America Corporation",19.7025699615479
2020-05-18,"COP","Energy","ConocoPhillips",35.0751152038574
2020-05-18,"CVX","Energy","Chevron Corporation",71.3408737182617
2020-05-18,"HD","Consumer","The Home Depot, Inc.",210.630477905273
2020-05-18,"JPM","Financials","JPMorgan Chase & Co.",76.8585052490234
2020-05-18,"MCD","Consumer","McDonald's Corporation",155.570938110352
2020-05-18,"MSFT","Technology","Microsoft Corporation",175.267593383789
2020-05-18,"NVDA","Technology","NVIDIA Corporation",8.70592880249023
2020-05-18,"WFC","Financials","Wells Fargo & Company",22.2135677337646
2020-05-18,"XOM","Energy","Exxon Mobil Corporation",35.0112533569336
2020-05-19,"AAPL","Technology","Apple Inc.",75.7977294921875
2020-05-19,"AMZN","Consumer","Amazon.com, Inc.",122.466499328613
2020-05-19,"BAC","Financials","Bank of America Corporation",19.0839080810547
2020-05-19,"COP","Energy","ConocoPhillips",34.3269538879395
2020-05-19,"CVX","Energy","Chevron Corporation",69.0823135375977
2020-05-19,"HD","Consumer","The Home Depot, Inc.",204.406463623047
2020-05-19,"JPM","Financials","JPMorgan Chase & Co.",75.3459854125977
2020-05-19,"MCD","Consumer","McDonald's Corporation",155.34602355957
2020-05-19,"MSFT","Technology","Microsoft Corporation",174.054351806641
2020-05-19,"NVDA","Technology","NVIDIA Corporation",8.76089954376221
2020-05-19,"WFC","Financials","Wells Fargo & Company",20.9372253417969
2020-05-19,"XOM","Energy","Exxon Mobil Corporation",33.9301719665527
2020-05-20,"AAPL","Technology","Apple Inc.",77.271858215332
2020-05-20,"AMZN","Consumer","Amazon.com, Inc.",124.897003173828
2020-05-20,"BAC","Financials","Bank of America Corporation",19.6853828430176
2020-05-20,"COP","Energy","ConocoPhillips",35.5175857543945
2020-05-20,"CVX","Energy","Chevron Corporation",71.6877212524414
2020-05-20,"HD","Consumer","The Home Depot, Inc.",204.483673095703
2020-05-20,"JPM","Financials","JPMorgan Chase & Co.",77.6062927246094
2020-05-20,"MCD","Consumer","McDonald's Corporation",159.264877319336
2020-05-20,"MSFT","Technology","Microsoft Corporation",176.468612670898
2020-05-20,"NVDA","Technology","NVIDIA Corporation",8.9245662689209
2020-05-20,"WFC","Financials","Wells Fargo & Company",21.4355239868164
2020-05-20,"XOM","Energy","Exxon Mobil Corporation",35.0344123840332
2020-05-21,"AAPL","Technology","Apple Inc.",76.6957550048828
2020-05-21,"AMZN","Consumer","Amazon.com, Inc.",122.33699798584
2020-05-21,"BAC","Financials","Bank of America Corporation",19.676794052124
2020-05-21,"COP","Energy","ConocoPhillips",35.1716690063477
2020-05-21,"CVX","Energy","Chevron Corporation",70.9477310180664
2020-05-21,"HD","Consumer","The Home Depot, Inc.",206.793029785156
2020-05-21,"JPM","Financials","JPMorgan Chase & Co.",76.6205978393555
2020-05-21,"MCD","Consumer","McDonald's Corporation",160.112701416016
2020-05-21,"MSFT","Technology","Microsoft Corporation",174.349044799805
2020-05-21,"NVDA","Technology","NVIDIA Corporation",8.73080253601074
2020-05-21,"WFC","Financials","Wells Fargo & Company",21.3830757141113
2020-05-21,"XOM","Energy","Exxon Mobil Corporation",34.4089431762695
2020-05-22,"AAPL","Technology","Apple Inc.",77.1895370483398
2020-05-22,"AMZN","Consumer","Amazon.com, Inc.",121.84400177002
2020-05-22,"BAC","Financials","Bank of America Corporation",19.4705696105957
2020-05-22,"COP","Energy","ConocoPhillips",34.8176918029785
2020-05-22,"CVX","Energy","Chevron Corporation",69.5910491943359
2020-05-22,"HD","Consumer","The Home Depot, Inc.",207.65153503418
2020-05-22,"JPM","Financials","JPMorgan Chase & Co.",76.0257873535156
2020-05-22,"MCD","Consumer","McDonald's Corporation",159.533081054688
2020-05-22,"MSFT","Technology","Microsoft Corporation",174.425079345703
2020-05-22,"NVDA","Technology","NVIDIA Corporation",8.98052978515625
2020-05-22,"WFC","Financials","Wells Fargo & Company",21.1295566558838
2020-05-22,"XOM","Energy","Exxon Mobil Corporation",34.4398345947266
2020-05-26,"AAPL","Technology","Apple Inc.",76.6667327880859
2020-05-26,"AMZN","Consumer","Amazon.com, Inc.",121.093002319336
2020-05-26,"BAC","Financials","Bank of America Corporation",20.8625583648682
2020-05-26,"COP","Energy","ConocoPhillips",35.1314277648926
2020-05-26,"CVX","Energy","Chevron Corporation",71.9189910888672
2020-05-26,"HD","Consumer","The Home Depot, Inc.",208.166625976562
2020-05-26,"JPM","Financials","JPMorgan Chase & Co.",81.4216156005859
2020-05-26,"MCD","Consumer","McDonald's Corporation",159.905075073242
2020-05-26,"MSFT","Technology","Microsoft Corporation",172.581161499023
2020-05-26,"NVDA","Technology","NVIDIA Corporation",8.67359447479248
2020-05-26,"WFC","Financials","Wells Fargo & Company",22.9566402435303
2020-05-26,"XOM","Energy","Exxon Mobil Corporation",35.4513969421387
2020-05-27,"AAPL","Technology","Apple Inc.",77.000732421875
2020-05-27,"AMZN","Consumer","Amazon.com, Inc.",120.519500732422
2020-05-27,"BAC","Financials","Bank of America Corporation",22.323278427124
2020-05-27,"COP","Energy","ConocoPhillips",35.9359130859375
2020-05-27,"CVX","Energy","Chevron Corporation",72.381477355957
2020-05-27,"HD","Consumer","The Home Depot, Inc.",212.356048583984
2020-05-27,"JPM","Financials","JPMorgan Chase & Co.",86.1376419067383
2020-05-27,"MCD","Consumer","McDonald's Corporation",162.396575927734
2020-05-27,"MSFT","Technology","Microsoft Corporation",172.809219360352
2020-05-27,"NVDA","Technology","NVIDIA Corporation",8.4820671081543
2020-05-27,"WFC","Financials","Wells Fargo & Company",24.4340534210205
2020-05-27,"XOM","Energy","Exxon Mobil Corporation",35.706226348877
2020-05-28,"AAPL","Technology","Apple Inc.",77.0346450805664
2020-05-28,"AMZN","Consumer","Amazon.com, Inc.",120.055000305176
2020-05-28,"BAC","Financials","Bank of America Corporation",21.3609161376953
2020-05-28,"COP","Energy","ConocoPhillips",34.6004753112793
2020-05-28,"CVX","Energy","Chevron Corporation",70.0458450317383
2020-05-28,"HD","Consumer","The Home Depot, Inc.",210.4501953125
2020-05-28,"JPM","Financials","JPMorgan Chase & Co.",84.8545303344727
2020-05-28,"MCD","Consumer","McDonald's Corporation",163.270263671875
2020-05-28,"MSFT","Technology","Microsoft Corporation",172.419525146484
2020-05-28,"NVDA","Technology","NVIDIA Corporation",8.44401168823242
2020-05-28,"WFC","Financials","Wells Fargo & Company",23.7958850860596
2020-05-28,"XOM","Energy","Exxon Mobil Corporation",34.7795829772949
2020-05-29,"AAPL","Technology","Apple Inc.",76.9595947265625
2020-05-29,"AMZN","Consumer","Amazon.com, Inc.",122.118499755859
2020-05-29,"BAC","Financials","Bank of America Corporation",20.7250728607178
2020-05-29,"COP","Energy","ConocoPhillips",33.9327697753906
2020-05-29,"CVX","Energy","Chevron Corporation",70.6856231689453
2020-05-29,"HD","Consumer","The Home Depot, Inc.",213.317565917969
2020-05-29,"JPM","Financials","JPMorgan Chase & Co.",82.6876983642578
2020-05-29,"MCD","Consumer","McDonald's Corporation",162.260116577148
2020-05-29,"MSFT","Technology","Microsoft Corporation",174.177947998047
2020-05-29,"NVDA","Technology","NVIDIA Corporation",8.83054447174072
2020-05-29,"WFC","Financials","Wells Fargo & Company",23.1402282714844
2020-05-29,"XOM","Energy","Exxon Mobil Corporation",35.111629486084
2020-06-01,"AAPL","Technology","Apple Inc.",77.9060516357422
2020-06-01,"AMZN","Consumer","Amazon.com, Inc.",123.552001953125
2020-06-01,"BAC","Financials","Bank of America Corporation",21.1461029052734
2020-06-01,"COP","Energy","ConocoPhillips",34.9061813354492
2020-06-01,"CVX","Energy","Chevron Corporation",71.5258407592773
2020-06-01,"HD","Consumer","The Home Depot, Inc.",212.295944213867
2020-06-01,"JPM","Financials","JPMorgan Chase & Co.",83.7838897705078
2020-06-01,"MCD","Consumer","McDonald's Corporation",163.209335327148
2020-06-01,"MSFT","Technology","Microsoft Corporation",173.778747558594
2020-06-01,"NVDA","Technology","NVIDIA Corporation",8.76164627075195
2020-06-01,"WFC","Financials","Wells Fargo & Company",23.6822376251221
2020-06-01,"XOM","Energy","Exxon Mobil Corporation",35.7371101379395
2020-06-02,"AAPL","Technology","Apple Inc.",78.2667083740234
2020-06-02,"AMZN","Consumer","Amazon.com, Inc.",123.620498657227
2020-06-02,"BAC","Financials","Bank of America Corporation",21.3437309265137
2020-06-02,"COP","Energy","ConocoPhillips",35.557804107666
2020-06-02,"CVX","Energy","Chevron Corporation",72.9904403686523
2020-06-02,"HD","Consumer","The Home Depot, Inc.",216.948959350586
2020-06-02,"JPM","Financials","JPMorgan Chase & Co.",84.0642776489258
2020-06-02,"MCD","Consumer","McDonald's Corporation",163.366073608398
2020-06-02,"MSFT","Technology","Microsoft Corporation",175.755722045898
2020-06-02,"NVDA","Technology","NVIDIA Corporation",8.78054714202881
2020-06-02,"WFC","Financials","Wells Fargo & Company",23.953239440918
2020-06-02,"XOM","Energy","Exxon Mobil Corporation",36.532470703125
2020-06-03,"AAPL","Technology","Apple Inc.",78.6975631713867
2020-06-03,"AMZN","Consumer","Amazon.com, Inc.",123.919998168945
2020-06-03,"BAC","Financials","Bank of America Corporation",22.3318710327148
2020-06-03,"COP","Energy","ConocoPhillips",36.2979202270508
2020-06-03,"CVX","Energy","Chevron Corporation",74.9098129272461
2020-06-03,"HD","Consumer","The Home Depot, Inc.",216.767608642578
2020-06-03,"JPM","Financials","JPMorgan Chase & Co.",88.6018600463867
2020-06-03,"MCD","Consumer","McDonald's Corporation",168.330001831055
2020-06-03,"MSFT","Technology","Microsoft Corporation",176.183502197266
2020-06-03,"NVDA","Technology","NVIDIA Corporation",8.72508239746094
2020-06-03,"WFC","Financials","Wells Fargo & Company",25.2033538818359
2020-06-03,"XOM","Energy","Exxon Mobil Corporation",38.0228080749512
2020-06-04,"AAPL","Technology","Apple Inc.",78.0198059082031
2020-06-04,"AMZN","Consumer","Amazon.com, Inc.",123.029998779297
2020-06-04,"BAC","Financials","Bank of America Corporation",23.1711502075195
2020-06-04,"COP","Energy","ConocoPhillips",35.9680976867676
2020-06-04,"CVX","Energy","Chevron Corporation",74.2160491943359
2020-06-04,"HD","Consumer","The Home Depot, Inc.",214.997207641602
2020-06-04,"JPM","Financials","JPMorgan Chase & Co.",90.4457931518555
2020-06-04,"MCD","Consumer","McDonald's Corporation",168.286468505859
2020-06-04,"MSFT","Technology","Microsoft Corporation",173.864288330078
2020-06-04,"NVDA","Technology","NVIDIA Corporation",8.72607803344727
2020-06-04,"WFC","Financials","Wells Fargo & Company",26.418493270874
2020-06-04,"XOM","Energy","Exxon Mobil Corporation",37.9146919250488
2020-06-05,"AAPL","Technology","Apple Inc.",80.2419052124023
2020-06-05,"AMZN","Consumer","Amazon.com, Inc.",124.150001525879
2020-06-05,"BAC","Financials","Bank of America Corporation",24.3219203948975
2020-06-05,"COP","Energy","ConocoPhillips",39.0894508361816
2020-06-05,"CVX","Energy","Chevron Corporation",77.7079467773438
2020-06-05,"HD","Consumer","The Home Depot, Inc.",220.135665893555
2020-06-05,"JPM","Financials","JPMorgan Chase & Co.",94.5160293579102
2020-06-05,"MCD","Consumer","McDonald's Corporation",171.700332641602
2020-06-05,"MSFT","Technology","Microsoft Corporation",177.932357788086
2020-06-05,"NVDA","Technology","NVIDIA Corporation",8.87886810302734
2020-06-05,"WFC","Financials","Wells Fargo & Company",27.6860961914062
2020-06-05,"XOM","Energy","Exxon Mobil Corporation",40.9880294799805
2020-06-08,"AAPL","Technology","Apple Inc.",80.71630859375
2020-06-08,"AMZN","Consumer","Amazon.com, Inc.",126.203002929688
2020-06-08,"BAC","Financials","Bank of America Corporation",24.6939754486084
2020-06-08,"COP","Energy","ConocoPhillips",40.4731636047363
2020-06-08,"CVX","Energy","Chevron Corporation",79.5810699462891
2020-06-08,"HD","Consumer","The Home Depot, Inc.",221.750671386719
2020-06-08,"JPM","Financials","JPMorgan Chase & Co.",96.4024276733398
2020-06-08,"MCD","Consumer","McDonald's Corporation",176.481369018555
2020-06-08,"MSFT","Technology","Microsoft Corporation",179.034957885742
2020-06-08,"NVDA","Technology","NVIDIA Corporation",8.76439952850342
2020-06-08,"WFC","Financials","Wells Fargo & Company",29.1285362243652
2020-06-08,"XOM","Energy","Exxon Mobil Corporation",42.2698593139648
2020-06-09,"AAPL","Technology","Apple Inc.",83.2651824951172
2020-06-09,"AMZN","Consumer","Amazon.com, Inc.",130.042999267578
2020-06-09,"BAC","Financials","Bank of America Corporation",24.4170989990234
2020-06-09,"COP","Energy","ConocoPhillips",39.1216354370117
2020-06-09,"CVX","Energy","Chevron Corporation",78.2629547119141
2020-06-09,"HD","Consumer","The Home Depot, Inc.",221.742034912109
2020-06-09,"JPM","Financials","JPMorgan Chase & Co.",93.9296951293945
2020-06-09,"MCD","Consumer","McDonald's Corporation",173.75553894043
2020-06-09,"MSFT","Technology","Microsoft Corporation",180.403671264648
2020-06-09,"NVDA","Technology","NVIDIA Corporation",9.00428676605225
2020-06-09,"WFC","Financials","Wells Fargo & Company",28.5253410339355
2020-06-09,"XOM","Energy","Exxon Mobil Corporation",41.3278007507324
2020-06-10,"AAPL","Technology","Apple Inc.",85.4073715209961
2020-06-10,"AMZN","Consumer","Amazon.com, Inc.",132.372497558594
2020-06-10,"BAC","Financials","Bank of America Corporation",23.0154113769531
2020-06-10,"COP","Energy","ConocoPhillips",36.9334678649902
2020-06-10,"CVX","Energy","Chevron Corporation",75.218147277832
2020-06-10,"HD","Consumer","The Home Depot, Inc.",219.747085571289
2020-06-10,"JPM","Financials","JPMorgan Chase & Co.",90.1228790283203
2020-06-10,"MCD","Consumer","McDonald's Corporation",170.515914916992
2020-06-10,"MSFT","Technology","Microsoft Corporation",187.095138549805
2020-06-10,"NVDA","Technology","NVIDIA Corporation",9.32355880737305
2020-06-10,"WFC","Financials","Wells Fargo & Company",25.9726581573486
2020-06-10,"XOM","Energy","Exxon Mobil Corporation",39.1115989685059
2020-06-11,"AAPL","Technology","Apple Inc.",81.3069305419922
2020-06-11,"AMZN","Consumer","Amazon.com, Inc.",127.898002624512
2020-06-11,"BAC","Financials","Bank of America Corporation",20.7052154541016
2020-06-11,"COP","Energy","ConocoPhillips",33.8844985961914
2020-06-11,"CVX","Energy","Chevron Corporation",68.8895950317383
2020-06-11,"HD","Consumer","The Home Depot, Inc.",206.810119628906
2020-06-11,"JPM","Financials","JPMorgan Chase & Co.",82.6027297973633
2020-06-11,"MCD","Consumer","McDonald's Corporation",163.296447753906
2020-06-11,"MSFT","Technology","Microsoft Corporation",177.048431396484
2020-06-11,"NVDA","Technology","NVIDIA Corporation",8.75568580627441
2020-06-11,"WFC","Financials","Wells Fargo & Company",23.4199752807617
2020-06-11,"XOM","Energy","Exxon Mobil Corporation",35.6598815917969
2020-06-12,"AAPL","Technology","Apple Inc.",82.0088958740234
2020-06-12,"AMZN","Consumer","Amazon.com, Inc.",127.250999450684
2020-06-12,"BAC","Financials","Bank of America Corporation",21.4406661987305
2020-06-12,"COP","Energy","ConocoPhillips",35.1797027587891
2020-06-12,"CVX","Energy","Chevron Corporation",71.2175140380859
2020-06-12,"HD","Consumer","The Home Depot, Inc.",209.383682250977
2020-06-12,"JPM","Financials","JPMorgan Chase & Co.",84.8630294799805
2020-06-12,"MCD","Consumer","McDonald's Corporation",164.742065429688
2020-06-12,"MSFT","Technology","Microsoft Corporation",178.445648193359
2020-06-12,"NVDA","Technology","NVIDIA Corporation",8.89131259918213
2020-06-12,"WFC","Financials","Wells Fargo & Company",24.4515380859375
2020-06-12,"XOM","Energy","Exxon Mobil Corporation",36.4243583679199
2020-06-15,"AAPL","Technology","Apple Inc.",83.0231323242188
2020-06-15,"AMZN","Consumer","Amazon.com, Inc.",128.634002685547
2020-06-15,"BAC","Financials","Bank of America Corporation",21.760814666748
2020-06-15,"COP","Energy","ConocoPhillips",34.8740119934082
2020-06-15,"CVX","Energy","Chevron Corporation",70.3233642578125
2020-06-15,"HD","Consumer","The Home Depot, Inc.",208.442367553711
2020-06-15,"JPM","Financials","JPMorgan Chase & Co.",86.0356597900391
2020-06-15,"MCD","Consumer","McDonald's Corporation",165.020751953125
2020-06-15,"MSFT","Technology","Microsoft Corporation",179.586227416992
2020-06-15,"NVDA","Technology","NVIDIA Corporation",9.13144969940186
2020-06-15,"WFC","Financials","Wells Fargo & Company",24.6613464355469
2020-06-15,"XOM","Energy","Exxon Mobil Corporation",36.4011917114258
2020-06-16,"AAPL","Technology","Apple Inc.",85.2234268188477
2020-06-16,"AMZN","Consumer","Amazon.com, Inc.",130.76350402832
2020-06-16,"BAC","Financials","Bank of America Corporation",22.3232173919678
2020-06-16,"COP","Energy","ConocoPhillips",36.2898864746094
2020-06-16,"CVX","Energy","Chevron Corporation",72.481689453125
2020-06-16,"HD","Consumer","The Home Depot, Inc.",215.860809326172
2020-06-16,"JPM","Financials","JPMorgan Chase & Co.",86.7239227294922
2020-06-16,"MCD","Consumer","McDonald's Corporation",165.743576049805
2020-06-16,"MSFT","Technology","Microsoft Corporation",183.98698425293
2020-06-16,"NVDA","Technology","NVIDIA Corporation",9.02668476104736
2020-06-16,"WFC","Financials","Wells Fargo & Company",24.93235206604
2020-06-16,"XOM","Energy","Exxon Mobil Corporation",37.2197227478027
2020-06-17,"AAPL","Technology","Apple Inc.",85.1048126220703
2020-06-17,"AMZN","Consumer","Amazon.com, Inc.",132.04899597168
2020-06-17,"BAC","Financials","Bank of America Corporation",21.6310214996338
2020-06-17,"COP","Energy","ConocoPhillips",35.4130096435547
2020-06-17,"CVX","Energy","Chevron Corporation",70.5622940063477
2020-06-17,"HD","Consumer","The Home Depot, Inc.",216.638092041016
2020-06-17,"JPM","Financials","JPMorgan Chase & Co.",84.5316543579102
2020-06-17,"MCD","Consumer","McDonald's Corporation",166.152862548828
2020-06-17,"MSFT","Technology","Microsoft Corporation",184.623870849609
2020-06-17,"NVDA","Technology","NVIDIA Corporation",9.19341468811035
2020-06-17,"WFC","Financials","Wells Fargo & Company",23.9969501495361
2020-06-17,"XOM","Energy","Exxon Mobil Corporation",36.0073776245117
2020-06-18,"AAPL","Technology","Apple Inc.",85.1386947631836
2020-06-18,"AMZN","Consumer","Amazon.com, Inc.",132.699005126953
2020-06-18,"BAC","Financials","Bank of America Corporation",21.6656322479248
2020-06-18,"COP","Energy","ConocoPhillips",35.7589340209961
2020-06-18,"CVX","Energy","Chevron Corporation",70.8706512451172
2020-06-18,"HD","Consumer","The Home Depot, Inc.",215.221755981445
2020-06-18,"JPM","Financials","JPMorgan Chase & Co.",84.0727767944336
2020-06-18,"MCD","Consumer","McDonald's Corporation",165.020751953125
2020-06-18,"MSFT","Technology","Microsoft Corporation",186.600875854492
2020-06-18,"NVDA","Technology","NVIDIA Corporation",9.17549705505371
2020-06-18,"WFC","Financials","Wells Fargo & Company",24.0843696594238
2020-06-18,"XOM","Energy","Exxon Mobil Corporation",36.2313041687012
2020-06-19,"AAPL","Technology","Apple Inc.",84.6521530151367
2020-06-19,"AMZN","Consumer","Amazon.com, Inc.",133.750503540039
2020-06-19,"BAC","Financials","Bank of America Corporation",21.847339630127
2020-06-19,"COP","Energy","ConocoPhillips",35.1555671691895
2020-06-19,"CVX","Energy","Chevron Corporation",69.86083984375
2020-06-19,"HD","Consumer","The Home Depot, Inc.",213.010925292969
2020-06-19,"JPM","Financials","JPMorgan Chase & Co.",83.1125640869141
2020-06-19,"MCD","Consumer","McDonald's Corporation",162.469100952148
2020-06-19,"MSFT","Technology","Microsoft Corporation",185.488784790039
2020-06-19,"NVDA","Technology","NVIDIA Corporation",9.21854496002197
2020-06-19,"WFC","Financials","Wells Fargo & Company",24.1280860900879
2020-06-19,"XOM","Energy","Exxon Mobil Corporation",35.5054550170898
2020-06-22,"AAPL","Technology","Apple Inc.",86.8669967651367
2020-06-22,"AMZN","Consumer","Amazon.com, Inc.",135.690994262695
2020-06-22,"BAC","Financials","Bank of America Corporation",21.3022270202637
2020-06-22,"COP","Energy","ConocoPhillips",35.0429458618164
2020-06-22,"CVX","Energy","Chevron Corporation",70.6008377075195
2020-06-22,"HD","Consumer","The Home Depot, Inc.",215.178527832031
2020-06-22,"JPM","Financials","JPMorgan Chase & Co.",82.2118453979492
2020-06-22,"MCD","Consumer","McDonald's Corporation",163.2529296875
2020-06-22,"MSFT","Technology","Microsoft Corporation",190.640487670898
2020-06-22,"NVDA","Technology","NVIDIA Corporation",9.48282146453857
2020-06-22,"WFC","Financials","Wells Fargo & Company",23.9095306396484
2020-06-22,"XOM","Energy","Exxon Mobil Corporation",35.8452110290527
2020-06-23,"AAPL","Technology","Apple Inc.",88.7211380004883
2020-06-23,"AMZN","Consumer","Amazon.com, Inc.",138.220504760742
2020-06-23,"BAC","Financials","Bank of America Corporation",21.4493236541748
2020-06-23,"COP","Energy","ConocoPhillips",35.244068145752
2020-06-23,"CVX","Energy","Chevron Corporation",70.485221862793
2020-06-23,"HD","Consumer","The Home Depot, Inc.",216.171676635742
2020-06-23,"JPM","Financials","JPMorgan Chase & Co.",83.2145462036133
2020-06-23,"MCD","Consumer","McDonald's Corporation",162.521347045898
2020-06-23,"MSFT","Technology","Microsoft Corporation",191.914138793945
2020-06-23,"NVDA","Technology","NVIDIA Corporation",9.40642261505127
2020-06-23,"WFC","Financials","Wells Fargo & Company",23.8046283721924
2020-06-23,"XOM","Energy","Exxon Mobil Corporation",36.0614280700684
2020-06-24,"AAPL","Technology","Apple Inc.",87.1550369262695
2020-06-24,"AMZN","Consumer","Amazon.com, Inc.",136.720001220703
2020-06-24,"BAC","Financials","Bank of America Corporation",20.6013832092285
2020-06-24,"COP","Energy","ConocoPhillips",32.9754447937012
2020-06-24,"CVX","Energy","Chevron Corporation",67.5560531616211
2020-06-24,"HD","Consumer","The Home Depot, Inc.",212.561798095703
2020-06-24,"JPM","Financials","JPMorgan Chase & Co.",80.435905456543
2020-06-24,"MCD","Consumer","McDonald's Corporation",160.492233276367
2020-06-24,"MSFT","Technology","Microsoft Corporation",188.045639038086
2020-06-24,"NVDA","Technology","NVIDIA Corporation",9.19291591644287
2020-06-24,"WFC","Financials","Wells Fargo & Company",22.8342590332031
2020-06-24,"XOM","Energy","Exxon Mobil Corporation",34.362606048584
2020-06-25,"AAPL","Technology","Apple Inc.",88.3120574951172
2020-06-25,"AMZN","Consumer","Amazon.com, Inc.",137.72900390625
2020-06-25,"BAC","Financials","Bank of America Corporation",21.3887577056885
2020-06-25,"COP","Energy","ConocoPhillips",33.8362312316895
2020-06-25,"CVX","Energy","Chevron Corporation",68.766242980957
2020-06-25,"HD","Consumer","The Home Depot, Inc.",211.914093017578
2020-06-25,"JPM","Financials","JPMorgan Chase & Co.",83.2400360107422
2020-06-25,"MCD","Consumer","McDonald's Corporation",159.159790039062
2020-06-25,"MSFT","Technology","Microsoft Corporation",190.421829223633
2020-06-25,"NVDA","Technology","NVIDIA Corporation",9.44624137878418
2020-06-25,"WFC","Financials","Wells Fargo & Company",23.9270114898682
2020-06-25,"XOM","Energy","Exxon Mobil Corporation",34.8799743652344
2020-06-26,"AAPL","Technology","Apple Inc.",85.5986251831055
2020-06-26,"AMZN","Consumer","Amazon.com, Inc.",134.643493652344
2020-06-26,"BAC","Financials","Bank of America Corporation",20.0303230285645
2020-06-26,"COP","Energy","ConocoPhillips",32.4605827331543
2020-06-26,"CVX","Energy","Chevron Corporation",66.6464538574219
2020-06-26,"HD","Consumer","The Home Depot, Inc.",208.140075683594
2020-06-26,"JPM","Financials","JPMorgan Chase & Co.",78.6769561767578
2020-06-26,"MCD","Consumer","McDonald's Corporation",156.529815673828
2020-06-26,"MSFT","Technology","Microsoft Corporation",186.610397338867
2020-06-26,"NVDA","Technology","NVIDIA Corporation",9.11278438568115
2020-06-26,"WFC","Financials","Wells Fargo & Company",22.1523780822754
2020-06-26,"XOM","Energy","Exxon Mobil Corporation",33.6830787658691
2020-06-29,"AAPL","Technology","Apple Inc.",87.5713729858398
2020-06-29,"AMZN","Consumer","Amazon.com, Inc.",134.018997192383
2020-06-29,"BAC","Financials","Bank of America Corporation",20.2379875183105
2020-06-29,"COP","Energy","ConocoPhillips",33.2248344421387
2020-06-29,"CVX","Energy","Chevron Corporation",67.5791549682617
2020-06-29,"HD","Consumer","The Home Depot, Inc.",212.553146362305
2020-06-29,"JPM","Financials","JPMorgan Chase & Co.",79.0253295898438
2020-06-29,"MCD","Consumer","McDonald's Corporation",159.194641113281
2020-06-29,"MSFT","Technology","Microsoft Corporation",188.615936279297
2020-06-29,"NVDA","Technology","NVIDIA Corporation",9.15757656097412
2020-06-29,"WFC","Financials","Wells Fargo & Company",22.4670886993408
2020-06-29,"XOM","Energy","Exxon Mobil Corporation",34.2236213684082
2020-06-30,"AAPL","Technology","Apple Inc.",88.3023910522461
2020-06-30,"AMZN","Consumer","Amazon.com, Inc.",137.940994262695
2020-06-30,"BAC","Financials","Bank of America Corporation",20.5494766235352
2020-06-30,"COP","Energy","ConocoPhillips",33.8040580749512
2020-06-30,"CVX","Energy","Chevron Corporation",68.7816848754883
2020-06-30,"HD","Consumer","The Home Depot, Inc.",216.344482421875
2020-06-30,"JPM","Financials","JPMorgan Chase & Co.",79.9260711669922
2020-06-30,"MCD","Consumer","McDonald's Corporation",160.649002075195
2020-06-30,"MSFT","Technology","Microsoft Corporation",193.434951782227
2020-06-30,"NVDA","Technology","NVIDIA Corporation",9.45395565032959
2020-06-30,"WFC","Financials","Wells Fargo & Company",22.3796710968018
2020-06-30,"XOM","Energy","Exxon Mobil Corporation",34.5324897766113
2020-07-01,"AAPL","Technology","Apple Inc.",88.1353454589844
2020-07-01,"AMZN","Consumer","Amazon.com, Inc.",143.934997558594
2020-07-01,"BAC","Financials","Bank of America Corporation",20.1255073547363
2020-07-01,"COP","Energy","ConocoPhillips",32.7743186950684
2020-07-01,"CVX","Energy","Chevron Corporation",67.5406188964844
2020-07-01,"HD","Consumer","The Home Depot, Inc.",214.306304931641
2020-07-01,"JPM","Financials","JPMorgan Chase & Co.",79.2462844848633
2020-07-01,"MCD","Consumer","McDonald's Corporation",160.814453125
2020-07-01,"MSFT","Technology","Microsoft Corporation",194.566024780273
2020-07-01,"NVDA","Technology","NVIDIA Corporation",9.48605918884277
2020-07-01,"WFC","Financials","Wells Fargo & Company",21.9338245391846
2020-07-01,"XOM","Energy","Exxon Mobil Corporation",33.7525672912598
2020-07-02,"AAPL","Technology","Apple Inc.",88.1353454589844
2020-07-02,"AMZN","Consumer","Amazon.com, Inc.",144.514999389648
2020-07-02,"BAC","Financials","Bank of America Corporation",20.1514625549316
2020-07-02,"COP","Energy","ConocoPhillips",33.6109771728516
2020-07-02,"CVX","Energy","Chevron Corporation",68.0725021362305
2020-07-02,"HD","Consumer","The Home Depot, Inc.",214.608551025391
2020-07-02,"JPM","Financials","JPMorgan Chase & Co.",79.5036926269531
2020-07-02,"MCD","Consumer","McDonald's Corporation",159.821670532227
2020-07-02,"MSFT","Technology","Microsoft Corporation",196.048812866211
2020-07-02,"NVDA","Technology","NVIDIA Corporation",9.56792640686035
2020-07-02,"WFC","Financials","Wells Fargo & Company",22.1523780822754
2020-07-02,"XOM","Energy","Exxon Mobil Corporation",34.0382843017578
2020-07-06,"AAPL","Technology","Apple Inc.",90.4930114746094
2020-07-06,"AMZN","Consumer","Amazon.com, Inc.",152.852005004883
2020-07-06,"BAC","Financials","Bank of America Corporation",20.4715995788574
2020-07-06,"COP","Energy","ConocoPhillips",33.4903030395508
2020-07-06,"CVX","Energy","Chevron Corporation",68.2729034423828
2020-07-06,"HD","Consumer","The Home Depot, Inc.",215.515365600586
2020-07-06,"JPM","Financials","JPMorgan Chase & Co.",81.5114364624023
2020-07-06,"MCD","Consumer","McDonald's Corporation",164.158584594727
2020-07-06,"MSFT","Technology","Microsoft Corporation",200.268997192383
2020-07-06,"NVDA","Technology","NVIDIA Corporation",9.79387950897217
2020-07-06,"WFC","Financials","Wells Fargo & Company",22.2835063934326
2020-07-06,"XOM","Energy","Exxon Mobil Corporation",34.2776641845703
2020-07-07,"AAPL","Technology","Apple Inc.",90.2122116088867
2020-07-07,"AMZN","Consumer","Amazon.com, Inc.",150.005996704102
2020-07-07,"BAC","Financials","Bank of America Corporation",19.9091968536377
2020-07-07,"COP","Energy","ConocoPhillips",32.6938819885254
2020-07-07,"CVX","Energy","Chevron Corporation",66.5308380126953
2020-07-07,"HD","Consumer","The Home Depot, Inc.",213.61540222168
2020-07-07,"JPM","Financials","JPMorgan Chase & Co.",79.2119522094727
2020-07-07,"MCD","Consumer","McDonald's Corporation",161.824676513672
2020-07-07,"MSFT","Technology","Microsoft Corporation",197.940292358398
2020-07-07,"NVDA","Technology","NVIDIA Corporation",9.82623100280762
2020-07-07,"WFC","Financials","Wells Fargo & Company",21.3830757141113
2020-07-07,"XOM","Energy","Exxon Mobil Corporation",33.3896484375
2020-07-08,"AAPL","Technology","Apple Inc.",92.3132553100586
2020-07-08,"AMZN","Consumer","Amazon.com, Inc.",154.05549621582
2020-07-08,"BAC","Financials","Bank of America Corporation",19.9870700836182
2020-07-08,"COP","Energy","ConocoPhillips",33.0156745910645
2020-07-08,"CVX","Energy","Chevron Corporation",66.561653137207
2020-07-08,"HD","Consumer","The Home Depot, Inc.",215.18717956543
2020-07-08,"JPM","Financials","JPMorgan Chase & Co.",80.0528335571289
2020-07-08,"MCD","Consumer","McDonald's Corporation",161.850769042969
2020-07-08,"MSFT","Technology","Microsoft Corporation",202.293548583984
2020-07-08,"NVDA","Technology","NVIDIA Corporation",10.1688928604126
2020-07-08,"WFC","Financials","Wells Fargo & Company",21.4617500305176
2020-07-08,"XOM","Energy","Exxon Mobil Corporation",33.3124313354492
2020-07-09,"AAPL","Technology","Apple Inc.",92.7102584838867
2020-07-09,"AMZN","Consumer","Amazon.com, Inc.",159.131500244141
2020-07-09,"BAC","Financials","Bank of America Corporation",19.7015361785889
2020-07-09,"COP","Energy","ConocoPhillips",30.8516292572021
2020-07-09,"CVX","Energy","Chevron Corporation",63.7789497375488
2020-07-09,"HD","Consumer","The Home Depot, Inc.",214.142211914062
2020-07-09,"JPM","Financials","JPMorgan Chase & Co.",78.3196411132812
2020-07-09,"MCD","Consumer","McDonald's Corporation",160.527084350586
2020-07-09,"MSFT","Technology","Microsoft Corporation",203.70979309082
2020-07-09,"NVDA","Technology","NVIDIA Corporation",10.4605398178101
2020-07-09,"WFC","Financials","Wells Fargo & Company",21.0159091949463
2020-07-09,"XOM","Energy","Exxon Mobil Corporation",31.9379253387451
2020-07-10,"AAPL","Technology","Apple Inc.",92.8724212646484
2020-07-10,"AMZN","Consumer","Amazon.com, Inc.",160
2020-07-10,"BAC","Financials","Bank of America Corporation",20.7830848693848
2020-07-10,"COP","Energy","ConocoPhillips",31.9296321868896
2020-07-10,"CVX","Energy","Chevron Corporation",65.6983261108398
2020-07-10,"HD","Consumer","The Home Depot, Inc.",215.9990234375
2020-07-10,"JPM","Financials","JPMorgan Chase & Co.",82.6011123657227
2020-07-10,"MCD","Consumer","McDonald's Corporation",161.006011962891
2020-07-10,"MSFT","Technology","Microsoft Corporation",203.091979980469
2020-07-10,"NVDA","Technology","NVIDIA Corporation",10.4309301376343
2020-07-10,"WFC","Financials","Wells Fargo & Company",22.2660255432129
2020-07-10,"XOM","Energy","Exxon Mobil Corporation",32.9340553283691
2020-07-13,"AAPL","Technology","Apple Inc.",92.443977355957
2020-07-13,"AMZN","Consumer","Amazon.com, Inc.",155.199996948242
2020-07-13,"BAC","Financials","Bank of America Corporation",20.9301795959473
2020-07-13,"COP","Energy","ConocoPhillips",31.9054985046387
2020-07-13,"CVX","Energy","Chevron Corporation",65.8293838500977
2020-07-13,"HD","Consumer","The Home Depot, Inc.",215.575805664062
2020-07-13,"JPM","Financials","JPMorgan Chase & Co.",83.7851943969727
2020-07-13,"MCD","Consumer","McDonald's Corporation",161.040863037109
2020-07-13,"MSFT","Technology","Microsoft Corporation",196.81867980957
2020-07-13,"NVDA","Technology","NVIDIA Corporation",10.0058975219727
2020-07-13,"WFC","Financials","Wells Fargo & Company",22.2135677337646
2020-07-13,"XOM","Energy","Exxon Mobil Corporation",32.9417724609375
2020-07-14,"AAPL","Technology","Apple Inc.",93.9737777709961
2020-07-14,"AMZN","Consumer","Amazon.com, Inc.",154.199996948242
2020-07-14,"BAC","Financials","Bank of America Corporation",20.8869228363037
2020-07-14,"COP","Energy","ConocoPhillips",33.2328796386719
2020-07-14,"CVX","Energy","Chevron Corporation",68.1033477783203
2020-07-14,"HD","Consumer","The Home Depot, Inc.",222.631546020508
2020-07-14,"JPM","Financials","JPMorgan Chase & Co.",84.2656555175781
2020-07-14,"MCD","Consumer","McDonald's Corporation",166.091873168945
2020-07-14,"MSFT","Technology","Microsoft Corporation",198.035278320312
2020-07-14,"NVDA","Technology","NVIDIA Corporation",10.3291511535645
2020-07-14,"WFC","Financials","Wells Fargo & Company",21.1994915008545
2020-07-14,"XOM","Energy","Exxon Mobil Corporation",34.0305557250977
2020-07-15,"AAPL","Technology","Apple Inc.",94.6200561523438
2020-07-15,"AMZN","Consumer","Amazon.com, Inc.",150.443496704102
2020-07-15,"BAC","Financials","Bank of America Corporation",21.2849235534668
2020-07-15,"COP","Energy","ConocoPhillips",33.4822616577148
2020-07-15,"CVX","Energy","Chevron Corporation",68.5196151733398
2020-07-15,"HD","Consumer","The Home Depot, Inc.",222.640167236328
2020-07-15,"JPM","Financials","JPMorgan Chase & Co.",85.5698623657227
2020-07-15,"MCD","Consumer","McDonald's Corporation",167.006317138672
2020-07-15,"MSFT","Technology","Microsoft Corporation",197.740707397461
2020-07-15,"NVDA","Technology","NVIDIA Corporation",10.1800918579102
2020-07-15,"WFC","Financials","Wells Fargo & Company",22.1611156463623
2020-07-15,"XOM","Energy","Exxon Mobil Corporation",34.4629898071289
2020-07-16,"AAPL","Technology","Apple Inc.",93.4557723999023
2020-07-16,"AMZN","Consumer","Amazon.com, Inc.",149.994995117188
2020-07-16,"BAC","Financials","Bank of America Corporation",20.7052154541016
2020-07-16,"COP","Energy","ConocoPhillips",33.4581298828125
2020-07-16,"CVX","Energy","Chevron Corporation",68.1110229492188
2020-07-16,"HD","Consumer","The Home Depot, Inc.",222.882019042969
2020-07-16,"JPM","Financials","JPMorgan Chase & Co.",85.8101119995117
2020-07-16,"MCD","Consumer","McDonald's Corporation",166.266082763672
2020-07-16,"MSFT","Technology","Microsoft Corporation",193.824645996094
2020-07-16,"NVDA","Technology","NVIDIA Corporation",10.0880174636841
2020-07-16,"WFC","Financials","Wells Fargo & Company",22.2572841644287
2020-07-16,"XOM","Energy","Exxon Mobil Corporation",34.1927261352539
2020-07-17,"AAPL","Technology","Apple Inc.",93.266975402832
2020-07-17,"AMZN","Consumer","Amazon.com, Inc.",148.098495483398
2020-07-17,"BAC","Financials","Bank of America Corporation",20.0908946990967
2020-07-17,"COP","Energy","ConocoPhillips",32.474781036377
2020-07-17,"CVX","Energy","Chevron Corporation",67.2091751098633
2020-07-17,"HD","Consumer","The Home Depot, Inc.",224.868347167969
2020-07-17,"JPM","Financials","JPMorgan Chase & Co.",84.2227630615234
2020-07-17,"MCD","Consumer","McDonald's Corporation",166.753799438477
2020-07-17,"MSFT","Technology","Microsoft Corporation",192.836120605469
2020-07-17,"NVDA","Technology","NVIDIA Corporation",10.1544599533081
2020-07-17,"WFC","Financials","Wells Fargo & Company",21.8114318847656
2020-07-17,"XOM","Energy","Exxon Mobil Corporation",33.6058616638184
2020-07-20,"AAPL","Technology","Apple Inc.",95.2324905395508
2020-07-20,"AMZN","Consumer","Amazon.com, Inc.",159.841995239258
2020-07-20,"BAC","Financials","Bank of America Corporation",20.4023838043213
2020-07-20,"COP","Energy","ConocoPhillips",31.9627933502197
2020-07-20,"CVX","Energy","Chevron Corporation",65.7291564941406
2020-07-20,"HD","Consumer","The Home Depot, Inc.",224.686981201172
2020-07-20,"JPM","Financials","JPMorgan Chase & Co.",83.4848937988281
2020-07-20,"MCD","Consumer","McDonald's Corporation",166.866973876953
2020-07-20,"MSFT","Technology","Microsoft Corporation",201.124420166016
2020-07-20,"NVDA","Technology","NVIDIA Corporation",10.4622840881348
2020-07-20,"WFC","Financials","Wells Fargo & Company",21.4792366027832
2020-07-20,"XOM","Energy","Exxon Mobil Corporation",32.8182220458984
2020-07-21,"AAPL","Technology","Apple Inc.",93.9181137084961
2020-07-21,"AMZN","Consumer","Amazon.com, Inc.",156.914505004883
2020-07-21,"BAC","Financials","Bank of America Corporation",21.129186630249
2020-07-21,"COP","Energy","ConocoPhillips",33.8563499450684
2020-07-21,"CVX","Energy","Chevron Corporation",70.4466781616211
2020-07-21,"HD","Consumer","The Home Depot, Inc.",226.630111694336
2020-07-21,"JPM","Financials","JPMorgan Chase & Co.",85.2953033447266
2020-07-21,"MCD","Consumer","McDonald's Corporation",168.06005859375
2020-07-21,"MSFT","Technology","Microsoft Corporation",198.415512084961
2020-07-21,"NVDA","Technology","NVIDIA Corporation",10.2808752059937
2020-07-21,"WFC","Financials","Wells Fargo & Company",22.9041919708252
2020-07-21,"XOM","Energy","Exxon Mobil Corporation",34.4784317016602
2020-07-22,"AAPL","Technology","Apple Inc.",94.1819458007812
2020-07-22,"AMZN","Consumer","Amazon.com, Inc.",154.995498657227
2020-07-22,"BAC","Financials","Bank of America Corporation",21.0340099334717
2020-07-22,"COP","Energy","ConocoPhillips",33.230583190918
2020-07-22,"CVX","Energy","Chevron Corporation",70.1768951416016
2020-07-22,"HD","Consumer","The Home Depot, Inc.",229.005111694336
2020-07-22,"JPM","Financials","JPMorgan Chase & Co.",84.6774978637695
2020-07-22,"MCD","Consumer","McDonald's Corporation",172.971801757812
2020-07-22,"MSFT","Technology","Microsoft Corporation",201.266983032227
2020-07-22,"NVDA","Technology","NVIDIA Corporation",10.3906173706055
2020-07-22,"WFC","Financials","Wells Fargo & Company",22.9566402435303
2020-07-22,"XOM","Energy","Exxon Mobil Corporation",33.6753578186035
2020-07-23,"AAPL","Technology","Apple Inc.",89.8951187133789
2020-07-23,"AMZN","Consumer","Amazon.com, Inc.",149.327499389648
2020-07-23,"BAC","Financials","Bank of America Corporation",21.2330131530762
2020-07-23,"COP","Energy","ConocoPhillips",32.8811225891113
2020-07-23,"CVX","Energy","Chevron Corporation",70.1537551879883
2020-07-23,"HD","Consumer","The Home Depot, Inc.",227.830490112305
2020-07-23,"JPM","Financials","JPMorgan Chase & Co.",84.9263153076172
2020-07-23,"MCD","Consumer","McDonald's Corporation",172.039916992188
2020-07-23,"MSFT","Technology","Microsoft Corporation",192.512969970703
2020-07-23,"NVDA","Technology","NVIDIA Corporation",10.0830430984497
2020-07-23,"WFC","Financials","Wells Fargo & Company",23.0353240966797
2020-07-23,"XOM","Energy","Exxon Mobil Corporation",33.7448463439941
2020-07-24,"AAPL","Technology","Apple Inc.",89.6724395751953
2020-07-24,"AMZN","Consumer","Amazon.com, Inc.",150.445495605469
2020-07-24,"BAC","Financials","Bank of America Corporation",21.0686187744141
2020-07-24,"COP","Energy","ConocoPhillips",32.7348480224609
2020-07-24,"CVX","Energy","Chevron Corporation",69.4754104614258
2020-07-24,"HD","Consumer","The Home Depot, Inc.",229.125961303711
2020-07-24,"JPM","Financials","JPMorgan Chase & Co.",84.3257293701172
2020-07-24,"MCD","Consumer","McDonald's Corporation",173.058837890625
2020-07-24,"MSFT","Technology","Microsoft Corporation",191.334365844727
2020-07-24,"NVDA","Technology","NVIDIA Corporation",10.1474924087524
2020-07-24,"WFC","Financials","Wells Fargo & Company",22.9566402435303
2020-07-24,"XOM","Energy","Exxon Mobil Corporation",33.5363578796387
2020-07-27,"AAPL","Technology","Apple Inc.",91.7976837158203
2020-07-27,"AMZN","Consumer","Amazon.com, Inc.",152.760498046875
2020-07-27,"BAC","Financials","Bank of America Corporation",20.8869228363037
2020-07-27,"COP","Energy","ConocoPhillips",32.320369720459
2020-07-27,"CVX","Energy","Chevron Corporation",70.1768951416016
2020-07-27,"HD","Consumer","The Home Depot, Inc.",230.948181152344
2020-07-27,"JPM","Financials","JPMorgan Chase & Co.",83.1416778564453
2020-07-27,"MCD","Consumer","McDonald's Corporation",175.262161254883
2020-07-27,"MSFT","Technology","Microsoft Corporation",193.75813293457
2020-07-27,"NVDA","Technology","NVIDIA Corporation",10.3734483718872
2020-07-27,"WFC","Financials","Wells Fargo & Company",22.2835063934326
2020-07-27,"XOM","Energy","Exxon Mobil Corporation",34.0305557250977
2020-07-28,"AAPL","Technology","Apple Inc.",90.2896881103516
2020-07-28,"AMZN","Consumer","Amazon.com, Inc.",150.016494750977
2020-07-28,"BAC","Financials","Bank of America Corporation",21.0772705078125
2020-07-28,"COP","Energy","ConocoPhillips",31.6621017456055
2020-07-28,"CVX","Energy","Chevron Corporation",68.6891632080078
2020-07-28,"HD","Consumer","The Home Depot, Inc.",229.100021362305
2020-07-28,"JPM","Financials","JPMorgan Chase & Co.",83.5020446777344
2020-07-28,"MCD","Consumer","McDonald's Corporation",170.899108886719
2020-07-28,"MSFT","Technology","Microsoft Corporation",192.018692016602
2020-07-28,"NVDA","Technology","NVIDIA Corporation",10.1683950424194
2020-07-28,"WFC","Financials","Wells Fargo & Company",22.3184795379639
2020-07-28,"XOM","Energy","Exxon Mobil Corporation",33.629020690918
2020-07-29,"AAPL","Technology","Apple Inc.",92.0203857421875
2020-07-29,"AMZN","Consumer","Amazon.com, Inc.",151.676498413086
2020-07-29,"BAC","Financials","Bank of America Corporation",21.8646373748779
2020-07-29,"COP","Energy","ConocoPhillips",32.4585304260254
2020-07-29,"CVX","Energy","Chevron Corporation",69.4291610717773
2020-07-29,"HD","Consumer","The Home Depot, Inc.",228.564559936523
2020-07-29,"JPM","Financials","JPMorgan Chase & Co.",85.5269622802734
2020-07-29,"MCD","Consumer","McDonald's Corporation",170.872955322266
2020-07-29,"MSFT","Technology","Microsoft Corporation",193.957717895508
2020-07-29,"NVDA","Technology","NVIDIA Corporation",10.4172439575195
2020-07-29,"WFC","Financials","Wells Fargo & Company",22.5370273590088
2020-07-29,"XOM","Energy","Exxon Mobil Corporation",33.9996757507324
2020-07-30,"AAPL","Technology","Apple Inc.",93.1338424682617
2020-07-30,"AMZN","Consumer","Amazon.com, Inc.",152.593994140625
2020-07-30,"BAC","Financials","Bank of America Corporation",21.4925861358643
2020-07-30,"COP","Energy","ConocoPhillips",30.5893611907959
2020-07-30,"CVX","Energy","Chevron Corporation",66.5
2020-07-30,"HD","Consumer","The Home Depot, Inc.",229.989532470703
2020-07-30,"JPM","Financials","JPMorgan Chase & Co.",83.2446365356445
2020-07-30,"MCD","Consumer","McDonald's Corporation",170.176300048828
2020-07-30,"MSFT","Technology","Microsoft Corporation",193.805572509766
2020-07-30,"NVDA","Technology","NVIDIA Corporation",10.5650596618652
2020-07-30,"WFC","Financials","Wells Fargo & Company",21.5491771697998
2020-07-30,"XOM","Energy","Exxon Mobil Corporation",32.3317413330078
2020-07-31,"AAPL","Technology","Apple Inc.",102.883903503418
2020-07-31,"AMZN","Consumer","Amazon.com, Inc.",158.233993530273
2020-07-31,"BAC","Financials","Bank of America Corporation",21.5271911621094
2020-07-31,"COP","Energy","ConocoPhillips",30.3862018585205
2020-07-31,"CVX","Energy","Chevron Corporation",64.7039566040039
2020-07-31,"HD","Consumer","The Home Depot, Inc.",229.281463623047
2020-07-31,"JPM","Financials","JPMorgan Chase & Co.",82.918571472168
2020-07-31,"MCD","Consumer","McDonald's Corporation",169.192199707031
2020-07-31,"MSFT","Technology","Microsoft Corporation",194.860626220703
2020-07-31,"NVDA","Technology","NVIDIA Corporation",10.5658025741577
2020-07-31,"WFC","Financials","Wells Fargo & Company",21.2082366943359
2020-07-31,"XOM","Energy","Exxon Mobil Corporation",32.4939041137695
2020-08-03,"AAPL","Technology","Apple Inc.",105.47632598877
2020-08-03,"AMZN","Consumer","Amazon.com, Inc.",155.594497680664
2020-08-03,"BAC","Financials","Bank of America Corporation",21.6223697662354
2020-08-03,"COP","Energy","ConocoPhillips",29.8335628509521
2020-08-03,"CVX","Energy","Chevron Corporation",65.3745880126953
2020-08-03,"HD","Consumer","The Home Depot, Inc.",229.87727355957
2020-08-03,"JPM","Financials","JPMorgan Chase & Co.",82.4552764892578
2020-08-03,"MCD","Consumer","McDonald's Corporation",169.296691894531
2020-08-03,"MSFT","Technology","Microsoft Corporation",205.819854736328
2020-08-03,"NVDA","Technology","NVIDIA Corporation",10.9594793319702
2020-08-03,"WFC","Financials","Wells Fargo & Company",21.2344608306885
2020-08-03,"XOM","Energy","Exxon Mobil Corporation",32.6251754760742
2020-08-04,"AAPL","Technology","Apple Inc.",106.180725097656
2020-08-04,"AMZN","Consumer","Amazon.com, Inc.",156.941497802734
2020-08-04,"BAC","Financials","Bank of America Corporation",21.6396751403809
2020-08-04,"COP","Energy","ConocoPhillips",30.5893611907959
2020-08-04,"CVX","Energy","Chevron Corporation",66.6695938110352
2020-08-04,"HD","Consumer","The Home Depot, Inc.",231.336807250977
2020-08-04,"JPM","Financials","JPMorgan Chase & Co.",81.9833374023438
2020-08-04,"MCD","Consumer","McDonald's Corporation",173.616180419922
2020-08-04,"MSFT","Technology","Microsoft Corporation",202.730758666992
2020-08-04,"NVDA","Technology","NVIDIA Corporation",11.1759767532349
2020-08-04,"WFC","Financials","Wells Fargo & Company",21.1732654571533
2020-08-04,"XOM","Energy","Exxon Mobil Corporation",33.5672454833984
2020-08-05,"AAPL","Technology","Apple Inc.",106.56559753418
2020-08-05,"AMZN","Consumer","Amazon.com, Inc.",160.251495361328
2020-08-05,"BAC","Financials","Bank of America Corporation",21.9684677124023
2020-08-05,"COP","Energy","ConocoPhillips",30.8981761932373
2020-08-05,"CVX","Energy","Chevron Corporation",67.2168807983398
2020-08-05,"HD","Consumer","The Home Depot, Inc.",230.999969482422
2020-08-05,"JPM","Financials","JPMorgan Chase & Co.",83.4076461791992
2020-08-05,"MCD","Consumer","McDonald's Corporation",173.529113769531
2020-08-05,"MSFT","Technology","Microsoft Corporation",202.398056030273
2020-08-05,"NVDA","Technology","NVIDIA Corporation",11.2347068786621
2020-08-05,"WFC","Financials","Wells Fargo & Company",21.3306217193604
2020-08-05,"XOM","Energy","Exxon Mobil Corporation",33.8606796264648
2020-08-06,"AAPL","Technology","Apple Inc.",110.283584594727
2020-08-06,"AMZN","Consumer","Amazon.com, Inc.",161.25
2020-08-06,"BAC","Financials","Bank of America Corporation",22.0376873016357
2020-08-06,"COP","Energy","ConocoPhillips",30.9225521087646
2020-08-06,"CVX","Energy","Chevron Corporation",67.4250030517578
2020-08-06,"HD","Consumer","The Home Depot, Inc.",232.632263183594
2020-08-06,"JPM","Financials","JPMorgan Chase & Co.",83.4333953857422
2020-08-06,"MCD","Consumer","McDonald's Corporation",176.942916870117
2020-08-06,"MSFT","Technology","Microsoft Corporation",205.639282226562
2020-08-06,"NVDA","Technology","NVIDIA Corporation",11.2832317352295
2020-08-06,"WFC","Financials","Wells Fargo & Company",21.2779560089111
2020-08-06,"XOM","Energy","Exxon Mobil Corporation",33.6985168457031
2020-08-07,"AAPL","Technology","Apple Inc.",107.77619934082
2020-08-07,"AMZN","Consumer","Amazon.com, Inc.",158.373001098633
2020-08-07,"BAC","Financials","Bank of America Corporation",22.5914402008057
2020-08-07,"COP","Energy","ConocoPhillips",31.1257247924805
2020-08-07,"CVX","Energy","Chevron Corporation",66.9085388183594
2020-08-07,"HD","Consumer","The Home Depot, Inc.",234.592666625977
2020-08-07,"JPM","Financials","JPMorgan Chase & Co.",85.2695465087891
2020-08-07,"MCD","Consumer","McDonald's Corporation",178.179550170898
2020-08-07,"MSFT","Technology","Microsoft Corporation",201.960815429688
2020-08-07,"NVDA","Technology","NVIDIA Corporation",11.1478576660156
2020-08-07,"WFC","Financials","Wells Fargo & Company",22.0065250396729
2020-08-07,"XOM","Energy","Exxon Mobil Corporation",33.544075012207
2020-08-10,"AAPL","Technology","Apple Inc.",109.342712402344
2020-08-10,"AMZN","Consumer","Amazon.com, Inc.",157.408004760742
2020-08-10,"BAC","Financials","Bank of America Corporation",22.9807987213135
2020-08-10,"COP","Energy","ConocoPhillips",32.2147331237793
2020-08-10,"CVX","Energy","Chevron Corporation",69.1670761108398
2020-08-10,"HD","Consumer","The Home Depot, Inc.",237.261215209961
2020-08-10,"JPM","Financials","JPMorgan Chase & Co.",86.3506622314453
2020-08-10,"MCD","Consumer","McDonald's Corporation",177.761566162109
2020-08-10,"MSFT","Technology","Microsoft Corporation",197.940292358398
2020-08-10,"NVDA","Technology","NVIDIA Corporation",11.1135158538818
2020-08-10,"WFC","Financials","Wells Fargo & Company",21.6817436218262
2020-08-10,"XOM","Energy","Exxon Mobil Corporation",34.3703269958496
2020-08-11,"AAPL","Technology","Apple Inc.",106.090850830078
2020-08-11,"AMZN","Consumer","Amazon.com, Inc.",154.033493041992
2020-08-11,"BAC","Financials","Bank of America Corporation",23.2922878265381
2020-08-11,"COP","Energy","ConocoPhillips",32.271614074707
2020-08-11,"CVX","Energy","Chevron Corporation",69.0823135375977
2020-08-11,"HD","Consumer","The Home Depot, Inc.",237.42529296875
2020-08-11,"JPM","Financials","JPMorgan Chase & Co.",89.0791320800781
2020-08-11,"MCD","Consumer","McDonald's Corporation",178.527908325195
2020-08-11,"MSFT","Technology","Microsoft Corporation",193.311370849609
2020-08-11,"NVDA","Technology","NVIDIA Corporation",10.7999715805054
2020-08-11,"WFC","Financials","Wells Fargo & Company",22.2259826660156
2020-08-11,"XOM","Energy","Exxon Mobil Corporation",34.7255325317383
2020-08-12,"AAPL","Technology","Apple Inc.",109.616706848145
2020-08-12,"AMZN","Consumer","Amazon.com, Inc.",158.111999511719
2020-08-12,"BAC","Financials","Bank of America Corporation",23.1278896331787
2020-08-12,"COP","Energy","ConocoPhillips",33.8563499450684
2020-08-12,"CVX","Energy","Chevron Corporation",69.9302139282227
2020-08-12,"HD","Consumer","The Home Depot, Inc.",243.177001953125
2020-08-12,"JPM","Financials","JPMorgan Chase & Co.",88.3240814208984
2020-08-12,"MCD","Consumer","McDonald's Corporation",179.416213989258
2020-08-12,"MSFT","Technology","Microsoft Corporation",198.833770751953
2020-08-12,"NVDA","Technology","NVIDIA Corporation",11.3874998092651
2020-08-12,"WFC","Financials","Wells Fargo & Company",22.1118679046631
2020-08-12,"XOM","Energy","Exxon Mobil Corporation",34.7176666259766
2020-08-13,"AAPL","Technology","Apple Inc.",111.556671142578
2020-08-13,"AMZN","Consumer","Amazon.com, Inc.",158.050994873047
2020-08-13,"BAC","Financials","Bank of America Corporation",22.7990970611572
2020-08-13,"COP","Energy","ConocoPhillips",33.0192832946777
2020-08-13,"CVX","Energy","Chevron Corporation",69.2364654541016
2020-08-13,"HD","Consumer","The Home Depot, Inc.",243.246200561523
2020-08-13,"JPM","Financials","JPMorgan Chase & Co.",87.8350219726562
2020-08-13,"MCD","Consumer","McDonald's Corporation",179.825531005859
2020-08-13,"MSFT","Technology","Microsoft Corporation",198.368026733398
2020-08-13,"NVDA","Technology","NVIDIA Corporation",11.3902378082275
2020-08-13,"WFC","Financials","Wells Fargo & Company",21.9626426696777
2020-08-13,"XOM","Energy","Exxon Mobil Corporation",33.8672256469727
2020-08-14,"AAPL","Technology","Apple Inc.",111.457229614258
2020-08-14,"AMZN","Consumer","Amazon.com, Inc.",157.401000976562
2020-08-14,"BAC","Financials","Bank of America Corporation",22.902925491333
2020-08-14,"COP","Energy","ConocoPhillips",33.1736907958984
2020-08-14,"CVX","Energy","Chevron Corporation",69.6450119018555
2020-08-14,"HD","Consumer","The Home Depot, Inc.",242.287490844727
2020-08-14,"JPM","Financials","JPMorgan Chase & Co.",87.8693237304688
2020-08-14,"MCD","Consumer","McDonald's Corporation",180.295791625977
2020-08-14,"MSFT","Technology","Microsoft Corporation",198.558059692383
2020-08-14,"NVDA","Technology","NVIDIA Corporation",11.5106801986694
2020-08-14,"WFC","Financials","Wells Fargo & Company",22.2084217071533
2020-08-14,"XOM","Energy","Exxon Mobil Corporation",34.0168495178223
2020-08-17,"AAPL","Technology","Apple Inc.",111.166236877441
2020-08-17,"AMZN","Consumer","Amazon.com, Inc.",159.120498657227
2020-08-17,"BAC","Financials","Bank of America Corporation",22.409740447998
2020-08-17,"COP","Energy","ConocoPhillips",33.0761566162109
2020-08-17,"CVX","Energy","Chevron Corporation",69.96875
2020-08-17,"HD","Consumer","The Home Depot, Inc.",248.928634643555
2020-08-17,"JPM","Financials","JPMorgan Chase & Co.",85.5526962280273
2020-08-17,"MCD","Consumer","McDonald's Corporation",181.723968505859
2020-08-17,"MSFT","Technology","Microsoft Corporation",199.869781494141
2020-08-17,"NVDA","Technology","NVIDIA Corporation",12.2801132202148
2020-08-17,"WFC","Financials","Wells Fargo & Company",21.4798488616943
2020-08-17,"XOM","Energy","Exxon Mobil Corporation",33.5758972167969
2020-08-18,"AAPL","Technology","Apple Inc.",112.092559814453
2020-08-18,"AMZN","Consumer","Amazon.com, Inc.",165.624496459961
2020-08-18,"BAC","Financials","Bank of America Corporation",22.0896015167236
2020-08-18,"COP","Energy","ConocoPhillips",32.7754592895508
2020-08-18,"CVX","Energy","Chevron Corporation",68.5221481323242
2020-08-18,"HD","Consumer","The Home Depot, Inc.",246.130599975586
2020-08-18,"JPM","Financials","JPMorgan Chase & Co.",84.3600769042969
2020-08-18,"MCD","Consumer","McDonald's Corporation",183.160949707031
2020-08-18,"MSFT","Technology","Microsoft Corporation",201.019882202148
2020-08-18,"NVDA","Technology","NVIDIA Corporation",12.204213142395
2020-08-18,"WFC","Financials","Wells Fargo & Company",21.1023941040039
2020-08-18,"XOM","Energy","Exxon Mobil Corporation",33.410530090332
2020-08-19,"AAPL","Technology","Apple Inc.",112.233222961426
2020-08-19,"AMZN","Consumer","Amazon.com, Inc.",163.024002075195
2020-08-19,"BAC","Financials","Bank of America Corporation",22.0636463165283
2020-08-19,"COP","Energy","ConocoPhillips",32.2228584289551
2020-08-19,"CVX","Energy","Chevron Corporation",67.5525436401367
2020-08-19,"HD","Consumer","The Home Depot, Inc.",244.282440185547
2020-08-19,"JPM","Financials","JPMorgan Chase & Co.",84.5573883056641
2020-08-19,"MCD","Consumer","McDonald's Corporation",182.455490112305
2020-08-19,"MSFT","Technology","Microsoft Corporation",199.800308227539
2020-08-19,"NVDA","Technology","NVIDIA Corporation",12.0825309753418
2020-08-19,"WFC","Financials","Wells Fargo & Company",21.1287288665771
2020-08-19,"XOM","Energy","Exxon Mobil Corporation",33.0404434204102
2020-08-20,"AAPL","Technology","Apple Inc.",114.723617553711
2020-08-20,"AMZN","Consumer","Amazon.com, Inc.",164.868499755859
2020-08-20,"BAC","Financials","Bank of America Corporation",21.7175521850586
2020-08-20,"COP","Energy","ConocoPhillips",31.507698059082
2020-08-20,"CVX","Energy","Chevron Corporation",66.3170623779297
2020-08-20,"HD","Consumer","The Home Depot, Inc.",242.399719238281
2020-08-20,"JPM","Financials","JPMorgan Chase & Co.",83.5449523925781
2020-08-20,"MCD","Consumer","McDonald's Corporation",182.777740478516
2020-08-20,"MSFT","Technology","Microsoft Corporation",204.449951171875
2020-08-20,"NVDA","Technology","NVIDIA Corporation",12.0850172042847
2020-08-20,"WFC","Financials","Wells Fargo & Company",20.847827911377
2020-08-20,"XOM","Energy","Exxon Mobil Corporation",32.5364875793457
2020-08-21,"AAPL","Technology","Apple Inc.",120.635604858398
2020-08-21,"AMZN","Consumer","Amazon.com, Inc.",164.235992431641
2020-08-21,"BAC","Financials","Bank of America Corporation",21.6137199401855
2020-08-21,"COP","Energy","ConocoPhillips",31.0119533538818
2020-08-21,"CVX","Energy","Chevron Corporation",66.528205871582
2020-08-21,"HD","Consumer","The Home Depot, Inc.",244.601943969727
2020-08-21,"JPM","Financials","JPMorgan Chase & Co.",83.5020446777344
2020-08-21,"MCD","Consumer","McDonald's Corporation",184.249542236328
2020-08-21,"MSFT","Technology","Microsoft Corporation",202.963577270508
2020-08-21,"NVDA","Technology","NVIDIA Corporation",12.6250171661377
2020-08-21,"WFC","Financials","Wells Fargo & Company",20.7512722015381
2020-08-21,"XOM","Energy","Exxon Mobil Corporation",32.2923812866211
2020-08-24,"AAPL","Technology","Apple Inc.",122.078453063965
2020-08-24,"AMZN","Consumer","Amazon.com, Inc.",165.373001098633
2020-08-24,"BAC","Financials","Bank of America Corporation",22.2280406951904
2020-08-24,"COP","Energy","ConocoPhillips",31.5889625549316
2020-08-24,"CVX","Energy","Chevron Corporation",68.185920715332
2020-08-24,"HD","Consumer","The Home Depot, Inc.",247.641860961914
2020-08-24,"JPM","Financials","JPMorgan Chase & Co.",85.8529891967773
2020-08-24,"MCD","Consumer","McDonald's Corporation",185.163879394531
2020-08-24,"MSFT","Technology","Microsoft Corporation",203.601989746094
2020-08-24,"NVDA","Technology","NVIDIA Corporation",12.6615982055664
2020-08-24,"WFC","Financials","Wells Fargo & Company",21.4974060058594
2020-08-24,"XOM","Energy","Exxon Mobil Corporation",33.2451705932617
2020-08-25,"AAPL","Technology","Apple Inc.",121.076957702637
2020-08-25,"AMZN","Consumer","Amazon.com, Inc.",167.324493408203
2020-08-25,"BAC","Financials","Bank of America Corporation",22.4962711334229
2020-08-25,"COP","Energy","ConocoPhillips",31.5727062225342
2020-08-25,"CVX","Energy","Chevron Corporation",67.3492279052734
2020-08-25,"HD","Consumer","The Home Depot, Inc.",247.106399536133
2020-08-25,"JPM","Financials","JPMorgan Chase & Co.",86.2305297851562
2020-08-25,"MCD","Consumer","McDonald's Corporation",185.190048217773
2020-08-25,"MSFT","Technology","Microsoft Corporation",206.250686645508
2020-08-25,"NVDA","Technology","NVIDIA Corporation",12.6912078857422
2020-08-25,"WFC","Financials","Wells Fargo & Company",21.6027393341064
2020-08-25,"XOM","Energy","Exxon Mobil Corporation",32.1900215148926
2020-08-26,"AAPL","Technology","Apple Inc.",122.723480224609
2020-08-26,"AMZN","Consumer","Amazon.com, Inc.",172.092498779297
2020-08-26,"BAC","Financials","Bank of America Corporation",22.1155567169189
2020-08-26,"COP","Energy","ConocoPhillips",30.5243492126465
2020-08-26,"CVX","Energy","Chevron Corporation",66.2936096191406
2020-08-26,"HD","Consumer","The Home Depot, Inc.",252.115371704102
2020-08-26,"JPM","Financials","JPMorgan Chase & Co.",85.0207214355469
2020-08-26,"MCD","Consumer","McDonald's Corporation",186.156707763672
2020-08-26,"MSFT","Technology","Microsoft Corporation",210.709732055664
2020-08-26,"NVDA","Technology","NVIDIA Corporation",12.7141017913818
2020-08-26,"WFC","Financials","Wells Fargo & Company",21.1023941040039
2020-08-26,"XOM","Energy","Exxon Mobil Corporation",31.5049571990967
2020-08-27,"AAPL","Technology","Apple Inc.",121.256408691406
2020-08-27,"AMZN","Consumer","Amazon.com, Inc.",170
2020-08-27,"BAC","Financials","Bank of America Corporation",22.5395221710205
2020-08-27,"COP","Energy","ConocoPhillips",31.0038280487061
2020-08-27,"CVX","Energy","Chevron Corporation",66.395263671875
2020-08-27,"HD","Consumer","The Home Depot, Inc.",249.265518188477
2020-08-27,"JPM","Financials","JPMorgan Chase & Co.",87.8178634643555
2020-08-27,"MCD","Consumer","McDonald's Corporation",184.789443969727
2020-08-27,"MSFT","Technology","Microsoft Corporation",215.883422851562
2020-08-27,"NVDA","Technology","NVIDIA Corporation",12.5700216293335
2020-08-27,"WFC","Financials","Wells Fargo & Company",21.58518409729
2020-08-27,"XOM","Energy","Exxon Mobil Corporation",31.2923603057861
2020-08-28,"AAPL","Technology","Apple Inc.",121.05997467041
2020-08-28,"AMZN","Consumer","Amazon.com, Inc.",170.089996337891
2020-08-28,"BAC","Financials","Bank of America Corporation",22.7558364868164
2020-08-28,"COP","Energy","ConocoPhillips",31.1907444000244
2020-08-28,"CVX","Energy","Chevron Corporation",66.9582595825195
2020-08-28,"HD","Consumer","The Home Depot, Inc.",247.244659423828
2020-08-28,"JPM","Financials","JPMorgan Chase & Co.",88.1782150268555
2020-08-28,"MCD","Consumer","McDonald's Corporation",187.158187866211
2020-08-28,"MSFT","Technology","Microsoft Corporation",218.103454589844
2020-08-28,"NVDA","Technology","NVIDIA Corporation",13.0871248245239
2020-08-28,"WFC","Financials","Wells Fargo & Company",21.6729640960693
2020-08-28,"XOM","Energy","Exxon Mobil Corporation",32.0404014587402
2020-08-31,"AAPL","Technology","Apple Inc.",125.165397644043
2020-08-31,"AMZN","Consumer","Amazon.com, Inc.",172.548004150391
2020-08-31,"BAC","Financials","Bank of America Corporation",22.2713050842285
2020-08-31,"COP","Energy","ConocoPhillips",30.7925300598145
2020-08-31,"CVX","Energy","Chevron Corporation",65.6289672851562
2020-08-31,"HD","Consumer","The Home Depot, Inc.",246.165145874023
2020-08-31,"JPM","Financials","JPMorgan Chase & Co.",85.9645462036133
2020-08-31,"MCD","Consumer","McDonald's Corporation",187.035568237305
2020-08-31,"MSFT","Technology","Microsoft Corporation",214.882965087891
2020-08-31,"NVDA","Technology","NVIDIA Corporation",13.3128309249878
2020-08-31,"WFC","Financials","Wells Fargo & Company",21.1989479064941
2020-08-31,"XOM","Energy","Exxon Mobil Corporation",31.4498405456543
2020-09-01,"AAPL","Technology","Apple Inc.",130.151062011719
2020-09-01,"AMZN","Consumer","Amazon.com, Inc.",174.955993652344
2020-09-01,"BAC","Financials","Bank of America Corporation",22.2453460693359
2020-09-01,"COP","Energy","ConocoPhillips",30.1992740631104
2020-09-01,"CVX","Energy","Chevron Corporation",64.9642868041992
2020-09-01,"HD","Consumer","The Home Depot, Inc.",246.942306518555
2020-09-01,"JPM","Financials","JPMorgan Chase & Co.",85.921630859375
2020-09-01,"MCD","Consumer","McDonald's Corporation",186.308502197266
2020-09-01,"MSFT","Technology","Microsoft Corporation",216.54084777832
2020-09-01,"NVDA","Technology","NVIDIA Corporation",13.7613859176636
2020-09-01,"WFC","Financials","Wells Fargo & Company",21.1111736297607
2020-09-01,"XOM","Energy","Exxon Mobil Corporation",31.0482540130615
2020-09-02,"AAPL","Technology","Apple Inc.",127.454528808594
2020-09-02,"AMZN","Consumer","Amazon.com, Inc.",176.572494506836
2020-09-02,"BAC","Financials","Bank of America Corporation",22.5135707855225
2020-09-02,"COP","Energy","ConocoPhillips",29.5653877258301
2020-09-02,"CVX","Energy","Chevron Corporation",65.0503082275391
2020-09-02,"HD","Consumer","The Home Depot, Inc.",249.338500976562
2020-09-02,"JPM","Financials","JPMorgan Chase & Co.",87.2172470092773
2020-09-02,"MCD","Consumer","McDonald's Corporation",189.409439086914
2020-09-02,"MSFT","Technology","Microsoft Corporation",220.714080810547
2020-09-02,"NVDA","Technology","NVIDIA Corporation",14.2846202850342
2020-09-02,"WFC","Financials","Wells Fargo & Company",21.5676250457764
2020-09-02,"XOM","Energy","Exxon Mobil Corporation",30.8592700958252
2020-09-03,"AAPL","Technology","Apple Inc.",117.250427246094
2020-09-03,"AMZN","Consumer","Amazon.com, Inc.",168.399993896484
2020-09-03,"BAC","Financials","Bank of America Corporation",22.3567447662354
2020-09-03,"COP","Energy","ConocoPhillips",29.2484340667725
2020-09-03,"CVX","Energy","Chevron Corporation",64.338737487793
2020-09-03,"HD","Consumer","The Home Depot, Inc.",238.425598144531
2020-09-03,"JPM","Financials","JPMorgan Chase & Co.",86.9426803588867
2020-09-03,"MCD","Consumer","McDonald's Corporation",187.280822753906
2020-09-03,"MSFT","Technology","Microsoft Corporation",207.04150390625
2020-09-03,"NVDA","Technology","NVIDIA Corporation",12.9593629837036
2020-09-03,"WFC","Financials","Wells Fargo & Company",21.5237369537354
2020-09-03,"XOM","Energy","Exxon Mobil Corporation",30.7962684631348
2020-09-04,"AAPL","Technology","Apple Inc.",117.327995300293
2020-09-04,"AMZN","Consumer","Amazon.com, Inc.",164.731002807617
2020-09-04,"BAC","Financials","Bank of America Corporation",23.1234569549561
2020-09-04,"COP","Energy","ConocoPhillips",29.1427917480469
2020-09-04,"CVX","Energy","Chevron Corporation",64.065055847168
2020-09-04,"HD","Consumer","The Home Depot, Inc.",234.110824584961
2020-09-04,"JPM","Financials","JPMorgan Chase & Co.",88.8217315673828
2020-09-04,"MCD","Consumer","McDonald's Corporation",185.467590332031
2020-09-04,"MSFT","Technology","Microsoft Corporation",204.135498046875
2020-09-04,"NVDA","Technology","NVIDIA Corporation",12.5680551528931
2020-09-04,"WFC","Financials","Wells Fargo & Company",21.7607460021973
2020-09-04,"XOM","Energy","Exxon Mobil Corporation",30.7726612091064
2020-09-08,"AAPL","Technology","Apple Inc.",109.432426452637
2020-09-08,"AMZN","Consumer","Amazon.com, Inc.",157.492004394531
2020-09-08,"BAC","Financials","Bank of America Corporation",22.1999111175537
2020-09-08,"COP","Energy","ConocoPhillips",27.6799640655518
2020-09-08,"CVX","Energy","Chevron Corporation",61.7504768371582
2020-09-08,"HD","Consumer","The Home Depot, Inc.",233.763549804688
2020-09-08,"JPM","Financials","JPMorgan Chase & Co.",85.7328872680664
2020-09-08,"MCD","Consumer","McDonald's Corporation",187.088119506836
2020-09-08,"MSFT","Technology","Microsoft Corporation",193.092712402344
2020-09-08,"NVDA","Technology","NVIDIA Corporation",11.8616151809692
2020-09-08,"WFC","Financials","Wells Fargo & Company",21.0409469604492
2020-09-08,"XOM","Energy","Exxon Mobil Corporation",30.0639667510986
2020-09-09,"AAPL","Technology","Apple Inc.",113.797302246094
2020-09-09,"AMZN","Consumer","Amazon.com, Inc.",163.43049621582
2020-09-09,"BAC","Financials","Bank of America Corporation",22.2260570526123
2020-09-09,"COP","Energy","ConocoPhillips",28.0050258636475
2020-09-09,"CVX","Energy","Chevron Corporation",62.579345703125
2020-09-09,"HD","Consumer","The Home Depot, Inc.",240.517944335938
2020-09-09,"JPM","Financials","JPMorgan Chase & Co.",86.5479888916016
2020-09-09,"MCD","Consumer","McDonald's Corporation",188.95393371582
2020-09-09,"MSFT","Technology","Microsoft Corporation",201.315216064453
2020-09-09,"NVDA","Technology","NVIDIA Corporation",12.66015625
2020-09-09,"WFC","Financials","Wells Fargo & Company",20.9268341064453
2020-09-09,"XOM","Energy","Exxon Mobil Corporation",29.8828582763672
2020-09-10,"AAPL","Technology","Apple Inc.",110.082321166992
2020-09-10,"AMZN","Consumer","Amazon.com, Inc.",158.755493164062
2020-09-10,"BAC","Financials","Bank of America Corporation",21.9036808013916
2020-09-10,"COP","Energy","ConocoPhillips",26.7534999847412
2020-09-10,"CVX","Energy","Chevron Corporation",61.109302520752
2020-09-10,"HD","Consumer","The Home Depot, Inc.",236.75
2020-09-10,"JPM","Financials","JPMorgan Chase & Co.",85.655647277832
2020-09-10,"MCD","Consumer","McDonald's Corporation",190.294143676758
2020-09-10,"MSFT","Technology","Microsoft Corporation",195.674728393555
2020-09-10,"NVDA","Technology","NVIDIA Corporation",12.2586469650269
2020-09-10,"WFC","Financials","Wells Fargo & Company",21.0233879089355
2020-09-10,"XOM","Energy","Exxon Mobil Corporation",29.134801864624
2020-09-11,"AAPL","Technology","Apple Inc.",108.637031555176
2020-09-11,"AMZN","Consumer","Amazon.com, Inc.",155.811004638672
2020-09-11,"BAC","Financials","Bank of America Corporation",22.2173385620117
2020-09-11,"COP","Energy","ConocoPhillips",26.9079093933105
2020-09-11,"CVX","Energy","Chevron Corporation",60.7495918273926
2020-09-11,"HD","Consumer","The Home Depot, Inc.",239.901458740234
2020-09-11,"JPM","Financials","JPMorgan Chase & Co.",86.7195892333984
2020-09-11,"MCD","Consumer","McDonald's Corporation",190.959899902344
2020-09-11,"MSFT","Technology","Microsoft Corporation",194.397994995117
2020-09-11,"NVDA","Technology","NVIDIA Corporation",12.1120338439941
2020-09-11,"WFC","Financials","Wells Fargo & Company",21.3042945861816
2020-09-11,"XOM","Energy","Exxon Mobil Corporation",29.0560493469238
2020-09-14,"AAPL","Technology","Apple Inc.",111.896148681641
2020-09-14,"AMZN","Consumer","Amazon.com, Inc.",155.148498535156
2020-09-14,"BAC","Financials","Bank of America Corporation",22.4351596832275
2020-09-14,"COP","Energy","ConocoPhillips",27.2411098480225
2020-09-14,"CVX","Energy","Chevron Corporation",60.4368057250977
2020-09-14,"HD","Consumer","The Home Depot, Inc.",243.651962280273
2020-09-14,"JPM","Financials","JPMorgan Chase & Co.",87.9208221435547
2020-09-14,"MCD","Consumer","McDonald's Corporation",193.202407836914
2020-09-14,"MSFT","Technology","Microsoft Corporation",195.712814331055
2020-09-14,"NVDA","Technology","NVIDIA Corporation",12.8167285919189
2020-09-14,"WFC","Financials","Wells Fargo & Company",21.7783012390137
2020-09-14,"XOM","Energy","Exxon Mobil Corporation",28.8670749664307
2020-09-15,"AAPL","Technology","Apple Inc.",112.070762634277
2020-09-15,"AMZN","Consumer","Amazon.com, Inc.",157.806503295898
2020-09-15,"BAC","Financials","Bank of America Corporation",22.0256576538086
2020-09-15,"COP","Energy","ConocoPhillips",27.4686622619629
2020-09-15,"CVX","Energy","Chevron Corporation",59.7017822265625
2020-09-15,"HD","Consumer","The Home Depot, Inc.",247.932022094727
2020-09-15,"JPM","Financials","JPMorgan Chase & Co.",85.1837615966797
2020-09-15,"MCD","Consumer","McDonald's Corporation",194.787841796875
2020-09-15,"MSFT","Technology","Microsoft Corporation",198.923706054688
2020-09-15,"NVDA","Technology","NVIDIA Corporation",12.9349660873413
2020-09-15,"WFC","Financials","Wells Fargo & Company",21.8397464752197
2020-09-15,"XOM","Energy","Exxon Mobil Corporation",28.559986114502
2020-09-16,"AAPL","Technology","Apple Inc.",108.763145446777
2020-09-16,"AMZN","Consumer","Amazon.com, Inc.",153.904998779297
2020-09-16,"BAC","Financials","Bank of America Corporation",22.3044624328613
2020-09-16,"COP","Energy","ConocoPhillips",28.5088920593262
2020-09-16,"CVX","Energy","Chevron Corporation",61.4298934936523
2020-09-16,"HD","Consumer","The Home Depot, Inc.",244.502807617188
2020-09-16,"JPM","Financials","JPMorgan Chase & Co.",85.5441131591797
2020-09-16,"MCD","Consumer","McDonald's Corporation",196.925231933594
2020-09-16,"MSFT","Technology","Microsoft Corporation",195.369842529297
2020-09-16,"NVDA","Technology","NVIDIA Corporation",12.4605207443237
2020-09-16,"WFC","Financials","Wells Fargo & Company",22.5683250427246
2020-09-16,"XOM","Energy","Exxon Mobil Corporation",29.7726173400879
2020-09-17,"AAPL","Technology","Apple Inc.",107.026901245117
2020-09-17,"AMZN","Consumer","Amazon.com, Inc.",150.436492919922
2020-09-17,"BAC","Financials","Bank of America Corporation",22.0866470336914
2020-09-17,"COP","Energy","ConocoPhillips",29.3297004699707
2020-09-17,"CVX","Energy","Chevron Corporation",61.609733581543
2020-09-17,"HD","Consumer","The Home Depot, Inc.",243.052963256836
2020-09-17,"JPM","Financials","JPMorgan Chase & Co.",84.5659790039062
2020-09-17,"MCD","Consumer","McDonald's Corporation",194.971771240234
2020-09-17,"MSFT","Technology","Microsoft Corporation",193.330856323242
2020-09-17,"NVDA","Technology","NVIDIA Corporation",12.409740447998
2020-09-17,"WFC","Financials","Wells Fargo & Company",22.0416431427002
2020-09-17,"XOM","Energy","Exxon Mobil Corporation",29.764741897583
2020-09-18,"AAPL","Technology","Apple Inc.",103.631973266602
2020-09-18,"AMZN","Consumer","Amazon.com, Inc.",147.745498657227
2020-09-18,"BAC","Financials","Bank of America Corporation",21.9646701812744
2020-09-18,"COP","Energy","ConocoPhillips",29.150915145874
2020-09-18,"CVX","Energy","Chevron Corporation",61.156192779541
2020-09-18,"HD","Consumer","The Home Depot, Inc.",238.911819458008
2020-09-18,"JPM","Financials","JPMorgan Chase & Co.",84.3857879638672
2020-09-18,"MCD","Consumer","McDonald's Corporation",192.948318481445
2020-09-18,"MSFT","Technology","Microsoft Corporation",190.929870605469
2020-09-18,"NVDA","Technology","NVIDIA Corporation",12.1366720199585
2020-09-18,"WFC","Financials","Wells Fargo & Company",22.0591983795166
2020-09-18,"XOM","Energy","Exxon Mobil Corporation",29.2844181060791
2020-09-21,"AAPL","Technology","Apple Inc.",106.774711608887
2020-09-21,"AMZN","Consumer","Amazon.com, Inc.",148.023498535156
2020-09-21,"BAC","Financials","Bank of America Corporation",21.3199291229248
2020-09-21,"COP","Energy","ConocoPhillips",27.9237575531006
2020-09-21,"CVX","Energy","Chevron Corporation",59.6626739501953
2020-09-21,"HD","Consumer","The Home Depot, Inc.",236.44612121582
2020-09-21,"JPM","Financials","JPMorgan Chase & Co.",81.7774276733398
2020-09-21,"MCD","Consumer","McDonald's Corporation",189.567108154297
2020-09-21,"MSFT","Technology","Microsoft Corporation",192.978317260742
2020-09-21,"NVDA","Technology","NVIDIA Corporation",12.4632616043091
2020-09-21,"WFC","Financials","Wells Fargo & Company",21.1023941040039
2020-09-21,"XOM","Energy","Exxon Mobil Corporation",28.6859703063965
2020-09-22,"AAPL","Technology","Apple Inc.",108.452743530273
2020-09-22,"AMZN","Consumer","Amazon.com, Inc.",156.449493408203
2020-09-22,"BAC","Financials","Bank of America Corporation",20.8581581115723
2020-09-22,"COP","Energy","ConocoPhillips",27.8749961853027
2020-09-22,"CVX","Energy","Chevron Corporation",59.0605850219727
2020-09-22,"HD","Consumer","The Home Depot, Inc.",237.27961730957
2020-09-22,"JPM","Financials","JPMorgan Chase & Co.",80.8850784301758
2020-09-22,"MCD","Consumer","McDonald's Corporation",189.567108154297
2020-09-22,"MSFT","Technology","Microsoft Corporation",197.627975463867
2020-09-22,"NVDA","Technology","NVIDIA Corporation",12.5832395553589
2020-09-22,"WFC","Financials","Wells Fargo & Company",20.7600479125977
2020-09-22,"XOM","Energy","Exxon Mobil Corporation",27.9772777557373
2020-09-23,"AAPL","Technology","Apple Inc.",103.903587341309
2020-09-23,"AMZN","Consumer","Amazon.com, Inc.",149.99299621582
2020-09-23,"BAC","Financials","Bank of America Corporation",20.2656993865967
2020-09-23,"COP","Energy","ConocoPhillips",26.7534999847412
2020-09-23,"CVX","Energy","Chevron Corporation",56.2611846923828
2020-09-23,"HD","Consumer","The Home Depot, Inc.",231.410797119141
2020-09-23,"JPM","Financials","JPMorgan Chase & Co.",79.5723114013672
2020-09-23,"MCD","Consumer","McDonald's Corporation",188.305694580078
2020-09-23,"MSFT","Technology","Microsoft Corporation",191.120361328125
2020-09-23,"NVDA","Technology","NVIDIA Corporation",12.0714569091797
2020-09-23,"WFC","Financials","Wells Fargo & Company",20.0402507781982
2020-09-23,"XOM","Energy","Exxon Mobil Corporation",27.0796184539795
2020-09-24,"AAPL","Technology","Apple Inc.",104.97053527832
2020-09-24,"AMZN","Consumer","Amazon.com, Inc.",150.989501953125
2020-09-24,"BAC","Financials","Bank of America Corporation",20.3353996276855
2020-09-24,"COP","Energy","ConocoPhillips",27.3061256408691
2020-09-24,"CVX","Energy","Chevron Corporation",56.143913269043
2020-09-24,"HD","Consumer","The Home Depot, Inc.",230.6728515625
2020-09-24,"JPM","Financials","JPMorgan Chase & Co.",79.5036926269531
2020-09-24,"MCD","Consumer","McDonald's Corporation",189.313049316406
2020-09-24,"MSFT","Technology","Microsoft Corporation",193.597625732422
2020-09-24,"NVDA","Technology","NVIDIA Corporation",12.2947397232056
2020-09-24,"WFC","Financials","Wells Fargo & Company",20.4703769683838
2020-09-24,"XOM","Energy","Exxon Mobil Corporation",27.0244998931885
2020-09-25,"AAPL","Technology","Apple Inc.",108.908645629883
2020-09-25,"AMZN","Consumer","Amazon.com, Inc.",154.756500244141
2020-09-25,"BAC","Financials","Bank of America Corporation",20.4660911560059
2020-09-25,"COP","Energy","ConocoPhillips",27.3873977661133
2020-09-25,"CVX","Energy","Chevron Corporation",56.1673812866211
2020-09-25,"HD","Consumer","The Home Depot, Inc.",233.147125244141
2020-09-25,"JPM","Financials","JPMorgan Chase & Co.",80.1986846923828
2020-09-25,"MCD","Consumer","McDonald's Corporation",191.117553710938
2020-09-25,"MSFT","Technology","Microsoft Corporation",198.009063720703
2020-09-25,"NVDA","Technology","NVIDIA Corporation",12.8182201385498
2020-09-25,"WFC","Financials","Wells Fargo & Company",20.7512722015381
2020-09-25,"XOM","Energy","Exxon Mobil Corporation",27.2764720916748
2020-09-28,"AAPL","Technology","Apple Inc.",111.508155822754
2020-09-28,"AMZN","Consumer","Amazon.com, Inc.",158.702499389648
2020-09-28,"BAC","Financials","Bank of America Corporation",20.9888496398926
2020-09-28,"COP","Energy","ConocoPhillips",27.3955154418945
2020-09-28,"CVX","Energy","Chevron Corporation",57.8094673156738
2020-09-28,"HD","Consumer","The Home Depot, Inc.",236.428817749023
2020-09-28,"JPM","Financials","JPMorgan Chase & Co.",82.5067596435547
2020-09-28,"MCD","Consumer","McDonald's Corporation",192.939575195312
2020-09-28,"MSFT","Technology","Microsoft Corporation",199.552581787109
2020-09-28,"NVDA","Technology","NVIDIA Corporation",12.978777885437
2020-09-28,"WFC","Financials","Wells Fargo & Company",20.9092788696289
2020-09-28,"XOM","Energy","Exxon Mobil Corporation",27.8040561676025
2020-09-29,"AAPL","Technology","Apple Inc.",110.66429901123
2020-09-29,"AMZN","Consumer","Amazon.com, Inc.",157.244003295898
2020-09-29,"BAC","Financials","Bank of America Corporation",20.7100467681885
2020-09-29,"COP","Energy","ConocoPhillips",26.3796653747559
2020-09-29,"CVX","Energy","Chevron Corporation",56.222110748291
2020-09-29,"HD","Consumer","The Home Depot, Inc.",236.237823486328
2020-09-29,"JPM","Financials","JPMorgan Chase & Co.",81.8117446899414
2020-09-29,"MCD","Consumer","McDonald's Corporation",191.555465698242
2020-09-29,"MSFT","Technology","Microsoft Corporation",197.475463867188
2020-09-29,"NVDA","Technology","NVIDIA Corporation",13.1687049865723
2020-09-29,"WFC","Financials","Wells Fargo & Company",20.4177074432373
2020-09-29,"XOM","Energy","Exxon Mobil Corporation",26.9930019378662
2020-09-30,"AAPL","Technology","Apple Inc.",112.332641601562
2020-09-30,"AMZN","Consumer","Amazon.com, Inc.",157.436492919922
2020-09-30,"BAC","Financials","Bank of America Corporation",20.9888496398926
2020-09-30,"COP","Energy","ConocoPhillips",26.6884860992432
2020-09-30,"CVX","Energy","Chevron Corporation",56.3003044128418
2020-09-30,"HD","Consumer","The Home Depot, Inc.",241.099517822266
2020-09-30,"JPM","Financials","JPMorgan Chase & Co.",82.6011123657227
2020-09-30,"MCD","Consumer","McDonald's Corporation",192.265075683594
2020-09-30,"MSFT","Technology","Microsoft Corporation",200.400604248047
2020-09-30,"NVDA","Technology","NVIDIA Corporation",13.4721393585205
2020-09-30,"WFC","Financials","Wells Fargo & Company",20.6371555328369
2020-09-30,"XOM","Energy","Exxon Mobil Corporation",27.0323715209961
2020-10-01,"AAPL","Technology","Apple Inc.",113.283233642578
2020-10-01,"AMZN","Consumer","Amazon.com, Inc.",161.063003540039
2020-10-01,"BAC","Financials","Bank of America Corporation",20.9975643157959
2020-10-01,"COP","Energy","ConocoPhillips",26.3552894592285
2020-10-01,"CVX","Energy","Chevron Corporation",55.0648307800293
2020-10-01,"HD","Consumer","The Home Depot, Inc.",241.021423339844
2020-10-01,"JPM","Financials","JPMorgan Chase & Co.",83.2017364501953
2020-10-01,"MCD","Consumer","McDonald's Corporation",192.352645874023
2020-10-01,"MSFT","Technology","Microsoft Corporation",202.429992675781
2020-10-01,"NVDA","Technology","NVIDIA Corporation",13.5557746887207
2020-10-01,"WFC","Financials","Wells Fargo & Company",20.6810474395752
2020-10-01,"XOM","Energy","Exxon Mobil Corporation",26.0874652862549
2020-10-02,"AAPL","Technology","Apple Inc.",109.626419067383
2020-10-02,"AMZN","Consumer","Amazon.com, Inc.",156.25
2020-10-02,"BAC","Financials","Bank of America Corporation",21.0934009552002
2020-10-02,"COP","Energy","ConocoPhillips",26.8754005432129
2020-10-02,"CVX","Energy","Chevron Corporation",55.6669273376465
2020-10-02,"HD","Consumer","The Home Depot, Inc.",242.488662719727
2020-10-02,"JPM","Financials","JPMorgan Chase & Co.",83.991096496582
2020-10-02,"MCD","Consumer","McDonald's Corporation",195.050643920898
2020-10-02,"MSFT","Technology","Microsoft Corporation",196.456024169922
2020-10-02,"NVDA","Technology","NVIDIA Corporation",13.0059089660645
2020-10-02,"WFC","Financials","Wells Fargo & Company",21.0585041046143
2020-10-02,"XOM","Energy","Exxon Mobil Corporation",25.9693412780762
2020-10-05,"AAPL","Technology","Apple Inc.",113.001953125
2020-10-05,"AMZN","Consumer","Amazon.com, Inc.",159.960006713867
2020-10-05,"BAC","Financials","Bank of America Corporation",21.4506225585938
2020-10-05,"COP","Energy","ConocoPhillips",27.8587474822998
2020-10-05,"CVX","Energy","Chevron Corporation",56.8476638793945
2020-10-05,"HD","Consumer","The Home Depot, Inc.",244.910842895508
2020-10-05,"JPM","Financials","JPMorgan Chase & Co.",85.7663803100586
2020-10-05,"MCD","Consumer","McDonald's Corporation",198.028915405273
2020-10-05,"MSFT","Technology","Microsoft Corporation",200.448226928711
2020-10-05,"NVDA","Technology","NVIDIA Corporation",13.5836553573608
2020-10-05,"WFC","Financials","Wells Fargo & Company",21.4622974395752
2020-10-05,"XOM","Energy","Exxon Mobil Corporation",26.5677947998047
2020-10-06,"AAPL","Technology","Apple Inc.",109.762214660645
2020-10-06,"AMZN","Consumer","Amazon.com, Inc.",154.998001098633
2020-10-06,"BAC","Financials","Bank of America Corporation",21.2328052520752
2020-10-06,"COP","Energy","ConocoPhillips",27.0623207092285
2020-10-06,"CVX","Energy","Chevron Corporation",56.5348930358887
2020-10-06,"HD","Consumer","The Home Depot, Inc.",240.023040771484
2020-10-06,"JPM","Financials","JPMorgan Chase & Co.",84.8830642700195
2020-10-06,"MCD","Consumer","McDonald's Corporation",196.294494628906
2020-10-06,"MSFT","Technology","Microsoft Corporation",196.189239501953
2020-10-06,"NVDA","Technology","NVIDIA Corporation",13.6772518157959
2020-10-06,"WFC","Financials","Wells Fargo & Company",21.225284576416
2020-10-06,"XOM","Energy","Exxon Mobil Corporation",26.2921924591064
2020-10-07,"AAPL","Technology","Apple Inc.",111.624572753906
2020-10-07,"AMZN","Consumer","Amazon.com, Inc.",159.78450012207
2020-10-07,"BAC","Financials","Bank of America Corporation",21.677152633667
2020-10-07,"COP","Energy","ConocoPhillips",27.8993816375732
2020-10-07,"CVX","Energy","Chevron Corporation",57.6921768188477
2020-10-07,"HD","Consumer","The Home Depot, Inc.",245.509857177734
2020-10-07,"JPM","Financials","JPMorgan Chase & Co.",86.363883972168
2020-10-07,"MCD","Consumer","McDonald's Corporation",198.388061523438
2020-10-07,"MSFT","Technology","Microsoft Corporation",199.924209594727
2020-10-07,"NVDA","Technology","NVIDIA Corporation",13.9037704467773
2020-10-07,"WFC","Financials","Wells Fargo & Company",21.7783012390137
2020-10-07,"XOM","Energy","Exxon Mobil Corporation",26.3788108825684
2020-10-08,"AAPL","Technology","Apple Inc.",111.517860412598
2020-10-08,"AMZN","Consumer","Amazon.com, Inc.",159.527496337891
2020-10-08,"BAC","Financials","Bank of America Corporation",21.9908103942871
2020-10-08,"COP","Energy","ConocoPhillips",28.8745994567871
2020-10-08,"CVX","Energy","Chevron Corporation",58.8181762695312
2020-10-08,"HD","Consumer","The Home Depot, Inc.",247.011779785156
2020-10-08,"JPM","Financials","JPMorgan Chase & Co.",88.1391448974609
2020-10-08,"MCD","Consumer","McDonald's Corporation",197.792419433594
2020-10-08,"MSFT","Technology","Microsoft Corporation",200.638778686523
2020-10-08,"NVDA","Technology","NVIDIA Corporation",13.7790575027466
2020-10-08,"WFC","Financials","Wells Fargo & Company",22.2084217071533
2020-10-08,"XOM","Energy","Exxon Mobil Corporation",27.7646808624268
2020-10-09,"AAPL","Technology","Apple Inc.",113.457809448242
2020-10-09,"AMZN","Consumer","Amazon.com, Inc.",164.332504272461
2020-10-09,"BAC","Financials","Bank of America Corporation",22.0953578948975
2020-10-09,"COP","Energy","ConocoPhillips",28.5495262145996
2020-10-09,"CVX","Energy","Chevron Corporation",57.8641967773438
2020-10-09,"HD","Consumer","The Home Depot, Inc.",248.227279663086
2020-10-09,"JPM","Financials","JPMorgan Chase & Co.",87.6368789672852
2020-10-09,"MCD","Consumer","McDonald's Corporation",196.942733764648
2020-10-09,"MSFT","Technology","Microsoft Corporation",205.621871948242
2020-10-09,"NVDA","Technology","NVIDIA Corporation",13.7033920288086
2020-10-09,"WFC","Financials","Wells Fargo & Company",22.2084217071533
2020-10-09,"XOM","Energy","Exxon Mobil Corporation",27.3552131652832
2020-10-12,"AAPL","Technology","Apple Inc.",120.664710998535
2020-10-12,"AMZN","Consumer","Amazon.com, Inc.",172.146499633789
2020-10-12,"BAC","Financials","Bank of America Corporation",22.3741664886475
2020-10-12,"COP","Energy","ConocoPhillips",28.923360824585
2020-10-12,"CVX","Energy","Chevron Corporation",58.2630081176758
2020-10-12,"HD","Consumer","The Home Depot, Inc.",249.086761474609
2020-10-12,"JPM","Financials","JPMorgan Chase & Co.",88.7106857299805
2020-10-12,"MCD","Consumer","McDonald's Corporation",198.06396484375
2020-10-12,"MSFT","Technology","Microsoft Corporation",210.94792175293
2020-10-12,"NVDA","Technology","NVIDIA Corporation",14.1646394729614
2020-10-12,"WFC","Financials","Wells Fargo & Company",22.5419940948486
2020-10-12,"XOM","Energy","Exxon Mobil Corporation",27.2686004638672
2020-10-13,"AAPL","Technology","Apple Inc.",117.463790893555
2020-10-13,"AMZN","Consumer","Amazon.com, Inc.",172.181503295898
2020-10-13,"BAC","Financials","Bank of America Corporation",21.7381381988525
2020-10-13,"COP","Energy","ConocoPhillips",28.3463535308838
2020-10-13,"CVX","Energy","Chevron Corporation",57.39501953125
2020-10-13,"HD","Consumer","The Home Depot, Inc.",252.081954956055
2020-10-13,"JPM","Financials","JPMorgan Chase & Co.",87.2731628417969
2020-10-13,"MCD","Consumer","McDonald's Corporation",199.150146484375
2020-10-13,"MSFT","Technology","Microsoft Corporation",212.339050292969
2020-10-13,"NVDA","Technology","NVIDIA Corporation",14.1867923736572
2020-10-13,"WFC","Financials","Wells Fargo & Company",21.7168560028076
2020-10-13,"XOM","Energy","Exxon Mobil Corporation",26.9457569122314
2020-10-14,"AAPL","Technology","Apple Inc.",117.551109313965
2020-10-14,"AMZN","Consumer","Amazon.com, Inc.",168.185501098633
2020-10-14,"BAC","Financials","Bank of America Corporation",20.5793533325195
2020-10-14,"COP","Energy","ConocoPhillips",28.0619163513184
2020-10-14,"CVX","Energy","Chevron Corporation",57.043155670166
2020-10-14,"HD","Consumer","The Home Depot, Inc.",249.243026733398
2020-10-14,"JPM","Financials","JPMorgan Chase & Co.",86.7882232666016
2020-10-14,"MCD","Consumer","McDonald's Corporation",199.386657714844
2020-10-14,"MSFT","Technology","Microsoft Corporation",210.43342590332
2020-10-14,"NVDA","Technology","NVIDIA Corporation",14.0344543457031
2020-10-14,"WFC","Financials","Wells Fargo & Company",20.4089317321777
2020-10-14,"XOM","Energy","Exxon Mobil Corporation",26.8906383514404
2020-10-15,"AAPL","Technology","Apple Inc.",117.085510253906
2020-10-15,"AMZN","Consumer","Amazon.com, Inc.",166.932495117188
2020-10-15,"BAC","Financials","Bank of America Corporation",21.0411262512207
2020-10-15,"COP","Energy","ConocoPhillips",28.7689533233643
2020-10-15,"CVX","Energy","Chevron Corporation",57.4810371398926
2020-10-15,"HD","Consumer","The Home Depot, Inc.",249.633651733398
2020-10-15,"JPM","Financials","JPMorgan Chase & Co.",88.0871963500977
2020-10-15,"MCD","Consumer","McDonald's Corporation",201.156097412109
2020-10-15,"MSFT","Technology","Microsoft Corporation",209.290115356445
2020-10-15,"NVDA","Technology","NVIDIA Corporation",13.9097452163696
2020-10-15,"WFC","Financials","Wells Fargo & Company",20.1455860137939
2020-10-15,"XOM","Energy","Exxon Mobil Corporation",27.126859664917
2020-10-16,"AAPL","Technology","Apple Inc.",115.446266174316
2020-10-16,"AMZN","Consumer","Amazon.com, Inc.",163.635498046875
2020-10-16,"BAC","Financials","Bank of America Corporation",21.1195430755615
2020-10-16,"COP","Energy","ConocoPhillips",27.7817401885986
2020-10-16,"CVX","Energy","Chevron Corporation",56.9962387084961
2020-10-16,"HD","Consumer","The Home Depot, Inc.",249.737899780273
2020-10-16,"JPM","Financials","JPMorgan Chase & Co.",87.9053192138672
2020-10-16,"MCD","Consumer","McDonald's Corporation",200.919555664062
2020-10-16,"MSFT","Technology","Microsoft Corporation",209.290115356445
2020-10-16,"NVDA","Technology","NVIDIA Corporation",13.7519264221191
2020-10-16,"WFC","Financials","Wells Fargo & Company",20.0665855407715
2020-10-16,"XOM","Energy","Exxon Mobil Corporation",26.8512725830078
2020-10-19,"AAPL","Technology","Apple Inc.",112.497543334961
2020-10-19,"AMZN","Consumer","Amazon.com, Inc.",160.360504150391
2020-10-19,"BAC","Financials","Bank of America Corporation",20.6664810180664
2020-10-19,"COP","Energy","ConocoPhillips",26.9014835357666
2020-10-19,"CVX","Energy","Chevron Corporation",55.7372932434082
2020-10-19,"HD","Consumer","The Home Depot, Inc.",246.325958251953
2020-10-19,"JPM","Financials","JPMorgan Chase & Co.",86.4244995117188
2020-10-19,"MCD","Consumer","McDonald's Corporation",197.967575073242
2020-10-19,"MSFT","Technology","Microsoft Corporation",204.106918334961
2020-10-19,"NVDA","Technology","NVIDIA Corporation",13.4395303726196
2020-10-19,"WFC","Financials","Wells Fargo & Company",19.7856864929199
2020-10-19,"XOM","Energy","Exxon Mobil Corporation",26.3158130645752
2020-10-20,"AAPL","Technology","Apple Inc.",113.98161315918
2020-10-20,"AMZN","Consumer","Amazon.com, Inc.",160.850494384766
2020-10-20,"BAC","Financials","Bank of America Corporation",21.032413482666
2020-10-20,"COP","Energy","ConocoPhillips",26.8027572631836
2020-10-20,"CVX","Energy","Chevron Corporation",56.0500869750977
2020-10-20,"HD","Consumer","The Home Depot, Inc.",248.331390380859
2020-10-20,"JPM","Financials","JPMorgan Chase & Co.",86.9181137084961
2020-10-20,"MCD","Consumer","McDonald's Corporation",199.237686157227
2020-10-20,"MSFT","Technology","Microsoft Corporation",204.516632080078
2020-10-20,"NVDA","Technology","NVIDIA Corporation",13.5866451263428
2020-10-20,"WFC","Financials","Wells Fargo & Company",20.0226936340332
2020-10-20,"XOM","Energy","Exxon Mobil Corporation",26.5362949371338
2020-10-21,"AAPL","Technology","Apple Inc.",113.360832214355
2020-10-21,"AMZN","Consumer","Amazon.com, Inc.",159.246994018555
2020-10-21,"BAC","Financials","Bank of America Corporation",20.9539966583252
2020-10-21,"COP","Energy","ConocoPhillips",25.2067680358887
2020-10-21,"CVX","Energy","Chevron Corporation",55.4167022705078
2020-10-21,"HD","Consumer","The Home Depot, Inc.",247.003158569336
2020-10-21,"JPM","Financials","JPMorgan Chase & Co.",86.0521545410156
2020-10-21,"MCD","Consumer","McDonald's Corporation",199.885940551758
2020-10-21,"MSFT","Technology","Microsoft Corporation",204.659545898438
2020-10-21,"NVDA","Technology","NVIDIA Corporation",13.4664125442505
2020-10-21,"WFC","Financials","Wells Fargo & Company",19.9261417388916
2020-10-21,"XOM","Energy","Exxon Mobil Corporation",26.111083984375
2020-10-22,"AAPL","Technology","Apple Inc.",112.274444580078
2020-10-22,"AMZN","Consumer","Amazon.com, Inc.",158.820007324219
2020-10-22,"BAC","Financials","Bank of America Corporation",21.6684341430664
2020-10-22,"COP","Energy","ConocoPhillips",26.2515640258789
2020-10-22,"CVX","Energy","Chevron Corporation",57.39501953125
2020-10-22,"HD","Consumer","The Home Depot, Inc.",244.094757080078
2020-10-22,"JPM","Financials","JPMorgan Chase & Co.",89.0916976928711
2020-10-22,"MCD","Consumer","McDonald's Corporation",200.72688293457
2020-10-22,"MSFT","Technology","Microsoft Corporation",204.745300292969
2020-10-22,"NVDA","Technology","NVIDIA Corporation",13.3033714294434
2020-10-22,"WFC","Financials","Wells Fargo & Company",20.4089317321777
2020-10-22,"XOM","Energy","Exxon Mobil Corporation",27.4497108459473
2020-10-23,"AAPL","Technology","Apple Inc.",111.585762023926
2020-10-23,"AMZN","Consumer","Amazon.com, Inc.",160.220001220703
2020-10-23,"BAC","Financials","Bank of America Corporation",21.6945762634277
2020-10-23,"COP","Energy","ConocoPhillips",26.7698497772217
2020-10-23,"CVX","Energy","Chevron Corporation",56.7460060119629
2020-10-23,"HD","Consumer","The Home Depot, Inc.",245.692169189453
2020-10-23,"JPM","Financials","JPMorgan Chase & Co.",89.8970565795898
2020-10-23,"MCD","Consumer","McDonald's Corporation",200.341445922852
2020-10-23,"MSFT","Technology","Microsoft Corporation",206.022018432617
2020-10-23,"NVDA","Technology","NVIDIA Corporation",13.5316333770752
2020-10-23,"WFC","Financials","Wells Fargo & Company",20.4352607727051
2020-10-23,"XOM","Energy","Exxon Mobil Corporation",26.898509979248
2020-10-26,"AAPL","Technology","Apple Inc.",111.595481872559
2020-10-26,"AMZN","Consumer","Amazon.com, Inc.",160.352005004883
2020-10-26,"BAC","Financials","Bank of America Corporation",21.3809204101562
2020-10-26,"COP","Energy","ConocoPhillips",24.9435138702393
2020-10-26,"CVX","Energy","Chevron Corporation",55.4714317321777
2020-10-26,"HD","Consumer","The Home Depot, Inc.",239.649765014648
2020-10-26,"JPM","Financials","JPMorgan Chase & Co.",87.671501159668
2020-10-26,"MCD","Consumer","McDonald's Corporation",196.452209472656
2020-10-26,"MSFT","Technology","Microsoft Corporation",200.162368774414
2020-10-26,"NVDA","Technology","NVIDIA Corporation",13.0845680236816
2020-10-26,"WFC","Financials","Wells Fargo & Company",19.9261417388916
2020-10-26,"XOM","Energy","Exxon Mobil Corporation",26.2606945037842
2020-10-27,"AAPL","Technology","Apple Inc.",113.098945617676
2020-10-27,"AMZN","Consumer","Amazon.com, Inc.",164.316497802734
2020-10-27,"BAC","Financials","Bank of America Corporation",20.7797451019287
2020-10-27,"COP","Energy","ConocoPhillips",24.8941555023193
2020-10-27,"CVX","Energy","Chevron Corporation",54.3532562255859
2020-10-27,"HD","Consumer","The Home Depot, Inc.",240.34423828125
2020-10-27,"JPM","Financials","JPMorgan Chase & Co.",86.0175094604492
2020-10-27,"MCD","Consumer","McDonald's Corporation",195.313415527344
2020-10-27,"MSFT","Technology","Microsoft Corporation",203.182754516602
2020-10-27,"NVDA","Technology","NVIDIA Corporation",13.3389663696289
2020-10-27,"WFC","Financials","Wells Fargo & Company",19.1536674499512
2020-10-27,"XOM","Energy","Exxon Mobil Corporation",25.843355178833
2020-10-28,"AAPL","Technology","Apple Inc.",107.861083984375
2020-10-28,"AMZN","Consumer","Amazon.com, Inc.",158.139007568359
2020-10-28,"BAC","Financials","Bank of America Corporation",20.4486637115479
2020-10-28,"COP","Energy","ConocoPhillips",23.6848163604736
2020-10-28,"CVX","Energy","Chevron Corporation",52.2967185974121
2020-10-28,"HD","Consumer","The Home Depot, Inc.",234.162902832031
2020-10-28,"JPM","Financials","JPMorgan Chase & Co.",83.601432800293
2020-10-28,"MCD","Consumer","McDonald's Corporation",188.060440063477
2020-10-28,"MSFT","Technology","Microsoft Corporation",193.111709594727
2020-10-28,"NVDA","Technology","NVIDIA Corporation",12.5725364685059
2020-10-28,"WFC","Financials","Wells Fargo & Company",18.5918788909912
2020-10-28,"XOM","Energy","Exxon Mobil Corporation",24.8590774536133
2020-10-29,"AAPL","Technology","Apple Inc.",111.857345581055
2020-10-29,"AMZN","Consumer","Amazon.com, Inc.",160.550506591797
2020-10-29,"BAC","Financials","Bank of America Corporation",20.5096549987793
2020-10-29,"COP","Energy","ConocoPhillips",23.9892101287842
2020-10-29,"CVX","Energy","Chevron Corporation",53.7980613708496
2020-10-29,"HD","Consumer","The Home Depot, Inc.",234.084762573242
2020-10-29,"JPM","Financials","JPMorgan Chase & Co.",84.1469955444336
2020-10-29,"MCD","Consumer","McDonald's Corporation",188.288208007812
2020-10-29,"MSFT","Technology","Microsoft Corporation",195.055389404297
2020-10-29,"NVDA","Technology","NVIDIA Corporation",12.9678249359131
2020-10-29,"WFC","Financials","Wells Fargo & Company",18.5567588806152
2020-10-29,"XOM","Energy","Exxon Mobil Corporation",25.9614753723145
2020-10-30,"AAPL","Technology","Apple Inc.",105.591331481934
2020-10-30,"AMZN","Consumer","Amazon.com, Inc.",151.807495117188
2020-10-30,"BAC","Financials","Bank of America Corporation",20.649055480957
2020-10-30,"COP","Energy","ConocoPhillips",23.5449676513672
2020-10-30,"CVX","Energy","Chevron Corporation",54.3454246520996
2020-10-30,"HD","Consumer","The Home Depot, Inc.",231.549667358398
2020-10-30,"JPM","Financials","JPMorgan Chase & Co.",84.900390625
2020-10-30,"MCD","Consumer","McDonald's Corporation",186.580062866211
2020-10-30,"MSFT","Technology","Microsoft Corporation",192.91162109375
2020-10-30,"NVDA","Technology","NVIDIA Corporation",12.4799385070801
2020-10-30,"WFC","Financials","Wells Fargo & Company",18.8288860321045
2020-10-30,"XOM","Energy","Exxon Mobil Corporation",25.6858749389648
2020-11-02,"AAPL","Technology","Apple Inc.",105.504043579102
2020-11-02,"AMZN","Consumer","Amazon.com, Inc.",150.223999023438
2020-11-02,"BAC","Financials","Bank of America Corporation",20.9801368713379
2020-11-02,"COP","Energy","ConocoPhillips",24.8694744110107
2020-11-02,"CVX","Energy","Chevron Corporation",56.4175834655762
2020-11-02,"HD","Consumer","The Home Depot, Inc.",235.048400878906
2020-11-02,"JPM","Financials","JPMorgan Chase & Co.",86.8141860961914
2020-11-02,"MCD","Consumer","McDonald's Corporation",186.194641113281
2020-11-02,"MSFT","Technology","Microsoft Corporation",192.778213500977
2020-11-02,"NVDA","Technology","NVIDIA Corporation",12.5264873504639
2020-11-02,"WFC","Financials","Wells Fargo & Company",19.22389793396
2020-11-02,"XOM","Energy","Exxon Mobil Corporation",26.7646465301514
2020-11-03,"AAPL","Technology","Apple Inc.",107.123901367188
2020-11-03,"AMZN","Consumer","Amazon.com, Inc.",152.420501708984
2020-11-03,"BAC","Financials","Bank of America Corporation",21.5116119384766
2020-11-03,"COP","Energy","ConocoPhillips",24.1126041412354
2020-11-03,"CVX","Energy","Chevron Corporation",56.096996307373
2020-11-03,"HD","Consumer","The Home Depot, Inc.",240.804397583008
2020-11-03,"JPM","Financials","JPMorgan Chase & Co.",89.550666809082
2020-11-03,"MCD","Consumer","McDonald's Corporation",189.908706665039
2020-11-03,"MSFT","Technology","Microsoft Corporation",196.684677124023
2020-11-03,"NVDA","Technology","NVIDIA Corporation",12.9633407592773
2020-11-03,"WFC","Financials","Wells Fargo & Company",19.3906764984131
2020-11-03,"XOM","Energy","Exxon Mobil Corporation",26.3079414367676
2020-11-04,"AAPL","Technology","Apple Inc.",111.498466491699
2020-11-04,"AMZN","Consumer","Amazon.com, Inc.",162.057998657227
2020-11-04,"BAC","Financials","Bank of America Corporation",20.631628036499
2020-11-04,"COP","Energy","ConocoPhillips",24.9928779602051
2020-11-04,"CVX","Energy","Chevron Corporation",56.1204452514648
2020-11-04,"HD","Consumer","The Home Depot, Inc.",245.449172973633
2020-11-04,"JPM","Financials","JPMorgan Chase & Co.",86.8141860961914
2020-11-04,"MCD","Consumer","McDonald's Corporation",188.218109130859
2020-11-04,"MSFT","Technology","Microsoft Corporation",206.174499511719
2020-11-04,"NVDA","Technology","NVIDIA Corporation",13.7347507476807
2020-11-04,"WFC","Financials","Wells Fargo & Company",19.2063388824463
2020-11-04,"XOM","Energy","Exxon Mobil Corporation",26.166202545166
2020-11-05,"AAPL","Technology","Apple Inc.",115.455963134766
2020-11-05,"AMZN","Consumer","Amazon.com, Inc.",166.100006103516
2020-11-05,"BAC","Financials","Bank of America Corporation",21.4419078826904
2020-11-05,"COP","Energy","ConocoPhillips",24.7789745330811
2020-11-05,"CVX","Energy","Chevron Corporation",56.4097747802734
2020-11-05,"HD","Consumer","The Home Depot, Inc.",248.16650390625
2020-11-05,"JPM","Financials","JPMorgan Chase & Co.",90.3646850585938
2020-11-05,"MCD","Consumer","McDonald's Corporation",189.479507446289
2020-11-05,"MSFT","Technology","Microsoft Corporation",212.748748779297
2020-11-05,"NVDA","Technology","NVIDIA Corporation",14.0989227294922
2020-11-05,"WFC","Financials","Wells Fargo & Company",19.6913471221924
2020-11-05,"XOM","Energy","Exxon Mobil Corporation",26.1189575195312
2020-11-06,"AAPL","Technology","Apple Inc.",115.324798583984
2020-11-06,"AMZN","Consumer","Amazon.com, Inc.",165.568496704102
2020-11-06,"BAC","Financials","Bank of America Corporation",21.1805286407471
2020-11-06,"COP","Energy","ConocoPhillips",24.0138912200928
2020-11-06,"CVX","Energy","Chevron Corporation",55.6356353759766
2020-11-06,"HD","Consumer","The Home Depot, Inc.",246.768676757812
2020-11-06,"JPM","Financials","JPMorgan Chase & Co.",89.1609878540039
2020-11-06,"MCD","Consumer","McDonald's Corporation",189.698501586914
2020-11-06,"MSFT","Technology","Microsoft Corporation",213.158462524414
2020-11-06,"NVDA","Technology","NVIDIA Corporation",14.4991912841797
2020-11-06,"WFC","Financials","Wells Fargo & Company",19.3209762573242
2020-11-06,"XOM","Energy","Exxon Mobil Corporation",25.8118591308594
2020-11-09,"AAPL","Technology","Apple Inc.",113.022003173828
2020-11-09,"AMZN","Consumer","Amazon.com, Inc.",157.186996459961
2020-11-09,"BAC","Financials","Bank of America Corporation",24.1864013671875
2020-11-09,"COP","Energy","ConocoPhillips",27.460901260376
2020-11-09,"CVX","Energy","Chevron Corporation",62.0867233276367
2020-11-09,"HD","Consumer","The Home Depot, Inc.",234.379943847656
2020-11-09,"JPM","Financials","JPMorgan Chase & Co.",101.232719421387
2020-11-09,"MCD","Consumer","McDonald's Corporation",186.772796630859
2020-11-09,"MSFT","Technology","Microsoft Corporation",208.080017089844
2020-11-09,"NVDA","Technology","NVIDIA Corporation",13.5719556808472
2020-11-09,"WFC","Financials","Wells Fargo & Company",21.3580093383789
2020-11-09,"XOM","Energy","Exxon Mobil Corporation",29.079683303833
2020-11-10,"AAPL","Technology","Apple Inc.",112.681915283203
2020-11-10,"AMZN","Consumer","Amazon.com, Inc.",151.751007080078
2020-11-10,"BAC","Financials","Bank of America Corporation",24.0992794036865
2020-11-10,"COP","Energy","ConocoPhillips",29.2296562194824
2020-11-10,"CVX","Energy","Chevron Corporation",64.9564819335938
2020-11-10,"HD","Consumer","The Home Depot, Inc.",239.241683959961
2020-11-10,"JPM","Financials","JPMorgan Chase & Co.",100.903656005859
2020-11-10,"MCD","Consumer","McDonald's Corporation",186.860382080078
2020-11-10,"MSFT","Technology","Microsoft Corporation",201.048446655273
2020-11-10,"NVDA","Technology","NVIDIA Corporation",12.714919090271
2020-11-10,"WFC","Financials","Wells Fargo & Company",21.3315525054932
2020-11-10,"XOM","Energy","Exxon Mobil Corporation",29.7248229980469
2020-11-11,"AAPL","Technology","Apple Inc.",116.102081298828
2020-11-11,"AMZN","Consumer","Amazon.com, Inc.",156.869506835938
2020-11-11,"BAC","Financials","Bank of America Corporation",23.8204689025879
2020-11-11,"COP","Energy","ConocoPhillips",29.0239810943604
2020-11-11,"CVX","Energy","Chevron Corporation",64.4794616699219
2020-11-11,"HD","Consumer","The Home Depot, Inc.",241.134307861328
2020-11-11,"JPM","Financials","JPMorgan Chase & Co.",99.3968353271484
2020-11-11,"MCD","Consumer","McDonald's Corporation",190.977447509766
2020-11-11,"MSFT","Technology","Microsoft Corporation",206.326904296875
2020-11-11,"NVDA","Technology","NVIDIA Corporation",13.3601245880127
2020-11-11,"WFC","Financials","Wells Fargo & Company",21.3315525054932
2020-11-11,"XOM","Energy","Exxon Mobil Corporation",29.4183826446533
2020-11-12,"AAPL","Technology","Apple Inc.",115.830047607422
2020-11-12,"AMZN","Consumer","Amazon.com, Inc.",155.514007568359
2020-11-12,"BAC","Financials","Bank of America Corporation",23.254150390625
2020-11-12,"COP","Energy","ConocoPhillips",27.9791831970215
2020-11-12,"CVX","Energy","Chevron Corporation",63.0797805786133
2020-11-12,"HD","Consumer","The Home Depot, Inc.",239.823333740234
2020-11-12,"JPM","Financials","JPMorgan Chase & Co.",98.1758041381836
2020-11-12,"MCD","Consumer","McDonald's Corporation",186.641403198242
2020-11-12,"MSFT","Technology","Microsoft Corporation",205.269317626953
2020-11-12,"NVDA","Technology","NVIDIA Corporation",13.3987073898315
2020-11-12,"WFC","Financials","Wells Fargo & Company",20.9964618682861
2020-11-12,"XOM","Energy","Exxon Mobil Corporation",28.4103527069092
2020-11-13,"AAPL","Technology","Apple Inc.",115.87865447998
2020-11-13,"AMZN","Consumer","Amazon.com, Inc.",156.440505981445
2020-11-13,"BAC","Financials","Bank of America Corporation",23.524242401123
2020-11-13,"COP","Energy","ConocoPhillips",29.0897998809814
2020-11-13,"CVX","Energy","Chevron Corporation",64.9251937866211
2020-11-13,"HD","Consumer","The Home Depot, Inc.",240.630813598633
2020-11-13,"JPM","Financials","JPMorgan Chase & Co.",98.790657043457
2020-11-13,"MCD","Consumer","McDonald's Corporation",186.825332641602
2020-11-13,"MSFT","Technology","Microsoft Corporation",206.288848876953
2020-11-13,"NVDA","Technology","NVIDIA Corporation",13.2396459579468
2020-11-13,"WFC","Financials","Wells Fargo & Company",21.2257347106934
2020-11-13,"XOM","Energy","Exxon Mobil Corporation",29.095817565918
2020-11-16,"AAPL","Technology","Apple Inc.",116.889129638672
2020-11-16,"AMZN","Consumer","Amazon.com, Inc.",156.552993774414
2020-11-16,"BAC","Financials","Bank of America Corporation",24.0295753479004
2020-11-16,"COP","Energy","ConocoPhillips",31.3274669647217
2020-11-16,"CVX","Energy","Chevron Corporation",69.5621566772461
2020-11-16,"HD","Consumer","The Home Depot, Inc.",242.714385986328
2020-11-16,"JPM","Financials","JPMorgan Chase & Co.",101.579116821289
2020-11-16,"MCD","Consumer","McDonald's Corporation",189.847396850586
2020-11-16,"MSFT","Technology","Microsoft Corporation",206.974838256836
2020-11-16,"NVDA","Technology","NVIDIA Corporation",13.456955909729
2020-11-16,"WFC","Financials","Wells Fargo & Company",21.9576587677002
2020-11-16,"XOM","Energy","Exxon Mobil Corporation",30.7731704711914
2020-11-17,"AAPL","Technology","Apple Inc.",116.004936218262
2020-11-17,"AMZN","Consumer","Amazon.com, Inc.",156.783004760742
2020-11-17,"BAC","Financials","Bank of America Corporation",24.0034370422363
2020-11-17,"COP","Energy","ConocoPhillips",31.9609336853027
2020-11-17,"CVX","Energy","Chevron Corporation",69.0622634887695
2020-11-17,"HD","Consumer","The Home Depot, Inc.",236.550354003906
2020-11-17,"JPM","Financials","JPMorgan Chase & Co.",100.548599243164
2020-11-17,"MCD","Consumer","McDonald's Corporation",189.216705322266
2020-11-17,"MSFT","Technology","Microsoft Corporation",204.335601806641
2020-11-17,"NVDA","Technology","NVIDIA Corporation",13.364354133606
2020-11-17,"WFC","Financials","Wells Fargo & Company",22.0811176300049
2020-11-17,"XOM","Energy","Exxon Mobil Corporation",31.1844501495361
2020-11-18,"AAPL","Technology","Apple Inc.",114.683502197266
2020-11-18,"AMZN","Consumer","Amazon.com, Inc.",155.272994995117
2020-11-18,"BAC","Financials","Bank of America Corporation",23.5068206787109
2020-11-18,"COP","Energy","ConocoPhillips",32.2324180603027
2020-11-18,"CVX","Energy","Chevron Corporation",66.8723449707031
2020-11-18,"HD","Consumer","The Home Depot, Inc.",234.258422851562
2020-11-18,"JPM","Financials","JPMorgan Chase & Co.",99.803840637207
2020-11-18,"MCD","Consumer","McDonald's Corporation",188.787536621094
2020-11-18,"MSFT","Technology","Microsoft Corporation",201.641693115234
2020-11-18,"NVDA","Technology","NVIDIA Corporation",13.3708305358887
2020-11-18,"WFC","Financials","Wells Fargo & Company",22.0987491607666
2020-11-18,"XOM","Energy","Exxon Mobil Corporation",30.0070762634277
2020-11-19,"AAPL","Technology","Apple Inc.",115.27619934082
2020-11-19,"AMZN","Consumer","Amazon.com, Inc.",155.850997924805
2020-11-19,"BAC","Financials","Bank of America Corporation",23.5068206787109
2020-11-19,"COP","Energy","ConocoPhillips",32.4709854125977
2020-11-19,"CVX","Energy","Chevron Corporation",68.0228576660156
2020-11-19,"HD","Consumer","The Home Depot, Inc.",235.213348388672
2020-11-19,"JPM","Financials","JPMorgan Chase & Co.",100.072296142578
2020-11-19,"MCD","Consumer","McDonald's Corporation",188.428359985352
2020-11-19,"MSFT","Technology","Microsoft Corporation",202.921752929688
2020-11-19,"NVDA","Technology","NVIDIA Corporation",13.3822784423828
2020-11-19,"WFC","Financials","Wells Fargo & Company",23.0687694549561
2020-11-19,"XOM","Energy","Exxon Mobil Corporation",30.1602878570557
2020-11-20,"AAPL","Technology","Apple Inc.",114.013076782227
2020-11-20,"AMZN","Consumer","Amazon.com, Inc.",154.970001220703
2020-11-20,"BAC","Financials","Bank of America Corporation",23.3587017059326
2020-11-20,"COP","Energy","ConocoPhillips",32.6190719604492
2020-11-20,"CVX","Energy","Chevron Corporation",68.0704574584961
2020-11-20,"HD","Consumer","The Home Depot, Inc.",234.241012573242
2020-11-20,"JPM","Financials","JPMorgan Chase & Co.",99.2149810791016
2020-11-20,"MCD","Consumer","McDonald's Corporation",187.534881591797
2020-11-20,"MSFT","Technology","Microsoft Corporation",200.982528686523
2020-11-20,"NVDA","Technology","NVIDIA Corporation",13.0312986373901
2020-11-20,"WFC","Financials","Wells Fargo & Company",22.4691200256348
2020-11-20,"XOM","Energy","Exxon Mobil Corporation",29.7893390655518
2020-11-23,"AAPL","Technology","Apple Inc.",110.622024536133
2020-11-23,"AMZN","Consumer","Amazon.com, Inc.",154.919494628906
2020-11-23,"BAC","Financials","Bank of America Corporation",23.8640384674072
2020-11-23,"COP","Energy","ConocoPhillips",35.1364631652832
2020-11-23,"CVX","Energy","Chevron Corporation",72.2281646728516
2020-11-23,"HD","Consumer","The Home Depot, Inc.",235.621475219727
2020-11-23,"JPM","Financials","JPMorgan Chase & Co.",102.072723388672
2020-11-23,"MCD","Consumer","McDonald's Corporation",190.083923339844
2020-11-23,"MSFT","Technology","Microsoft Corporation",200.715072631836
2020-11-23,"NVDA","Technology","NVIDIA Corporation",13.0833253860474
2020-11-23,"WFC","Financials","Wells Fargo & Company",23.1922225952148
2020-11-23,"XOM","Energy","Exxon Mobil Corporation",31.7408905029297
2020-11-24,"AAPL","Technology","Apple Inc.",111.904579162598
2020-11-24,"AMZN","Consumer","Amazon.com, Inc.",155.90299987793
2020-11-24,"BAC","Financials","Bank of America Corporation",25.2493553161621
2020-11-24,"COP","Energy","ConocoPhillips",36.5350112915039
2020-11-24,"CVX","Energy","Chevron Corporation",75.8701171875
2020-11-24,"HD","Consumer","The Home Depot, Inc.",237.27961730957
2020-11-24,"JPM","Financials","JPMorgan Chase & Co.",106.792289733887
2020-11-24,"MCD","Consumer","McDonald's Corporation",192.457794189453
2020-11-24,"MSFT","Technology","Microsoft Corporation",204.297409057617
2020-11-24,"NVDA","Technology","NVIDIA Corporation",12.9018602371216
2020-11-24,"WFC","Financials","Wells Fargo & Company",25.2292633056641
2020-11-24,"XOM","Energy","Exxon Mobil Corporation",33.8537178039551
2020-11-25,"AAPL","Technology","Apple Inc.",112.740203857422
2020-11-25,"AMZN","Consumer","Amazon.com, Inc.",159.253494262695
2020-11-25,"BAC","Financials","Bank of America Corporation",25.2929134368896
2020-11-25,"COP","Energy","ConocoPhillips",35.8933219909668
2020-11-25,"CVX","Energy","Chevron Corporation",73.1088790893555
2020-11-25,"HD","Consumer","The Home Depot, Inc.",237.84391784668
2020-11-25,"JPM","Financials","JPMorgan Chase & Co.",105.675170898438
2020-11-25,"MCD","Consumer","McDonald's Corporation",192.133682250977
2020-11-25,"MSFT","Technology","Microsoft Corporation",204.306945800781
2020-11-25,"NVDA","Technology","NVIDIA Corporation",13.1776638031006
2020-11-25,"WFC","Financials","Wells Fargo & Company",25.2116260528564
2020-11-25,"XOM","Energy","Exxon Mobil Corporation",32.9102058410645
2020-11-27,"AAPL","Technology","Apple Inc.",113.284324645996
2020-11-27,"AMZN","Consumer","Amazon.com, Inc.",159.766998291016
2020-11-27,"BAC","Financials","Bank of America Corporation",25.2580642700195
2020-11-27,"COP","Energy","ConocoPhillips",35.1940498352051
2020-11-27,"CVX","Energy","Chevron Corporation",72.450325012207
2020-11-27,"HD","Consumer","The Home Depot, Inc.",239.606307983398
2020-11-27,"JPM","Financials","JPMorgan Chase & Co.",104.973739624023
2020-11-27,"MCD","Consumer","McDonald's Corporation",191.248977661133
2020-11-27,"MSFT","Technology","Microsoft Corporation",205.606109619141
2020-11-27,"NVDA","Technology","NVIDIA Corporation",13.2040491104126
2020-11-27,"WFC","Financials","Wells Fargo & Company",25.0969829559326
2020-11-27,"XOM","Energy","Exxon Mobil Corporation",32.4102172851562
2020-11-30,"AAPL","Technology","Apple Inc.",115.674583435059
2020-11-30,"AMZN","Consumer","Amazon.com, Inc.",158.401992797852
2020-11-30,"BAC","Financials","Bank of America Corporation",24.5349140167236
2020-11-30,"COP","Energy","ConocoPhillips",32.5450401306152
2020-11-30,"CVX","Energy","Chevron Corporation",69.1733551025391
2020-11-30,"HD","Consumer","The Home Depot, Inc.",240.839111328125
2020-11-30,"JPM","Financials","JPMorgan Chase & Co.",102.081359863281
2020-11-30,"MCD","Consumer","McDonald's Corporation",191.601425170898
2020-11-30,"MSFT","Technology","Microsoft Corporation",204.498001098633
2020-11-30,"NVDA","Technology","NVIDIA Corporation",13.343695640564
2020-11-30,"WFC","Financials","Wells Fargo & Company",24.1181507110596
2020-11-30,"XOM","Energy","Exxon Mobil Corporation",30.7489814758301
2020-12-01,"AAPL","Technology","Apple Inc.",119.240524291992
2020-12-01,"AMZN","Consumer","Amazon.com, Inc.",161.003997802734
2020-12-01,"BAC","Financials","Bank of America Corporation",24.9966850280762
2020-12-01,"COP","Energy","ConocoPhillips",32.3064498901367
2020-12-01,"CVX","Energy","Chevron Corporation",69.3875961303711
2020-12-01,"HD","Consumer","The Home Depot, Inc.",240.13591003418
2020-12-01,"JPM","Financials","JPMorgan Chase & Co.",103.692085266113
2020-12-01,"MCD","Consumer","McDonald's Corporation",190.45588684082
2020-12-01,"MSFT","Technology","Microsoft Corporation",206.542327880859
2020-12-01,"NVDA","Technology","NVIDIA Corporation",13.3322477340698
2020-12-01,"WFC","Financials","Wells Fargo & Company",24.7442531585693
2020-12-01,"XOM","Energy","Exxon Mobil Corporation",31.0473651885986
2020-12-02,"AAPL","Technology","Apple Inc.",119.590324401855
2020-12-02,"AMZN","Consumer","Amazon.com, Inc.",160.176498413086
2020-12-02,"BAC","Financials","Bank of America Corporation",25.3190536499023
2020-12-02,"COP","Energy","ConocoPhillips",32.88232421875
2020-12-02,"CVX","Energy","Chevron Corporation",71.3077545166016
2020-12-02,"HD","Consumer","The Home Depot, Inc.",236.644317626953
2020-12-02,"JPM","Financials","JPMorgan Chase & Co.",105.683822631836
2020-12-02,"MCD","Consumer","McDonald's Corporation",185.803314208984
2020-12-02,"MSFT","Technology","Microsoft Corporation",205.739852905273
2020-12-02,"NVDA","Technology","NVIDIA Corporation",13.4860773086548
2020-12-02,"WFC","Financials","Wells Fargo & Company",25.4585399627686
2020-12-02,"XOM","Energy","Exxon Mobil Corporation",32.2086067199707
2020-12-03,"AAPL","Technology","Apple Inc.",119.454292297363
2020-12-03,"AMZN","Consumer","Amazon.com, Inc.",159.336502075195
2020-12-03,"BAC","Financials","Bank of America Corporation",25.3453559875488
2020-12-03,"COP","Energy","ConocoPhillips",33.8942260742188
2020-12-03,"CVX","Energy","Chevron Corporation",71.2522048950195
2020-12-03,"HD","Consumer","The Home Depot, Inc.",234.060531616211
2020-12-03,"JPM","Financials","JPMorgan Chase & Co.",104.991035461426
2020-12-03,"MCD","Consumer","McDonald's Corporation",186.376083374023
2020-12-03,"MSFT","Technology","Microsoft Corporation",204.660385131836
2020-12-03,"NVDA","Technology","NVIDIA Corporation",13.3421583175659
2020-12-03,"WFC","Financials","Wells Fargo & Company",25.7142715454102
2020-12-03,"XOM","Energy","Exxon Mobil Corporation",32.4263496398926
2020-12-04,"AAPL","Technology","Apple Inc.",118.783866882324
2020-12-04,"AMZN","Consumer","Amazon.com, Inc.",158.128997802734
2020-12-04,"BAC","Financials","Bank of America Corporation",25.6784992218018
2020-12-04,"COP","Energy","ConocoPhillips",36.4198341369629
2020-12-04,"CVX","Energy","Chevron Corporation",74.0134582519531
2020-12-04,"HD","Consumer","The Home Depot, Inc.",230.437911987305
2020-12-04,"JPM","Financials","JPMorgan Chase & Co.",105.94361114502
2020-12-04,"MCD","Consumer","McDonald's Corporation",185.69758605957
2020-12-04,"MSFT","Technology","Microsoft Corporation",204.775039672852
2020-12-04,"NVDA","Technology","NVIDIA Corporation",13.5037612915039
2020-12-04,"WFC","Financials","Wells Fargo & Company",26.0581817626953
2020-12-04,"XOM","Energy","Exxon Mobil Corporation",33.6117897033691
2020-12-07,"AAPL","Technology","Apple Inc.",120.241325378418
2020-12-07,"AMZN","Consumer","Amazon.com, Inc.",157.899993896484
2020-12-07,"BAC","Financials","Bank of America Corporation",25.5031585693359
2020-12-07,"COP","Energy","ConocoPhillips",35.2269515991211
2020-12-07,"CVX","Energy","Chevron Corporation",72.0139389038086
2020-12-07,"HD","Consumer","The Home Depot, Inc.",229.259521484375
2020-12-07,"JPM","Financials","JPMorgan Chase & Co.",105.545257568359
2020-12-07,"MCD","Consumer","McDonald's Corporation",184.067413330078
2020-12-07,"MSFT","Technology","Microsoft Corporation",204.708145141602
2020-12-07,"NVDA","Technology","NVIDIA Corporation",13.5520629882812
2020-12-07,"WFC","Financials","Wells Fargo & Company",25.8729991912842
2020-12-07,"XOM","Energy","Exxon Mobil Corporation",32.9827842712402
2020-12-08,"AAPL","Technology","Apple Inc.",120.853462219238
2020-12-08,"AMZN","Consumer","Amazon.com, Inc.",158.864501953125
2020-12-08,"BAC","Financials","Bank of America Corporation",25.3628940582275
2020-12-08,"COP","Energy","ConocoPhillips",35.1117706298828
2020-12-08,"CVX","Energy","Chevron Corporation",72.6328201293945
2020-12-08,"HD","Consumer","The Home Depot, Inc.",228.456451416016
2020-12-08,"JPM","Financials","JPMorgan Chase & Co.",105.649192810059
2020-12-08,"MCD","Consumer","McDonald's Corporation",183.626861572266
2020-12-08,"MSFT","Technology","Microsoft Corporation",206.351257324219
2020-12-08,"NVDA","Technology","NVIDIA Corporation",13.2963447570801
2020-12-08,"WFC","Financials","Wells Fargo & Company",25.520263671875
2020-12-08,"XOM","Energy","Exxon Mobil Corporation",34.0633926391602
2020-12-09,"AAPL","Technology","Apple Inc.",118.327194213867
2020-12-09,"AMZN","Consumer","Amazon.com, Inc.",155.210006713867
2020-12-09,"BAC","Financials","Bank of America Corporation",25.2489166259766
2020-12-09,"COP","Energy","ConocoPhillips",35.1282272338867
2020-12-09,"CVX","Energy","Chevron Corporation",71.7600173950195
2020-12-09,"HD","Consumer","The Home Depot, Inc.",231.825820922852
2020-12-09,"JPM","Financials","JPMorgan Chase & Co.",104.826499938965
2020-12-09,"MCD","Consumer","McDonald's Corporation",183.891220092773
2020-12-09,"MSFT","Technology","Microsoft Corporation",202.329513549805
2020-12-09,"NVDA","Technology","NVIDIA Corporation",12.8787803649902
2020-12-09,"WFC","Financials","Wells Fargo & Company",25.6172618865967
2020-12-09,"XOM","Energy","Exxon Mobil Corporation",34.5149841308594
2020-12-10,"AAPL","Technology","Apple Inc.",119.745788574219
2020-12-10,"AMZN","Consumer","Amazon.com, Inc.",155.074493408203
2020-12-10,"BAC","Financials","Bank of America Corporation",25.5206928253174
2020-12-10,"COP","Energy","ConocoPhillips",36.1977119445801
2020-12-10,"CVX","Energy","Chevron Corporation",74.0689697265625
2020-12-10,"HD","Consumer","The Home Depot, Inc.",231.153686523438
2020-12-10,"JPM","Financials","JPMorgan Chase & Co.",104.15104675293
2020-12-10,"MCD","Consumer","McDonald's Corporation",183.318450927734
2020-12-10,"MSFT","Technology","Microsoft Corporation",201.106750488281
2020-12-10,"NVDA","Technology","NVIDIA Corporation",12.9201126098633
2020-12-10,"WFC","Financials","Wells Fargo & Company",26.0052738189697
2020-12-10,"XOM","Energy","Exxon Mobil Corporation",35.4907569885254
2020-12-11,"AAPL","Technology","Apple Inc.",118.939331054688
2020-12-11,"AMZN","Consumer","Amazon.com, Inc.",155.820999145508
2020-12-11,"BAC","Financials","Bank of America Corporation",25.0472755432129
2020-12-11,"COP","Energy","ConocoPhillips",35.7699127197266
2020-12-11,"CVX","Energy","Chevron Corporation",73.354866027832
2020-12-11,"HD","Consumer","The Home Depot, Inc.",230.9267578125
2020-12-11,"JPM","Financials","JPMorgan Chase & Co.",103.536209106445
2020-12-11,"MCD","Consumer","McDonald's Corporation",183.071701049805
2020-12-11,"MSFT","Technology","Microsoft Corporation",203.724227905273
2020-12-11,"NVDA","Technology","NVIDIA Corporation",12.9609470367432
2020-12-11,"WFC","Financials","Wells Fargo & Company",25.6437206268311
2020-12-11,"XOM","Energy","Exxon Mobil Corporation",35.321418762207
2020-12-14,"AAPL","Technology","Apple Inc.",118.327194213867
2020-12-14,"AMZN","Consumer","Amazon.com, Inc.",157.848495483398
2020-12-14,"BAC","Financials","Bank of America Corporation",24.7404346466064
2020-12-14,"COP","Energy","ConocoPhillips",34.8156242370605
2020-12-14,"CVX","Energy","Chevron Corporation",70.966552734375
2020-12-14,"HD","Consumer","The Home Depot, Inc.",231.825820922852
2020-12-14,"JPM","Financials","JPMorgan Chase & Co.",102.445091247559
2020-12-14,"MCD","Consumer","McDonald's Corporation",186.737350463867
2020-12-14,"MSFT","Technology","Microsoft Corporation",204.622161865234
2020-12-14,"NVDA","Technology","NVIDIA Corporation",13.2552614212036
2020-12-14,"WFC","Financials","Wells Fargo & Company",25.2557144165039
2020-12-14,"XOM","Energy","Exxon Mobil Corporation",34.0472602844238
2020-12-15,"AAPL","Technology","Apple Inc.",124.254219055176
2020-12-15,"AMZN","Consumer","Amazon.com, Inc.",158.255996704102
2020-12-15,"BAC","Financials","Bank of America Corporation",25.1086463928223
2020-12-15,"COP","Energy","ConocoPhillips",35.2105026245117
2020-12-15,"CVX","Energy","Chevron Corporation",70.911018371582
2020-12-15,"HD","Consumer","The Home Depot, Inc.",233.920852661133
2020-12-15,"JPM","Financials","JPMorgan Chase & Co.",104.194366455078
2020-12-15,"MCD","Consumer","McDonald's Corporation",189.328002929688
2020-12-15,"MSFT","Technology","Microsoft Corporation",204.555313110352
2020-12-15,"NVDA","Technology","NVIDIA Corporation",13.3068027496338
2020-12-15,"WFC","Financials","Wells Fargo & Company",26.2169151306152
2020-12-15,"XOM","Energy","Exxon Mobil Corporation",34.7085266113281
2020-12-16,"AAPL","Technology","Apple Inc.",124.18620300293
2020-12-16,"AMZN","Consumer","Amazon.com, Inc.",162.048004150391
2020-12-16,"BAC","Financials","Bank of America Corporation",25.1787815093994
2020-12-16,"COP","Energy","ConocoPhillips",34.8156242370605
2020-12-16,"CVX","Energy","Chevron Corporation",70.3714828491211
2020-12-16,"HD","Consumer","The Home Depot, Inc.",235.326217651367
2020-12-16,"JPM","Financials","JPMorgan Chase & Co.",104.497444152832
2020-12-16,"MCD","Consumer","McDonald's Corporation",188.393951416016
2020-12-16,"MSFT","Technology","Microsoft Corporation",209.475067138672
2020-12-16,"NVDA","Technology","NVIDIA Corporation",13.1892766952515
2020-12-16,"WFC","Financials","Wells Fargo & Company",26.146369934082
2020-12-16,"XOM","Energy","Exxon Mobil Corporation",35.2407646179199
2020-12-17,"AAPL","Technology","Apple Inc.",125.05094909668
2020-12-17,"AMZN","Consumer","Amazon.com, Inc.",161.804000854492
2020-12-17,"BAC","Financials","Bank of America Corporation",25.2752208709717
2020-12-17,"COP","Energy","ConocoPhillips",34.5276832580566
2020-12-17,"CVX","Energy","Chevron Corporation",70.1493072509766
2020-12-17,"HD","Consumer","The Home Depot, Inc.",239.149505615234
2020-12-17,"JPM","Financials","JPMorgan Chase & Co.",103.631462097168
2020-12-17,"MCD","Consumer","McDonald's Corporation",188.79052734375
2020-12-17,"MSFT","Technology","Microsoft Corporation",209.608734130859
2020-12-17,"NVDA","Technology","NVIDIA Corporation",13.2876300811768
2020-12-17,"WFC","Financials","Wells Fargo & Company",25.9876346588135
2020-12-17,"XOM","Energy","Exxon Mobil Corporation",35.063362121582
2020-12-18,"AAPL","Technology","Apple Inc.",123.068809509277
2020-12-18,"AMZN","Consumer","Amazon.com, Inc.",160.082504272461
2020-12-18,"BAC","Financials","Bank of America Corporation",25.1349468231201
2020-12-18,"COP","Energy","ConocoPhillips",33.7132263183594
2020-12-18,"CVX","Energy","Chevron Corporation",69.1812896728516
2020-12-18,"HD","Consumer","The Home Depot, Inc.",236.076919555664
2020-12-18,"JPM","Financials","JPMorgan Chase & Co.",103.120529174805
2020-12-18,"MCD","Consumer","McDonald's Corporation",189.521835327148
2020-12-18,"MSFT","Technology","Microsoft Corporation",208.815856933594
2020-12-18,"NVDA","Technology","NVIDIA Corporation",13.2186584472656
2020-12-18,"WFC","Financials","Wells Fargo & Company",25.5819911956787
2020-12-18,"XOM","Energy","Exxon Mobil Corporation",34.4585380554199
2020-12-21,"AAPL","Technology","Apple Inc.",124.594284057617
2020-12-21,"AMZN","Consumer","Amazon.com, Inc.",160.309005737305
2020-12-21,"BAC","Financials","Bank of America Corporation",26.0730094909668
2020-12-21,"COP","Energy","ConocoPhillips",33.1044502258301
2020-12-21,"CVX","Energy","Chevron Corporation",68.3085021972656
2020-12-21,"HD","Consumer","The Home Depot, Inc.",236.548278808594
2020-12-21,"JPM","Financials","JPMorgan Chase & Co.",106.99146270752
2020-12-21,"MCD","Consumer","McDonald's Corporation",186.517059326172
2020-12-21,"MSFT","Technology","Microsoft Corporation",212.63703918457
2020-12-21,"NVDA","Technology","NVIDIA Corporation",13.2786674499512
2020-12-21,"WFC","Financials","Wells Fargo & Company",26.0581817626953
2020-12-21,"XOM","Energy","Exxon Mobil Corporation",33.829532623291
2020-12-22,"AAPL","Technology","Apple Inc.",128.140808105469
2020-12-22,"AMZN","Consumer","Amazon.com, Inc.",160.32600402832
2020-12-22,"BAC","Financials","Bank of America Corporation",25.608362197876
2020-12-22,"COP","Energy","ConocoPhillips",32.1090087890625
2020-12-22,"CVX","Energy","Chevron Corporation",66.9358062744141
2020-12-22,"HD","Consumer","The Home Depot, Inc.",235.719039916992
2020-12-22,"JPM","Financials","JPMorgan Chase & Co.",105.363403320312
2020-12-22,"MCD","Consumer","McDonald's Corporation",186.737350463867
2020-12-22,"MSFT","Technology","Microsoft Corporation",213.926635742188
2020-12-22,"NVDA","Technology","NVIDIA Corporation",13.2248830795288
2020-12-22,"WFC","Financials","Wells Fargo & Company",25.5379009246826
2020-12-22,"XOM","Energy","Exxon Mobil Corporation",33.2569618225098
2020-12-23,"AAPL","Technology","Apple Inc.",127.246917724609
2020-12-23,"AMZN","Consumer","Amazon.com, Inc.",159.26350402832
2020-12-23,"BAC","Financials","Bank of America Corporation",26.3447875976562
2020-12-23,"COP","Energy","ConocoPhillips",32.9728164672852
2020-12-23,"CVX","Energy","Chevron Corporation",67.9911193847656
2020-12-23,"HD","Consumer","The Home Depot, Inc.",235.51823425293
2020-12-23,"JPM","Financials","JPMorgan Chase & Co.",108.307731628418
2020-12-23,"MCD","Consumer","McDonald's Corporation",186.825500488281
2020-12-23,"MSFT","Technology","Microsoft Corporation",211.137252807617
2020-12-23,"NVDA","Technology","NVIDIA Corporation",12.9569644927979
2020-12-23,"WFC","Financials","Wells Fargo & Company",26.7636528015137
2020-12-23,"XOM","Energy","Exxon Mobil Corporation",33.6843795776367
2020-12-24,"AAPL","Technology","Apple Inc.",128.228286743164
2020-12-24,"AMZN","Consumer","Amazon.com, Inc.",158.634506225586
2020-12-24,"BAC","Financials","Bank of America Corporation",26.2658843994141
2020-12-24,"COP","Energy","ConocoPhillips",32.4874496459961
2020-12-24,"CVX","Energy","Chevron Corporation",67.7054748535156
2020-12-24,"HD","Consumer","The Home Depot, Inc.",236.487167358398
2020-12-24,"JPM","Financials","JPMorgan Chase & Co.",107.831443786621
2020-12-24,"MCD","Consumer","McDonald's Corporation",186.27033996582
2020-12-24,"MSFT","Technology","Microsoft Corporation",212.78987121582
2020-12-24,"NVDA","Technology","NVIDIA Corporation",12.9415254592896
2020-12-24,"WFC","Financials","Wells Fargo & Company",26.3139133453369
2020-12-24,"XOM","Energy","Exxon Mobil Corporation",33.5472755432129
2020-12-28,"AAPL","Technology","Apple Inc.",132.814453125
2020-12-28,"AMZN","Consumer","Amazon.com, Inc.",164.197998046875
2020-12-28,"BAC","Financials","Bank of America Corporation",26.414924621582
2020-12-28,"COP","Energy","ConocoPhillips",32.3311424255371
2020-12-28,"CVX","Energy","Chevron Corporation",67.3642883300781
2020-12-28,"HD","Consumer","The Home Depot, Inc.",235.029434204102
2020-12-28,"JPM","Financials","JPMorgan Chase & Co.",108.541557312012
2020-12-28,"MCD","Consumer","McDonald's Corporation",188.587829589844
2020-12-28,"MSFT","Technology","Microsoft Corporation",214.90104675293
2020-12-28,"NVDA","Technology","NVIDIA Corporation",12.8481550216675
2020-12-28,"WFC","Financials","Wells Fargo & Company",26.3932781219482
2020-12-28,"XOM","Energy","Exxon Mobil Corporation",33.6601676940918
2020-12-29,"AAPL","Technology","Apple Inc.",131.046035766602
2020-12-29,"AMZN","Consumer","Amazon.com, Inc.",166.100006103516
2020-12-29,"BAC","Financials","Bank of America Corporation",26.309720993042
2020-12-29,"COP","Energy","ConocoPhillips",32.141918182373
2020-12-29,"CVX","Energy","Chevron Corporation",67.1341934204102
2020-12-29,"HD","Consumer","The Home Depot, Inc.",232.358322143555
2020-12-29,"JPM","Financials","JPMorgan Chase & Co.",108.255783081055
2020-12-29,"MCD","Consumer","McDonald's Corporation",187.433486938477
2020-12-29,"MSFT","Technology","Microsoft Corporation",214.12727355957
2020-12-29,"NVDA","Technology","NVIDIA Corporation",12.891227722168
2020-12-29,"WFC","Financials","Wells Fargo & Company",26.26100730896
2020-12-29,"XOM","Energy","Exxon Mobil Corporation",33.2811584472656
2020-12-30,"AAPL","Technology","Apple Inc.",129.928634643555
2020-12-30,"AMZN","Consumer","Amazon.com, Inc.",164.292495727539
2020-12-30,"BAC","Financials","Bank of America Corporation",26.2834205627441
2020-12-30,"COP","Energy","ConocoPhillips",32.9152336120605
2020-12-30,"CVX","Energy","Chevron Corporation",67.7054748535156
2020-12-30,"HD","Consumer","The Home Depot, Inc.",231.546539306641
2020-12-30,"JPM","Financials","JPMorgan Chase & Co.",108.558883666992
2020-12-30,"MCD","Consumer","McDonald's Corporation",186.420150756836
2020-12-30,"MSFT","Technology","Microsoft Corporation",211.767715454102
2020-12-30,"NVDA","Technology","NVIDIA Corporation",13.0929174423218
2020-12-30,"WFC","Financials","Wells Fargo & Company",26.2345504760742
2020-12-30,"XOM","Energy","Exxon Mobil Corporation",33.5472755432129
2020-12-31,"AAPL","Technology","Apple Inc.",128.927825927734
2020-12-31,"AMZN","Consumer","Amazon.com, Inc.",162.846496582031
2020-12-31,"BAC","Financials","Bank of America Corporation",26.5727310180664
2020-12-31,"COP","Energy","ConocoPhillips",32.8987884521484
2020-12-31,"CVX","Energy","Chevron Corporation",67.0072250366211
2020-12-31,"HD","Consumer","The Home Depot, Inc.",231.860778808594
2020-12-31,"JPM","Financials","JPMorgan Chase & Co.",110.039688110352
2020-12-31,"MCD","Consumer","McDonald's Corporation",189.081237792969
2020-12-31,"MSFT","Technology","Microsoft Corporation",212.474609375
2020-12-31,"NVDA","Technology","NVIDIA Corporation",13.0025310516357
2020-12-31,"WFC","Financials","Wells Fargo & Company",26.6137409210205
2020-12-31,"XOM","Energy","Exxon Mobil Corporation",33.2408409118652
2021-01-04,"AAPL","Technology","Apple Inc.",125.740852355957
2021-01-04,"AMZN","Consumer","Amazon.com, Inc.",159.331497192383
2021-01-04,"BAC","Financials","Bank of America Corporation",26.3272533416748
2021-01-04,"COP","Energy","ConocoPhillips",32.5532531738281
2021-01-04,"CVX","Energy","Chevron Corporation",67.2135238647461
2021-01-04,"HD","Consumer","The Home Depot, Inc.",230.376876831055
2021-01-04,"JPM","Financials","JPMorgan Chase & Co.",109.000534057617
2021-01-04,"MCD","Consumer","McDonald's Corporation",185.239379882812
2021-01-04,"MSFT","Technology","Microsoft Corporation",207.956100463867
2021-01-04,"NVDA","Technology","NVIDIA Corporation",13.0607948303223
2021-01-04,"WFC","Financials","Wells Fargo & Company",26.1904640197754
2021-01-04,"XOM","Energy","Exxon Mobil Corporation",33.4666328430176
2021-01-05,"AAPL","Technology","Apple Inc.",127.295478820801
2021-01-05,"AMZN","Consumer","Amazon.com, Inc.",160.925506591797
2021-01-05,"BAC","Financials","Bank of America Corporation",26.5288944244385
2021-01-05,"COP","Energy","ConocoPhillips",34.4207305908203
2021-01-05,"CVX","Energy","Chevron Corporation",69.0305252075195
2021-01-05,"HD","Consumer","The Home Depot, Inc.",232.236129760742
2021-01-05,"JPM","Financials","JPMorgan Chase & Co.",109.593627929688
2021-01-05,"MCD","Consumer","McDonald's Corporation",186.349655151367
2021-01-05,"MSFT","Technology","Microsoft Corporation",208.156753540039
2021-01-05,"NVDA","Technology","NVIDIA Corporation",13.3508729934692
2021-01-05,"WFC","Financials","Wells Fargo & Company",26.922384262085
2021-01-05,"XOM","Energy","Exxon Mobil Corporation",35.0794830322266
2021-01-06,"AAPL","Technology","Apple Inc.",123.010520935059
2021-01-06,"AMZN","Consumer","Amazon.com, Inc.",156.919006347656
2021-01-06,"BAC","Financials","Bank of America Corporation",28.1858615875244
2021-01-06,"COP","Energy","ConocoPhillips",35.7945976257324
2021-01-06,"CVX","Energy","Chevron Corporation",71.2522048950195
2021-01-06,"HD","Consumer","The Home Depot, Inc.",233.562911987305
2021-01-06,"JPM","Financials","JPMorgan Chase & Co.",114.739685058594
2021-01-06,"MCD","Consumer","McDonald's Corporation",185.926712036133
2021-01-06,"MSFT","Technology","Microsoft Corporation",202.759353637695
2021-01-06,"NVDA","Technology","NVIDIA Corporation",12.5638027191162
2021-01-06,"WFC","Financials","Wells Fargo & Company",28.8271350860596
2021-01-06,"XOM","Energy","Exxon Mobil Corporation",35.9746208190918
2021-01-07,"AAPL","Technology","Apple Inc.",127.208076477051
2021-01-07,"AMZN","Consumer","Amazon.com, Inc.",158.108001708984
2021-01-07,"BAC","Financials","Bank of America Corporation",28.8083114624023
2021-01-07,"COP","Energy","ConocoPhillips",36.7735939025879
2021-01-07,"CVX","Energy","Chevron Corporation",71.5854644775391
2021-01-07,"HD","Consumer","The Home Depot, Inc.",232.41943359375
2021-01-07,"JPM","Financials","JPMorgan Chase & Co.",118.507652282715
2021-01-07,"MCD","Consumer","McDonald's Corporation",186.79020690918
2021-01-07,"MSFT","Technology","Microsoft Corporation",208.529266357422
2021-01-07,"NVDA","Technology","NVIDIA Corporation",13.2903690338135
2021-01-07,"WFC","Financials","Wells Fargo & Company",29.4797058105469
2021-01-07,"XOM","Energy","Exxon Mobil Corporation",36.2568702697754
2021-01-08,"AAPL","Technology","Apple Inc.",128.306030273438
2021-01-08,"AMZN","Consumer","Amazon.com, Inc.",159.134994506836
2021-01-08,"BAC","Financials","Bank of America Corporation",28.5190048217773
2021-01-08,"COP","Energy","ConocoPhillips",36.7735939025879
2021-01-08,"CVX","Energy","Chevron Corporation",72.2678375244141
2021-01-08,"HD","Consumer","The Home Depot, Inc.",234.889739990234
2021-01-08,"JPM","Financials","JPMorgan Chase & Co.",118.638496398926
2021-01-08,"MCD","Consumer","McDonald's Corporation",190.217987060547
2021-01-08,"MSFT","Technology","Microsoft Corporation",209.7998046875
2021-01-08,"NVDA","Technology","NVIDIA Corporation",13.2233905792236
2021-01-08,"WFC","Financials","Wells Fargo & Company",29.2680606842041
2021-01-08,"XOM","Energy","Exxon Mobil Corporation",36.6600799560547
2021-01-11,"AAPL","Technology","Apple Inc.",125.323043823242
2021-01-11,"AMZN","Consumer","Amazon.com, Inc.",155.710494995117
2021-01-11,"BAC","Financials","Bank of America Corporation",28.9924201965332
2021-01-11,"COP","Energy","ConocoPhillips",37.3165550231934
2021-01-11,"CVX","Energy","Chevron Corporation",72.680419921875
2021-01-11,"HD","Consumer","The Home Depot, Inc.",236.757781982422
2021-01-11,"JPM","Financials","JPMorgan Chase & Co.",120.409057617188
2021-01-11,"MCD","Consumer","McDonald's Corporation",188.772872924805
2021-01-11,"MSFT","Technology","Microsoft Corporation",207.765060424805
2021-01-11,"NVDA","Technology","NVIDIA Corporation",13.5667552947998
2021-01-11,"WFC","Financials","Wells Fargo & Company",29.3121547698975
2021-01-11,"XOM","Energy","Exxon Mobil Corporation",37.7729377746582
2021-01-12,"AAPL","Technology","Apple Inc.",125.148139953613
2021-01-12,"AMZN","Consumer","Amazon.com, Inc.",156.04150390625
2021-01-12,"BAC","Financials","Bank of America Corporation",29.5096664428711
2021-01-12,"COP","Energy","ConocoPhillips",39.0112495422363
2021-01-12,"CVX","Energy","Chevron Corporation",74.0610427856445
2021-01-12,"HD","Consumer","The Home Depot, Inc.",241.209548950195
2021-01-12,"JPM","Financials","JPMorgan Chase & Co.",122.301795959473
2021-01-12,"MCD","Consumer","McDonald's Corporation",186.45539855957
2021-01-12,"MSFT","Technology","Microsoft Corporation",205.319519042969
2021-01-12,"NVDA","Technology","NVIDIA Corporation",13.4305534362793
2021-01-12,"WFC","Financials","Wells Fargo & Company",29.9294376373291
2021-01-12,"XOM","Energy","Exxon Mobil Corporation",38.6116333007812
2021-01-13,"AAPL","Technology","Apple Inc.",127.178863525391
2021-01-13,"AMZN","Consumer","Amazon.com, Inc.",158.294494628906
2021-01-13,"BAC","Financials","Bank of America Corporation",29.3343315124512
2021-01-13,"COP","Energy","ConocoPhillips",38.6904106140137
2021-01-13,"CVX","Energy","Chevron Corporation",73.9896240234375
2021-01-13,"HD","Consumer","The Home Depot, Inc.",239.219314575195
2021-01-13,"JPM","Financials","JPMorgan Chase & Co.",122.415153503418
2021-01-13,"MCD","Consumer","McDonald's Corporation",186.887191772461
2021-01-13,"MSFT","Technology","Microsoft Corporation",206.666473388672
2021-01-13,"NVDA","Technology","NVIDIA Corporation",13.4773645401001
2021-01-13,"WFC","Financials","Wells Fargo & Company",29.8059749603271
2021-01-13,"XOM","Energy","Exxon Mobil Corporation",39.0471000671387
2021-01-14,"AAPL","Technology","Apple Inc.",125.255043029785
2021-01-14,"AMZN","Consumer","Amazon.com, Inc.",156.373504638672
2021-01-14,"BAC","Financials","Bank of America Corporation",29.798978805542
2021-01-14,"COP","Energy","ConocoPhillips",39.3814697265625
2021-01-14,"CVX","Energy","Chevron Corporation",75.7669830322266
2021-01-14,"HD","Consumer","The Home Depot, Inc.",234.235076904297
2021-01-14,"JPM","Financials","JPMorgan Chase & Co.",123.13037109375
2021-01-14,"MCD","Consumer","McDonald's Corporation",183.723754882812
2021-01-14,"MSFT","Technology","Microsoft Corporation",203.49494934082
2021-01-14,"NVDA","Technology","NVIDIA Corporation",13.1471967697144
2021-01-14,"WFC","Financials","Wells Fargo & Company",30.6437149047852
2021-01-14,"XOM","Energy","Exxon Mobil Corporation",40.5712394714355
2021-01-15,"AAPL","Technology","Apple Inc.",123.535194396973
2021-01-15,"AMZN","Consumer","Amazon.com, Inc.",155.212493896484
2021-01-15,"BAC","Financials","Bank of America Corporation",28.9398174285889
2021-01-15,"COP","Energy","ConocoPhillips",37.1191024780273
2021-01-15,"CVX","Energy","Chevron Corporation",73.069221496582
2021-01-15,"HD","Consumer","The Home Depot, Inc.",240.56364440918
2021-01-15,"JPM","Financials","JPMorgan Chase & Co.",120.923675537109
2021-01-15,"MCD","Consumer","McDonald's Corporation",184.966232299805
2021-01-15,"MSFT","Technology","Microsoft Corporation",203.141464233398
2021-01-15,"NVDA","Technology","NVIDIA Corporation",12.8078184127808
2021-01-15,"WFC","Financials","Wells Fargo & Company",28.2539501190186
2021-01-15,"XOM","Energy","Exxon Mobil Corporation",38.6196899414062
2021-01-19,"AAPL","Technology","Apple Inc.",124.205642700195
2021-01-19,"AMZN","Consumer","Amazon.com, Inc.",156.037994384766
2021-01-19,"BAC","Financials","Bank of America Corporation",28.7294139862061
2021-01-19,"COP","Energy","ConocoPhillips",37.8430633544922
2021-01-19,"CVX","Energy","Chevron Corporation",74.9893951416016
2021-01-19,"HD","Consumer","The Home Depot, Inc.",238.468612670898
2021-01-19,"JPM","Financials","JPMorgan Chase & Co.",120.400352478027
2021-01-19,"MCD","Consumer","McDonald's Corporation",184.24365234375
2021-01-19,"MSFT","Technology","Microsoft Corporation",206.762023925781
2021-01-19,"NVDA","Technology","NVIDIA Corporation",12.9729013442993
2021-01-19,"WFC","Financials","Wells Fargo & Company",28.7742347717285
2021-01-19,"XOM","Energy","Exxon Mobil Corporation",39.385799407959
2021-01-20,"AAPL","Technology","Apple Inc.",128.286560058594
2021-01-20,"AMZN","Consumer","Amazon.com, Inc.",163.169006347656
2021-01-20,"BAC","Financials","Bank of America Corporation",28.3524322509766
2021-01-20,"COP","Energy","ConocoPhillips",37.3165550231934
2021-01-20,"CVX","Energy","Chevron Corporation",75.6796722412109
2021-01-20,"HD","Consumer","The Home Depot, Inc.",239.437515258789
2021-01-20,"JPM","Financials","JPMorgan Chase & Co.",118.594879150391
2021-01-20,"MCD","Consumer","McDonald's Corporation",188.244216918945
2021-01-20,"MSFT","Technology","Microsoft Corporation",214.308746337891
2021-01-20,"NVDA","Technology","NVIDIA Corporation",13.312032699585
2021-01-20,"WFC","Financials","Wells Fargo & Company",28.6243190765381
2021-01-20,"XOM","Energy","Exxon Mobil Corporation",39.9422340393066
2021-01-21,"AAPL","Technology","Apple Inc.",132.989334106445
2021-01-21,"AMZN","Consumer","Amazon.com, Inc.",165.349502563477
2021-01-21,"BAC","Financials","Bank of America Corporation",27.8527126312256
2021-01-21,"COP","Energy","ConocoPhillips",35.5313529968262
2021-01-21,"CVX","Energy","Chevron Corporation",73.0057601928711
2021-01-21,"HD","Consumer","The Home Depot, Inc.",243.583847045898
2021-01-21,"JPM","Financials","JPMorgan Chase & Co.",117.600532531738
2021-01-21,"MCD","Consumer","McDonald's Corporation",188.156051635742
2021-01-21,"MSFT","Technology","Microsoft Corporation",214.910598754883
2021-01-21,"NVDA","Technology","NVIDIA Corporation",13.8117656707764
2021-01-21,"WFC","Financials","Wells Fargo & Company",28.218677520752
2021-01-21,"XOM","Energy","Exxon Mobil Corporation",38.7971115112305
2021-01-22,"AAPL","Technology","Apple Inc.",135.126953125
2021-01-22,"AMZN","Consumer","Amazon.com, Inc.",164.61149597168
2021-01-22,"BAC","Financials","Bank of America Corporation",27.659839630127
2021-01-22,"COP","Energy","ConocoPhillips",35.1199951171875
2021-01-22,"CVX","Energy","Chevron Corporation",72.7835845947266
2021-01-22,"HD","Consumer","The Home Depot, Inc.",247.904754638672
2021-01-22,"JPM","Financials","JPMorgan Chase & Co.",116.69344329834
2021-01-22,"MCD","Consumer","McDonald's Corporation",188.023849487305
2021-01-22,"MSFT","Technology","Microsoft Corporation",215.846801757812
2021-01-22,"NVDA","Technology","NVIDIA Corporation",13.6573886871338
2021-01-22,"WFC","Financials","Wells Fargo & Company",28.1304950714111
2021-01-22,"XOM","Energy","Exxon Mobil Corporation",38.2487335205078
2021-01-25,"AAPL","Technology","Apple Inc.",138.867797851562
2021-01-25,"AMZN","Consumer","Amazon.com, Inc.",164.699996948242
2021-01-25,"BAC","Financials","Bank of America Corporation",27.3179244995117
2021-01-25,"COP","Energy","ConocoPhillips",35.0295066833496
2021-01-25,"CVX","Energy","Chevron Corporation",72.1249923706055
2021-01-25,"HD","Consumer","The Home Depot, Inc.",248.847427368164
2021-01-25,"JPM","Financials","JPMorgan Chase & Co.",115.236854553223
2021-01-25,"MCD","Consumer","McDonald's Corporation",187.988616943359
2021-01-25,"MSFT","Technology","Microsoft Corporation",219.266723632812
2021-01-25,"NVDA","Technology","NVIDIA Corporation",13.5983762741089
2021-01-25,"WFC","Financials","Wells Fargo & Company",28.4303207397461
2021-01-25,"XOM","Energy","Exxon Mobil Corporation",37.8213348388672
2021-01-26,"AAPL","Technology","Apple Inc.",139.100936889648
2021-01-26,"AMZN","Consumer","Amazon.com, Inc.",166.306503295898
2021-01-26,"BAC","Financials","Bank of America Corporation",27.1250495910645
2021-01-26,"COP","Energy","ConocoPhillips",34.2891006469727
2021-01-26,"CVX","Energy","Chevron Corporation",70.9030990600586
2021-01-26,"HD","Consumer","The Home Depot, Inc.",246.682708740234
2021-01-26,"JPM","Financials","JPMorgan Chase & Co.",114.76586151123
2021-01-26,"MCD","Consumer","McDonald's Corporation",189.786209106445
2021-01-26,"MSFT","Technology","Microsoft Corporation",221.941528320312
2021-01-26,"NVDA","Technology","NVIDIA Corporation",13.3812522888184
2021-01-26,"WFC","Financials","Wells Fargo & Company",27.6719436645508
2021-01-26,"XOM","Energy","Exxon Mobil Corporation",36.9907112121582
2021-01-27,"AAPL","Technology","Apple Inc.",138.032180786133
2021-01-27,"AMZN","Consumer","Amazon.com, Inc.",161.628997802734
2021-01-27,"BAC","Financials","Bank of America Corporation",26.151912689209
2021-01-27,"COP","Energy","ConocoPhillips",33.4417495727539
2021-01-27,"CVX","Energy","Chevron Corporation",69.9826889038086
2021-01-27,"HD","Consumer","The Home Depot, Inc.",239.219314575195
2021-01-27,"JPM","Financials","JPMorgan Chase & Co.",111.521209716797
2021-01-27,"MCD","Consumer","McDonald's Corporation",182.402008056641
2021-01-27,"MSFT","Technology","Microsoft Corporation",222.486022949219
2021-01-27,"NVDA","Technology","NVIDIA Corporation",12.8658351898193
2021-01-27,"WFC","Financials","Wells Fargo & Company",26.6049251556396
2021-01-27,"XOM","Energy","Exxon Mobil Corporation",36.5713729858398
2021-01-28,"AAPL","Technology","Apple Inc.",133.203125
2021-01-28,"AMZN","Consumer","Amazon.com, Inc.",161.880996704102
2021-01-28,"BAC","Financials","Bank of America Corporation",26.5814952850342
2021-01-28,"COP","Energy","ConocoPhillips",33.820182800293
2021-01-28,"CVX","Energy","Chevron Corporation",70.63330078125
2021-01-28,"HD","Consumer","The Home Depot, Inc.",242.710952758789
2021-01-28,"JPM","Financials","JPMorgan Chase & Co.",113.483711242676
2021-01-28,"MCD","Consumer","McDonald's Corporation",182.243438720703
2021-01-28,"MSFT","Technology","Microsoft Corporation",228.246368408203
2021-01-28,"NVDA","Technology","NVIDIA Corporation",12.9985446929932
2021-01-28,"WFC","Financials","Wells Fargo & Company",27.1692905426025
2021-01-28,"XOM","Energy","Exxon Mobil Corporation",37.1439361572266
2021-01-29,"AAPL","Technology","Apple Inc.",128.218551635742
2021-01-29,"AMZN","Consumer","Amazon.com, Inc.",160.309997558594
2021-01-29,"BAC","Financials","Bank of America Corporation",25.9941101074219
2021-01-29,"COP","Energy","ConocoPhillips",32.9316940307617
2021-01-29,"CVX","Energy","Chevron Corporation",67.6023101806641
2021-01-29,"HD","Consumer","The Home Depot, Inc.",236.399887084961
2021-01-29,"JPM","Financials","JPMorgan Chase & Co.",112.227714538574
2021-01-29,"MCD","Consumer","McDonald's Corporation",183.142181396484
2021-01-29,"MSFT","Technology","Microsoft Corporation",221.588043212891
2021-01-29,"NVDA","Technology","NVIDIA Corporation",12.9375410079956
2021-01-29,"WFC","Financials","Wells Fargo & Company",26.3491878509521
2021-01-29,"XOM","Energy","Exxon Mobil Corporation",36.1600914001465
2021-02-01,"AAPL","Technology","Apple Inc.",130.336730957031
2021-02-01,"AMZN","Consumer","Amazon.com, Inc.",167.143997192383
2021-02-01,"BAC","Financials","Bank of America Corporation",26.2658843994141
2021-02-01,"COP","Energy","ConocoPhillips",33.4911117553711
2021-02-01,"CVX","Energy","Chevron Corporation",68.562385559082
2021-02-01,"HD","Consumer","The Home Depot, Inc.",235.745162963867
2021-02-01,"JPM","Financials","JPMorgan Chase & Co.",113.056327819824
2021-02-01,"MCD","Consumer","McDonald's Corporation",183.221481323242
2021-02-01,"MSFT","Technology","Microsoft Corporation",228.934234619141
2021-02-01,"NVDA","Technology","NVIDIA Corporation",13.1838006973267
2021-02-01,"WFC","Financials","Wells Fargo & Company",26.4461917877197
2021-02-01,"XOM","Energy","Exxon Mobil Corporation",36.2246208190918
2021-02-02,"AAPL","Technology","Apple Inc.",131.162628173828
2021-02-02,"AMZN","Consumer","Amazon.com, Inc.",169
2021-02-02,"BAC","Financials","Bank of America Corporation",27.2039489746094
2021-02-02,"COP","Energy","ConocoPhillips",33.705005645752
2021-02-02,"CVX","Energy","Chevron Corporation",69.0781402587891
2021-02-02,"HD","Consumer","The Home Depot, Inc.",237.569610595703
2021-02-02,"JPM","Financials","JPMorgan Chase & Co.",116.53645324707
2021-02-02,"MCD","Consumer","McDonald's Corporation",184.834030151367
2021-02-02,"MSFT","Technology","Microsoft Corporation",228.800430297852
2021-02-02,"NVDA","Technology","NVIDIA Corporation",13.5022649765015
2021-02-02,"WFC","Financials","Wells Fargo & Company",27.1163902282715
2021-02-02,"XOM","Energy","Exxon Mobil Corporation",36.797176361084
2021-02-03,"AAPL","Technology","Apple Inc.",130.14241027832
2021-02-03,"AMZN","Consumer","Amazon.com, Inc.",165.626495361328
2021-02-03,"BAC","Financials","Bank of America Corporation",27.6861362457275
2021-02-03,"COP","Energy","ConocoPhillips",35.5477828979492
2021-02-03,"CVX","Energy","Chevron Corporation",70.5857162475586
2021-02-03,"HD","Consumer","The Home Depot, Inc.",239.324142456055
2021-02-03,"JPM","Financials","JPMorgan Chase & Co.",117.870948791504
2021-02-03,"MCD","Consumer","McDonald's Corporation",183.908843994141
2021-02-03,"MSFT","Technology","Microsoft Corporation",232.134384155273
2021-02-03,"NVDA","Technology","NVIDIA Corporation",13.4761199951172
2021-02-03,"WFC","Financials","Wells Fargo & Company",27.9541244506836
2021-02-03,"XOM","Energy","Exxon Mobil Corporation",38.2406616210938
2021-02-04,"AAPL","Technology","Apple Inc.",133.494598388672
2021-02-04,"AMZN","Consumer","Amazon.com, Inc.",166.550003051758
2021-02-04,"BAC","Financials","Bank of America Corporation",28.4927024841309
2021-02-04,"COP","Energy","ConocoPhillips",36.205940246582
2021-02-04,"CVX","Energy","Chevron Corporation",70.6174392700195
2021-02-04,"HD","Consumer","The Home Depot, Inc.",243.383117675781
2021-02-04,"JPM","Financials","JPMorgan Chase & Co.",120.583480834961
2021-02-04,"MCD","Consumer","McDonald's Corporation",185.953155517578
2021-02-04,"MSFT","Technology","Microsoft Corporation",231.188674926758
2021-02-04,"NVDA","Technology","NVIDIA Corporation",13.6093320846558
2021-02-04,"WFC","Financials","Wells Fargo & Company",28.8918266296387
2021-02-04,"XOM","Energy","Exxon Mobil Corporation",38.9745254516602
2021-02-05,"AAPL","Technology","Apple Inc.",133.081008911133
2021-02-05,"AMZN","Consumer","Amazon.com, Inc.",167.607498168945
2021-02-05,"BAC","Financials","Bank of America Corporation",28.3787288665771
2021-02-05,"COP","Energy","ConocoPhillips",36.5432357788086
2021-02-05,"CVX","Energy","Chevron Corporation",70.8237457275391
2021-02-05,"HD","Consumer","The Home Depot, Inc.",243.418029785156
2021-02-05,"JPM","Financials","JPMorgan Chase & Co.",120.348014831543
2021-02-05,"MCD","Consumer","McDonald's Corporation",187.318954467773
2021-02-05,"MSFT","Technology","Microsoft Corporation",231.370147705078
2021-02-05,"NVDA","Technology","NVIDIA Corporation",13.5363779067993
2021-02-05,"WFC","Financials","Wells Fargo & Company",28.8033638000488
2021-02-05,"XOM","Energy","Exxon Mobil Corporation",40.2809257507324
2021-02-08,"AAPL","Technology","Apple Inc.",133.227020263672
2021-02-08,"AMZN","Consumer","Amazon.com, Inc.",166.147003173828
2021-02-08,"BAC","Financials","Bank of America Corporation",29.0099582672119
2021-02-08,"COP","Energy","ConocoPhillips",38.4847526550293
2021-02-08,"CVX","Energy","Chevron Corporation",72.5852127075195
2021-02-08,"HD","Consumer","The Home Depot, Inc.",244.439331054688
2021-02-08,"JPM","Financials","JPMorgan Chase & Co.",122.232032775879
2021-02-08,"MCD","Consumer","McDonald's Corporation",186.437759399414
2021-02-08,"MSFT","Technology","Microsoft Corporation",231.628082275391
2021-02-08,"NVDA","Technology","NVIDIA Corporation",14.3807201385498
2021-02-08,"WFC","Financials","Wells Fargo & Company",29.5464477539062
2021-02-08,"XOM","Energy","Exxon Mobil Corporation",42.0147323608398
2021-02-09,"AAPL","Technology","Apple Inc.",132.351181030273
2021-02-09,"AMZN","Consumer","Amazon.com, Inc.",165.25
2021-02-09,"BAC","Financials","Bank of America Corporation",28.8872222900391
2021-02-09,"COP","Energy","ConocoPhillips",38.5670127868652
2021-02-09,"CVX","Energy","Chevron Corporation",72.172607421875
2021-02-09,"HD","Consumer","The Home Depot, Inc.",241.593612670898
2021-02-09,"JPM","Financials","JPMorgan Chase & Co.",121.743545532227
2021-02-09,"MCD","Consumer","McDonald's Corporation",190.314926147461
2021-02-09,"MSFT","Technology","Microsoft Corporation",232.869979858398
2021-02-09,"NVDA","Technology","NVIDIA Corporation",14.2059259414673
2021-02-09,"WFC","Financials","Wells Fargo & Company",29.4226016998291
2021-02-09,"XOM","Energy","Exxon Mobil Corporation",41.5226707458496
2021-02-10,"AAPL","Technology","Apple Inc.",131.747894287109
2021-02-10,"AMZN","Consumer","Amazon.com, Inc.",164.328994750977
2021-02-10,"BAC","Financials","Bank of America Corporation",28.9135189056396
2021-02-10,"COP","Energy","ConocoPhillips",38.8714027404785
2021-02-10,"CVX","Energy","Chevron Corporation",73.4103851318359
2021-02-10,"HD","Consumer","The Home Depot, Inc.",243.269638061523
2021-02-10,"JPM","Financials","JPMorgan Chase & Co.",121.81330871582
2021-02-10,"MCD","Consumer","McDonald's Corporation",188.922653198242
2021-02-10,"MSFT","Technology","Microsoft Corporation",231.962463378906
2021-02-10,"NVDA","Technology","NVIDIA Corporation",14.7049102783203
2021-02-10,"WFC","Financials","Wells Fargo & Company",29.3695240020752
2021-02-10,"XOM","Energy","Exxon Mobil Corporation",41.9245300292969
2021-02-11,"AAPL","Technology","Apple Inc.",131.494857788086
2021-02-11,"AMZN","Consumer","Amazon.com, Inc.",163.106506347656
2021-02-11,"BAC","Financials","Bank of America Corporation",28.8258514404297
2021-02-11,"COP","Energy","ConocoPhillips",38.5559158325195
2021-02-11,"CVX","Energy","Chevron Corporation",73.0136795043945
2021-02-11,"HD","Consumer","The Home Depot, Inc.",241.846801757812
2021-02-11,"JPM","Financials","JPMorgan Chase & Co.",121.473167419434
2021-02-11,"MCD","Consumer","McDonald's Corporation",188.808120727539
2021-02-11,"MSFT","Technology","Microsoft Corporation",233.557800292969
2021-02-11,"NVDA","Technology","NVIDIA Corporation",15.1894540786743
2021-02-11,"WFC","Financials","Wells Fargo & Company",28.9449100494385
2021-02-11,"XOM","Energy","Exxon Mobil Corporation",40.8747673034668
2021-02-12,"AAPL","Technology","Apple Inc.",131.728408813477
2021-02-12,"AMZN","Consumer","Amazon.com, Inc.",163.885498046875
2021-02-12,"BAC","Financials","Bank of America Corporation",29.2554340362549
2021-02-12,"COP","Energy","ConocoPhillips",39.1536827087402
2021-02-12,"CVX","Energy","Chevron Corporation",73.4342193603516
2021-02-12,"HD","Consumer","The Home Depot, Inc.",242.239608764648
2021-02-12,"JPM","Financials","JPMorgan Chase & Co.",123.200187683105
2021-02-12,"MCD","Consumer","McDonald's Corporation",188.482070922852
2021-02-12,"MSFT","Technology","Microsoft Corporation",234.035430908203
2021-02-12,"NVDA","Technology","NVIDIA Corporation",14.901120185852
2021-02-12,"WFC","Financials","Wells Fargo & Company",29.6614475250244
2021-02-12,"XOM","Energy","Exxon Mobil Corporation",41.4324531555176
2021-02-16,"AAPL","Technology","Apple Inc.",129.607055664062
2021-02-16,"AMZN","Consumer","Amazon.com, Inc.",163.447494506836
2021-02-16,"BAC","Financials","Bank of America Corporation",30.0444622039795
2021-02-16,"COP","Energy","ConocoPhillips",40.556770324707
2021-02-16,"CVX","Energy","Chevron Corporation",74.9389343261719
2021-02-16,"HD","Consumer","The Home Depot, Inc.",240.389068603516
2021-02-16,"JPM","Financials","JPMorgan Chase & Co.",126.165679931641
2021-02-16,"MCD","Consumer","McDonald's Corporation",189.477798461914
2021-02-16,"MSFT","Technology","Microsoft Corporation",232.803085327148
2021-02-16,"NVDA","Technology","NVIDIA Corporation",15.2686367034912
2021-02-16,"WFC","Financials","Wells Fargo & Company",30.7760772705078
2021-02-16,"XOM","Energy","Exxon Mobil Corporation",42.6790313720703
2021-02-17,"AAPL","Technology","Apple Inc.",127.320274353027
2021-02-17,"AMZN","Consumer","Amazon.com, Inc.",165.432006835938
2021-02-17,"BAC","Financials","Bank of America Corporation",30.1671981811523
2021-02-17,"COP","Energy","ConocoPhillips",40.9801940917969
2021-02-17,"CVX","Energy","Chevron Corporation",77.1839599609375
2021-02-17,"HD","Consumer","The Home Depot, Inc.",245.216247558594
2021-02-17,"JPM","Financials","JPMorgan Chase & Co.",126.558197021484
2021-02-17,"MCD","Consumer","McDonald's Corporation",188.085540771484
2021-02-17,"MSFT","Technology","Microsoft Corporation",233.818054199219
2021-02-17,"NVDA","Technology","NVIDIA Corporation",14.8460912704468
2021-02-17,"WFC","Financials","Wells Fargo & Company",32.3683967590332
2021-02-17,"XOM","Energy","Exxon Mobil Corporation",43.343334197998
2021-02-18,"AAPL","Technology","Apple Inc.",126.220672607422
2021-02-18,"AMZN","Consumer","Amazon.com, Inc.",166.411499023438
2021-02-18,"BAC","Financials","Bank of America Corporation",29.9743137359619
2021-02-18,"COP","Energy","ConocoPhillips",39.5937080383301
2021-02-18,"CVX","Energy","Chevron Corporation",76.4436874389648
2021-02-18,"HD","Consumer","The Home Depot, Inc.",247.075531005859
2021-02-18,"JPM","Financials","JPMorgan Chase & Co.",126.985565185547
2021-02-18,"MCD","Consumer","McDonald's Corporation",189.830261230469
2021-02-18,"MSFT","Technology","Microsoft Corporation",233.425445556641
2021-02-18,"NVDA","Technology","NVIDIA Corporation",14.769401550293
2021-02-18,"WFC","Financials","Wells Fargo & Company",32.6957092285156
2021-02-18,"XOM","Energy","Exxon Mobil Corporation",42.6626358032227
2021-02-19,"AAPL","Technology","Apple Inc.",126.376358032227
2021-02-19,"AMZN","Consumer","Amazon.com, Inc.",162.494995117188
2021-02-19,"BAC","Financials","Bank of America Corporation",30.2811698913574
2021-02-19,"COP","Energy","ConocoPhillips",40.1997756958008
2021-02-19,"CVX","Energy","Chevron Corporation",77.0874176025391
2021-02-19,"HD","Consumer","The Home Depot, Inc.",244.098907470703
2021-02-19,"JPM","Financials","JPMorgan Chase & Co.",129.105072021484
2021-02-19,"MCD","Consumer","McDonald's Corporation",187.019271850586
2021-02-19,"MSFT","Technology","Microsoft Corporation",230.725341796875
2021-02-19,"NVDA","Technology","NVIDIA Corporation",14.866509437561
2021-02-19,"WFC","Financials","Wells Fargo & Company",33.4653358459473
2021-02-19,"XOM","Energy","Exxon Mobil Corporation",42.9496726989746
2021-02-22,"AAPL","Technology","Apple Inc.",122.610466003418
2021-02-22,"AMZN","Consumer","Amazon.com, Inc.",159.037002563477
2021-02-22,"BAC","Financials","Bank of America Corporation",30.8159484863281
2021-02-22,"COP","Energy","ConocoPhillips",42.2421455383301
2021-02-22,"CVX","Energy","Chevron Corporation",79.1715087890625
2021-02-22,"HD","Consumer","The Home Depot, Inc.",240.790573120117
2021-02-22,"JPM","Financials","JPMorgan Chase & Co.",130.317428588867
2021-02-22,"MCD","Consumer","McDonald's Corporation",186.860733032227
2021-02-22,"MSFT","Technology","Microsoft Corporation",224.539947509766
2021-02-22,"NVDA","Technology","NVIDIA Corporation",14.2980527877808
2021-02-22,"WFC","Financials","Wells Fargo & Company",32.9610977172852
2021-02-22,"XOM","Energy","Exxon Mobil Corporation",44.5325012207031
2021-02-23,"AAPL","Technology","Apple Inc.",122.474243164062
2021-02-23,"AMZN","Consumer","Amazon.com, Inc.",159.725006103516
2021-02-23,"BAC","Financials","Bank of America Corporation",31.1403274536133
2021-02-23,"COP","Energy","ConocoPhillips",43.2550277709961
2021-02-23,"CVX","Energy","Chevron Corporation",80.169303894043
2021-02-23,"HD","Consumer","The Home Depot, Inc.",233.274887084961
2021-02-23,"JPM","Financials","JPMorgan Chase & Co.",131.364059448242
2021-02-23,"MCD","Consumer","McDonald's Corporation",186.20866394043
2021-02-23,"MSFT","Technology","Microsoft Corporation",223.352691650391
2021-02-23,"NVDA","Technology","NVIDIA Corporation",14.0851612091064
2021-02-23,"WFC","Financials","Wells Fargo & Company",32.8549461364746
2021-02-23,"XOM","Energy","Exxon Mobil Corporation",45.147590637207
2021-02-24,"AAPL","Technology","Apple Inc.",121.977973937988
2021-02-24,"AMZN","Consumer","Amazon.com, Inc.",157.976501464844
2021-02-24,"BAC","Financials","Bank of America Corporation",31.8943004608154
2021-02-24,"COP","Energy","ConocoPhillips",45.3887100219727
2021-02-24,"CVX","Energy","Chevron Corporation",83.1304779052734
2021-02-24,"HD","Consumer","The Home Depot, Inc.",226.928863525391
2021-02-24,"JPM","Financials","JPMorgan Chase & Co.",133.67546081543
2021-02-24,"MCD","Consumer","McDonald's Corporation",187.926956176758
2021-02-24,"MSFT","Technology","Microsoft Corporation",224.57829284668
2021-02-24,"NVDA","Technology","NVIDIA Corporation",14.4407272338867
2021-02-24,"WFC","Financials","Wells Fargo & Company",33.8722648620605
2021-02-24,"XOM","Energy","Exxon Mobil Corporation",46.5007934570312
2021-02-25,"AAPL","Technology","Apple Inc.",117.735252380371
2021-02-25,"AMZN","Consumer","Amazon.com, Inc.",152.858001708984
2021-02-25,"BAC","Financials","Bank of America Corporation",31.4997787475586
2021-02-25,"COP","Energy","ConocoPhillips",44.0271377563477
2021-02-25,"CVX","Energy","Chevron Corporation",82.3580017089844
2021-02-25,"HD","Consumer","The Home Depot, Inc.",222.808792114258
2021-02-25,"JPM","Financials","JPMorgan Chase & Co.",131.861236572266
2021-02-25,"MCD","Consumer","McDonald's Corporation",185.882614135742
2021-02-25,"MSFT","Technology","Microsoft Corporation",219.254699707031
2021-02-25,"NVDA","Technology","NVIDIA Corporation",13.2540149688721
2021-02-25,"WFC","Financials","Wells Fargo & Company",33.226490020752
2021-02-25,"XOM","Energy","Exxon Mobil Corporation",45.7298812866211
2021-02-26,"AAPL","Technology","Apple Inc.",117.997978210449
2021-02-26,"AMZN","Consumer","Amazon.com, Inc.",154.646499633789
2021-02-26,"BAC","Financials","Bank of America Corporation",30.4302043914795
2021-02-26,"COP","Energy","ConocoPhillips",43.180305480957
2021-02-26,"CVX","Energy","Chevron Corporation",80.4670181274414
2021-02-26,"HD","Consumer","The Home Depot, Inc.",225.505996704102
2021-02-26,"JPM","Financials","JPMorgan Chase & Co.",128.363647460938
2021-02-26,"MCD","Consumer","McDonald's Corporation",182.761840820312
2021-02-26,"MSFT","Technology","Microsoft Corporation",222.500564575195
2021-02-26,"NVDA","Technology","NVIDIA Corporation",13.6593809127808
2021-02-26,"WFC","Financials","Wells Fargo & Company",31.9968585968018
2021-02-26,"XOM","Energy","Exxon Mobil Corporation",44.5899124145508
2021-03-01,"AAPL","Technology","Apple Inc.",124.352317810059
2021-03-01,"AMZN","Consumer","Amazon.com, Inc.",157.307006835938
2021-03-01,"BAC","Financials","Bank of America Corporation",31.377046585083
2021-03-01,"COP","Energy","ConocoPhillips",43.6784439086914
2021-03-01,"CVX","Energy","Chevron Corporation",82.1165924072266
2021-03-01,"HD","Consumer","The Home Depot, Inc.",228.369155883789
2021-03-01,"JPM","Financials","JPMorgan Chase & Co.",131.268157958984
2021-03-01,"MCD","Consumer","McDonald's Corporation",184.632553100586
2021-03-01,"MSFT","Technology","Microsoft Corporation",226.866683959961
2021-03-01,"NVDA","Technology","NVIDIA Corporation",13.7861194610596
2021-03-01,"WFC","Financials","Wells Fargo & Company",32.810718536377
2021-03-01,"XOM","Energy","Exxon Mobil Corporation",46.2547645568848
2021-03-02,"AAPL","Technology","Apple Inc.",121.754165649414
2021-03-02,"AMZN","Consumer","Amazon.com, Inc.",154.726501464844
2021-03-02,"BAC","Financials","Bank of America Corporation",31.1490917205811
2021-03-02,"COP","Energy","ConocoPhillips",43.4044647216797
2021-03-02,"CVX","Energy","Chevron Corporation",82.430419921875
2021-03-02,"HD","Consumer","The Home Depot, Inc.",227.208206176758
2021-03-02,"JPM","Financials","JPMorgan Chase & Co.",130.840759277344
2021-03-02,"MCD","Consumer","McDonald's Corporation",185.004943847656
2021-03-02,"MSFT","Technology","Microsoft Corporation",223.927215576172
2021-03-02,"NVDA","Technology","NVIDIA Corporation",13.3523693084717
2021-03-02,"WFC","Financials","Wells Fargo & Company",32.8549461364746
2021-03-02,"XOM","Energy","Exxon Mobil Corporation",45.9841194152832
2021-03-03,"AAPL","Technology","Apple Inc.",118.776473999023
2021-03-03,"AMZN","Consumer","Amazon.com, Inc.",150.25
2021-03-03,"BAC","Financials","Bank of America Corporation",31.9293575286865
2021-03-03,"COP","Energy","ConocoPhillips",44.5501861572266
2021-03-03,"CVX","Energy","Chevron Corporation",83.3557968139648
2021-03-03,"HD","Consumer","The Home Depot, Inc.",224.65055847168
2021-03-03,"JPM","Financials","JPMorgan Chase & Co.",133.370178222656
2021-03-03,"MCD","Consumer","McDonald's Corporation",182.478103637695
2021-03-03,"MSFT","Technology","Microsoft Corporation",217.88542175293
2021-03-03,"NVDA","Technology","NVIDIA Corporation",12.75328540802
2021-03-03,"WFC","Financials","Wells Fargo & Company",33.3414840698242
2021-03-03,"XOM","Energy","Exxon Mobil Corporation",46.3531761169434
2021-03-04,"AAPL","Technology","Apple Inc.",116.898376464844
2021-03-04,"AMZN","Consumer","Amazon.com, Inc.",148.878494262695
2021-03-04,"BAC","Financials","Bank of America Corporation",32.1584396362305
2021-03-04,"COP","Energy","ConocoPhillips",46.177433013916
2021-03-04,"CVX","Energy","Chevron Corporation",84.0880355834961
2021-03-04,"HD","Consumer","The Home Depot, Inc.",219.037780761719
2021-03-04,"JPM","Financials","JPMorgan Chase & Co.",131.320449829102
2021-03-04,"MCD","Consumer","McDonald's Corporation",181.609268188477
2021-03-04,"MSFT","Technology","Microsoft Corporation",217.090759277344
2021-03-04,"NVDA","Technology","NVIDIA Corporation",12.3205347061157
2021-03-04,"WFC","Financials","Wells Fargo & Company",32.872631072998
2021-03-04,"XOM","Energy","Exxon Mobil Corporation",48.149242401123
2021-03-05,"AAPL","Technology","Apple Inc.",118.153717041016
2021-03-05,"AMZN","Consumer","Amazon.com, Inc.",150.022994995117
2021-03-05,"BAC","Financials","Bank of America Corporation",32.5372772216797
2021-03-05,"COP","Energy","ConocoPhillips",48.435661315918
2021-03-05,"CVX","Energy","Chevron Corporation",87.7090606689453
2021-03-05,"HD","Consumer","The Home Depot, Inc.",221.29866027832
2021-03-05,"JPM","Financials","JPMorgan Chase & Co.",131.625747680664
2021-03-05,"MCD","Consumer","McDonald's Corporation",183.852340698242
2021-03-05,"MSFT","Technology","Microsoft Corporation",221.75373840332
2021-03-05,"NVDA","Technology","NVIDIA Corporation",12.4114170074463
2021-03-05,"WFC","Financials","Wells Fargo & Company",33.1114845275879
2021-03-05,"XOM","Energy","Exxon Mobil Corporation",49.9699020385742
2021-03-08,"AAPL","Technology","Apple Inc.",113.229827880859
2021-03-08,"AMZN","Consumer","Amazon.com, Inc.",147.597503662109
2021-03-08,"BAC","Financials","Bank of America Corporation",32.7135009765625
2021-03-08,"COP","Energy","ConocoPhillips",48.8009719848633
2021-03-08,"CVX","Energy","Chevron Corporation",88.3125610351562
2021-03-08,"HD","Consumer","The Home Depot, Inc.",226.108291625977
2021-03-08,"JPM","Financials","JPMorgan Chase & Co.",133.370178222656
2021-03-08,"MCD","Consumer","McDonald's Corporation",185.39501953125
2021-03-08,"MSFT","Technology","Microsoft Corporation",217.722686767578
2021-03-08,"NVDA","Technology","NVIDIA Corporation",11.5466575622559
2021-03-08,"WFC","Financials","Wells Fargo & Company",34.2084197998047
2021-03-08,"XOM","Energy","Exxon Mobil Corporation",49.9206886291504
2021-03-09,"AAPL","Technology","Apple Inc.",117.832557678223
2021-03-09,"AMZN","Consumer","Amazon.com, Inc.",153.142501831055
2021-03-09,"BAC","Financials","Bank of America Corporation",31.9998455047607
2021-03-09,"COP","Energy","ConocoPhillips",48.0703620910645
2021-03-09,"CVX","Energy","Chevron Corporation",88.1114044189453
2021-03-09,"HD","Consumer","The Home Depot, Inc.",231.284652709961
2021-03-09,"JPM","Financials","JPMorgan Chase & Co.",132.428176879883
2021-03-09,"MCD","Consumer","McDonald's Corporation",184.898544311523
2021-03-09,"MSFT","Technology","Microsoft Corporation",223.841003417969
2021-03-09,"NVDA","Technology","NVIDIA Corporation",12.4742336273193
2021-03-09,"WFC","Financials","Wells Fargo & Company",33.7307281494141
2021-03-09,"XOM","Energy","Exxon Mobil Corporation",49.1497840881348
2021-03-10,"AAPL","Technology","Apple Inc.",116.752433776855
2021-03-10,"AMZN","Consumer","Amazon.com, Inc.",152.88200378418
2021-03-10,"BAC","Financials","Bank of America Corporation",32.9249572753906
2021-03-10,"COP","Energy","ConocoPhillips",49.3323059082031
2021-03-10,"CVX","Energy","Chevron Corporation",89.6161499023438
2021-03-10,"HD","Consumer","The Home Depot, Inc.",233.858322143555
2021-03-10,"JPM","Financials","JPMorgan Chase & Co.",135.306518554688
2021-03-10,"MCD","Consumer","McDonald's Corporation",189.118682861328
2021-03-10,"MSFT","Technology","Microsoft Corporation",222.538803100586
2021-03-10,"NVDA","Technology","NVIDIA Corporation",12.4224243164062
2021-03-10,"WFC","Financials","Wells Fargo & Company",35.0134391784668
2021-03-10,"XOM","Energy","Exxon Mobil Corporation",50.6588020324707
2021-03-11,"AAPL","Technology","Apple Inc.",118.679145812988
2021-03-11,"AMZN","Consumer","Amazon.com, Inc.",155.679504394531
2021-03-11,"BAC","Financials","Bank of America Corporation",32.810417175293
2021-03-11,"COP","Energy","ConocoPhillips",49.6727027893066
2021-03-11,"CVX","Energy","Chevron Corporation",89.4712905883789
2021-03-11,"HD","Consumer","The Home Depot, Inc.",236.150833129883
2021-03-11,"JPM","Financials","JPMorgan Chase & Co.",134.599990844727
2021-03-11,"MCD","Consumer","McDonald's Corporation",187.576049804688
2021-03-11,"MSFT","Technology","Microsoft Corporation",227.048629760742
2021-03-11,"NVDA","Technology","NVIDIA Corporation",12.945743560791
2021-03-11,"WFC","Financials","Wells Fargo & Company",34.3941955566406
2021-03-11,"XOM","Energy","Exxon Mobil Corporation",50.2815437316895
2021-03-12,"AAPL","Technology","Apple Inc.",117.77416229248
2021-03-12,"AMZN","Consumer","Amazon.com, Inc.",154.474502563477
2021-03-12,"BAC","Financials","Bank of America Corporation",33.4271583557129
2021-03-12,"COP","Energy","ConocoPhillips",49.1413650512695
2021-03-12,"CVX","Energy","Chevron Corporation",89.7690200805664
2021-03-12,"HD","Consumer","The Home Depot, Inc.",239.883987426758
2021-03-12,"JPM","Financials","JPMorgan Chase & Co.",136.196105957031
2021-03-12,"MCD","Consumer","McDonald's Corporation",188.258697509766
2021-03-12,"MSFT","Technology","Microsoft Corporation",225.727279663086
2021-03-12,"NVDA","Technology","NVIDIA Corporation",12.8087491989136
2021-03-12,"WFC","Financials","Wells Fargo & Company",35.3584327697754
2021-03-12,"XOM","Energy","Exxon Mobil Corporation",50.8228340148926
2021-03-15,"AAPL","Technology","Apple Inc.",120.654563903809
2021-03-15,"AMZN","Consumer","Amazon.com, Inc.",154.083999633789
2021-03-15,"BAC","Financials","Bank of America Corporation",33.2597465515137
2021-03-15,"COP","Energy","ConocoPhillips",48.2862205505371
2021-03-15,"CVX","Energy","Chevron Corporation",88.7149047851562
2021-03-15,"HD","Consumer","The Home Depot, Inc.",244.662322998047
2021-03-15,"JPM","Financials","JPMorgan Chase & Co.",135.515823364258
2021-03-15,"MCD","Consumer","McDonald's Corporation",195.457824707031
2021-03-15,"MSFT","Technology","Microsoft Corporation",224.827270507812
2021-03-15,"NVDA","Technology","NVIDIA Corporation",13.142767906189
2021-03-15,"WFC","Financials","Wells Fargo & Company",35.1195755004883
2021-03-15,"XOM","Energy","Exxon Mobil Corporation",49.5270347595215
2021-03-16,"AAPL","Technology","Apple Inc.",122.192031860352
2021-03-16,"AMZN","Consumer","Amazon.com, Inc.",154.593002319336
2021-03-16,"BAC","Financials","Bank of America Corporation",33.1628265380859
2021-03-16,"COP","Energy","ConocoPhillips",46.9744606018066
2021-03-16,"CVX","Energy","Chevron Corporation",86.6146774291992
2021-03-16,"HD","Consumer","The Home Depot, Inc.",247.771697998047
2021-03-16,"JPM","Financials","JPMorgan Chase & Co.",133.893463134766
2021-03-16,"MCD","Consumer","McDonald's Corporation",194.925903320312
2021-03-16,"MSFT","Technology","Microsoft Corporation",227.603942871094
2021-03-16,"NVDA","Technology","NVIDIA Corporation",13.2424001693726
2021-03-16,"WFC","Financials","Wells Fargo & Company",34.8099632263184
2021-03-16,"XOM","Energy","Exxon Mobil Corporation",48.4772872924805
2021-03-17,"AAPL","Technology","Apple Inc.",121.403816223145
2021-03-17,"AMZN","Consumer","Amazon.com, Inc.",156.786499023438
2021-03-17,"BAC","Financials","Bank of America Corporation",33.4359550476074
2021-03-17,"COP","Energy","ConocoPhillips",47.182014465332
2021-03-17,"CVX","Energy","Chevron Corporation",86.9285354614258
2021-03-17,"HD","Consumer","The Home Depot, Inc.",245.971099853516
2021-03-17,"JPM","Financials","JPMorgan Chase & Co.",135.271606445312
2021-03-17,"MCD","Consumer","McDonald's Corporation",198.693862915039
2021-03-17,"MSFT","Technology","Microsoft Corporation",226.96240234375
2021-03-17,"NVDA","Technology","NVIDIA Corporation",13.2922163009644
2021-03-17,"WFC","Financials","Wells Fargo & Company",35.2434310913086
2021-03-17,"XOM","Energy","Exxon Mobil Corporation",48.6905097961426
2021-03-18,"AAPL","Technology","Apple Inc.",117.287612915039
2021-03-18,"AMZN","Consumer","Amazon.com, Inc.",151.399505615234
2021-03-18,"BAC","Financials","Bank of America Corporation",34.3081932067871
2021-03-18,"COP","Energy","ConocoPhillips",44.3177146911621
2021-03-18,"CVX","Energy","Chevron Corporation",83.7822570800781
2021-03-18,"HD","Consumer","The Home Depot, Inc.",248.720352172852
2021-03-18,"JPM","Financials","JPMorgan Chase & Co.",137.504470825195
2021-03-18,"MCD","Consumer","McDonald's Corporation",197.621109008789
2021-03-18,"MSFT","Technology","Microsoft Corporation",220.911117553711
2021-03-18,"NVDA","Technology","NVIDIA Corporation",12.6757402420044
2021-03-18,"WFC","Financials","Wells Fargo & Company",36.1015167236328
2021-03-18,"XOM","Energy","Exxon Mobil Corporation",46.5910034179688
2021-03-19,"AAPL","Technology","Apple Inc.",116.762153625488
2021-03-19,"AMZN","Consumer","Amazon.com, Inc.",153.748001098633
2021-03-19,"BAC","Financials","Bank of America Corporation",33.9469680786133
2021-03-19,"COP","Energy","ConocoPhillips",43.6701354980469
2021-03-19,"CVX","Energy","Chevron Corporation",83.1868057250977
2021-03-19,"HD","Consumer","The Home Depot, Inc.",253.937942504883
2021-03-19,"JPM","Financials","JPMorgan Chase & Co.",135.315185546875
2021-03-19,"MCD","Consumer","McDonald's Corporation",197.213272094727
2021-03-19,"MSFT","Technology","Microsoft Corporation",220.556854248047
2021-03-19,"NVDA","Technology","NVIDIA Corporation",12.7985382080078
2021-03-19,"WFC","Financials","Wells Fargo & Company",35.0576667785645
2021-03-19,"XOM","Energy","Exxon Mobil Corporation",46.3285713195801
2021-03-22,"AAPL","Technology","Apple Inc.",120.070686340332
2021-03-22,"AMZN","Consumer","Amazon.com, Inc.",155.543502807617
2021-03-22,"BAC","Financials","Bank of America Corporation",33.1804504394531
2021-03-22,"COP","Energy","ConocoPhillips",43.3712577819824
2021-03-22,"CVX","Energy","Chevron Corporation",82.5109024047852
2021-03-22,"HD","Consumer","The Home Depot, Inc.",253.797393798828
2021-03-22,"JPM","Financials","JPMorgan Chase & Co.",131.678070068359
2021-03-22,"MCD","Consumer","McDonald's Corporation",199.544982910156
2021-03-22,"MSFT","Technology","Microsoft Corporation",225.957077026367
2021-03-22,"NVDA","Technology","NVIDIA Corporation",13.1377859115601
2021-03-22,"WFC","Financials","Wells Fargo & Company",34.4738159179688
2021-03-22,"XOM","Energy","Exxon Mobil Corporation",45.852897644043
2021-03-23,"AAPL","Technology","Apple Inc.",119.24356842041
2021-03-23,"AMZN","Consumer","Amazon.com, Inc.",156.875
2021-03-23,"BAC","Financials","Bank of America Corporation",32.510856628418
2021-03-23,"COP","Energy","ConocoPhillips",42.9312210083008
2021-03-23,"CVX","Energy","Chevron Corporation",82.0522232055664
2021-03-23,"HD","Consumer","The Home Depot, Inc.",254.710876464844
2021-03-23,"JPM","Financials","JPMorgan Chase & Co.",130.361053466797
2021-03-23,"MCD","Consumer","McDonald's Corporation",198.924392700195
2021-03-23,"MSFT","Technology","Microsoft Corporation",227.4794921875
2021-03-23,"NVDA","Technology","NVIDIA Corporation",13.0227117538452
2021-03-23,"WFC","Financials","Wells Fargo & Company",33.8280372619629
2021-03-23,"XOM","Energy","Exxon Mobil Corporation",45.2870216369629
2021-03-24,"AAPL","Technology","Apple Inc.",116.859466552734
2021-03-24,"AMZN","Consumer","Amazon.com, Inc.",154.353500366211
2021-03-24,"BAC","Financials","Bank of America Corporation",32.510856628418
2021-03-24,"COP","Energy","ConocoPhillips",44.1765823364258
2021-03-24,"CVX","Energy","Chevron Corporation",84.2489624023438
2021-03-24,"HD","Consumer","The Home Depot, Inc.",257.144012451172
2021-03-24,"JPM","Financials","JPMorgan Chase & Co.",131.372787475586
2021-03-24,"MCD","Consumer","McDonald's Corporation",198.640701293945
2021-03-24,"MSFT","Technology","Microsoft Corporation",225.449600219727
2021-03-24,"NVDA","Technology","NVIDIA Corporation",12.5965337753296
2021-03-24,"WFC","Financials","Wells Fargo & Company",33.7218780517578
2021-03-24,"XOM","Energy","Exxon Mobil Corporation",46.2055549621582
2021-03-25,"AAPL","Technology","Apple Inc.",117.345993041992
2021-03-25,"AMZN","Consumer","Amazon.com, Inc.",152.313003540039
2021-03-25,"BAC","Financials","Bank of America Corporation",33.1804504394531
2021-03-25,"COP","Energy","ConocoPhillips",44.4754676818848
2021-03-25,"CVX","Energy","Chevron Corporation",84.5466995239258
2021-03-25,"HD","Consumer","The Home Depot, Inc.",261.035186767578
2021-03-25,"JPM","Financials","JPMorgan Chase & Co.",133.056182861328
2021-03-25,"MCD","Consumer","McDonald's Corporation",198.773666381836
2021-03-25,"MSFT","Technology","Microsoft Corporation",222.46223449707
2021-03-25,"NVDA","Technology","NVIDIA Corporation",12.4891805648804
2021-03-25,"WFC","Financials","Wells Fargo & Company",34.7657356262207
2021-03-25,"XOM","Energy","Exxon Mobil Corporation",46.074333190918
2021-03-26,"AAPL","Technology","Apple Inc.",117.949325561523
2021-03-26,"AMZN","Consumer","Amazon.com, Inc.",152.601501464844
2021-03-26,"BAC","Financials","Bank of America Corporation",34.0791282653809
2021-03-26,"COP","Energy","ConocoPhillips",45.6959037780762
2021-03-26,"CVX","Energy","Chevron Corporation",86.4859619140625
2021-03-26,"HD","Consumer","The Home Depot, Inc.",266.858856201172
2021-03-26,"JPM","Financials","JPMorgan Chase & Co.",135.271606445312
2021-03-26,"MCD","Consumer","McDonald's Corporation",199.669143676758
2021-03-26,"MSFT","Technology","Microsoft Corporation",226.426223754883
2021-03-26,"NVDA","Technology","NVIDIA Corporation",12.7920598983765
2021-03-26,"WFC","Financials","Wells Fargo & Company",35.1726570129395
2021-03-26,"XOM","Energy","Exxon Mobil Corporation",47.3291168212891
2021-03-29,"AAPL","Technology","Apple Inc.",118.124481201172
2021-03-29,"AMZN","Consumer","Amazon.com, Inc.",153.786499023438
2021-03-29,"BAC","Financials","Bank of America Corporation",33.7531433105469
2021-03-29,"COP","Energy","ConocoPhillips",44.6996231079102
2021-03-29,"CVX","Energy","Chevron Corporation",86.0353546142578
2021-03-29,"HD","Consumer","The Home Depot, Inc.",265.444641113281
2021-03-29,"JPM","Financials","JPMorgan Chase & Co.",133.169525146484
2021-03-29,"MCD","Consumer","McDonald's Corporation",201.566421508789
2021-03-29,"MSFT","Technology","Microsoft Corporation",225.238967895508
2021-03-29,"NVDA","Technology","NVIDIA Corporation",12.9006605148315
2021-03-29,"WFC","Financials","Wells Fargo & Company",34.0049591064453
2021-03-29,"XOM","Energy","Exxon Mobil Corporation",47.0748825073242
2021-03-30,"AAPL","Technology","Apple Inc.",116.674583435059
2021-03-30,"AMZN","Consumer","Amazon.com, Inc.",152.764495849609
2021-03-30,"BAC","Financials","Bank of America Corporation",34.3522605895996
2021-03-30,"COP","Energy","ConocoPhillips",44.3592338562012
2021-03-30,"CVX","Energy","Chevron Corporation",85.2387237548828
2021-03-30,"HD","Consumer","The Home Depot, Inc.",267.745910644531
2021-03-30,"JPM","Financials","JPMorgan Chase & Co.",134.739593505859
2021-03-30,"MCD","Consumer","McDonald's Corporation",199.465225219727
2021-03-30,"MSFT","Technology","Microsoft Corporation",221.993072509766
2021-03-30,"NVDA","Technology","NVIDIA Corporation",12.8244409561157
2021-03-30,"WFC","Financials","Wells Fargo & Company",34.8453521728516
2021-03-30,"XOM","Energy","Exxon Mobil Corporation",46.4925918579102
2021-03-31,"AAPL","Technology","Apple Inc.",118.864067077637
2021-03-31,"AMZN","Consumer","Amazon.com, Inc.",154.703994750977
2021-03-31,"BAC","Financials","Bank of America Corporation",34.0879287719727
2021-03-31,"COP","Energy","ConocoPhillips",43.9773216247559
2021-03-31,"CVX","Energy","Chevron Corporation",84.3214111328125
2021-03-31,"HD","Consumer","The Home Depot, Inc.",268.123626708984
2021-03-31,"JPM","Financials","JPMorgan Chase & Co.",132.777069091797
2021-03-31,"MCD","Consumer","McDonald's Corporation",198.720474243164
2021-03-31,"MSFT","Technology","Microsoft Corporation",225.746398925781
2021-03-31,"NVDA","Technology","NVIDIA Corporation",13.2991924285889
2021-03-31,"WFC","Financials","Wells Fargo & Company",34.5622596740723
2021-03-31,"XOM","Energy","Exxon Mobil Corporation",45.7872924804688
2021-04-01,"AAPL","Technology","Apple Inc.",119.69116973877
2021-04-01,"AMZN","Consumer","Amazon.com, Inc.",158.050003051758
2021-04-01,"BAC","Financials","Bank of America Corporation",34.792781829834
2021-04-01,"COP","Energy","ConocoPhillips",44.849063873291
2021-04-01,"CVX","Energy","Chevron Corporation",85.0938720703125
2021-04-01,"HD","Consumer","The Home Depot, Inc.",270.319641113281
2021-04-01,"JPM","Financials","JPMorgan Chase & Co.",134.067962646484
2021-04-01,"MCD","Consumer","McDonald's Corporation",199.669143676758
2021-04-01,"MSFT","Technology","Microsoft Corporation",232.046661376953
2021-04-01,"NVDA","Technology","NVIDIA Corporation",13.7609882354736
2021-04-01,"WFC","Financials","Wells Fargo & Company",35.0576667785645
2021-04-01,"XOM","Energy","Exxon Mobil Corporation",47.0666809082031
2021-04-05,"AAPL","Technology","Apple Inc.",122.513160705566
2021-04-05,"AMZN","Consumer","Amazon.com, Inc.",161.336502075195
2021-04-05,"BAC","Financials","Bank of America Corporation",35.0659065246582
2021-04-05,"COP","Energy","ConocoPhillips",43.3463439941406
2021-04-05,"CVX","Energy","Chevron Corporation",84.0960845947266
2021-04-05,"HD","Consumer","The Home Depot, Inc.",277.039215087891
2021-04-05,"JPM","Financials","JPMorgan Chase & Co.",134.778610229492
2021-04-05,"MCD","Consumer","McDonald's Corporation",202.896347045898
2021-04-05,"MSFT","Technology","Microsoft Corporation",238.481002807617
2021-04-05,"NVDA","Technology","NVIDIA Corporation",13.9360904693604
2021-04-05,"WFC","Financials","Wells Fargo & Company",34.9249687194824
2021-04-05,"XOM","Energy","Exxon Mobil Corporation",46.3367652893066
2021-04-06,"AAPL","Technology","Apple Inc.",122.814811706543
2021-04-06,"AMZN","Consumer","Amazon.com, Inc.",161.190994262695
2021-04-06,"BAC","Financials","Bank of America Corporation",34.9689903259277
2021-04-06,"COP","Energy","ConocoPhillips",43.6535377502441
2021-04-06,"CVX","Energy","Chevron Corporation",83.3477554321289
2021-04-06,"HD","Consumer","The Home Depot, Inc.",275.6162109375
2021-04-06,"JPM","Financials","JPMorgan Chase & Co.",133.8310546875
2021-04-06,"MCD","Consumer","McDonald's Corporation",205.609283447266
2021-04-06,"MSFT","Technology","Microsoft Corporation",237.322479248047
2021-04-06,"NVDA","Technology","NVIDIA Corporation",13.8105545043945
2021-04-06,"WFC","Financials","Wells Fargo & Company",35.2522773742676
2021-04-06,"XOM","Energy","Exxon Mobil Corporation",46.2055549621582
2021-04-07,"AAPL","Technology","Apple Inc.",124.459381103516
2021-04-07,"AMZN","Consumer","Amazon.com, Inc.",163.969497680664
2021-04-07,"BAC","Financials","Bank of America Corporation",35.2861747741699
2021-04-07,"COP","Energy","ConocoPhillips",43.4874801635742
2021-04-07,"CVX","Energy","Chevron Corporation",83.8385925292969
2021-04-07,"HD","Consumer","The Home Depot, Inc.",274.465515136719
2021-04-07,"JPM","Financials","JPMorgan Chase & Co.",135.927947998047
2021-04-07,"MCD","Consumer","McDonald's Corporation",206.229873657227
2021-04-07,"MSFT","Technology","Microsoft Corporation",239.275680541992
2021-04-07,"NVDA","Technology","NVIDIA Corporation",14.0915184020996
2021-04-07,"WFC","Financials","Wells Fargo & Company",35.3761291503906
2021-04-07,"XOM","Energy","Exxon Mobil Corporation",46.410587310791
2021-04-08,"AAPL","Technology","Apple Inc.",126.853179931641
2021-04-08,"AMZN","Consumer","Amazon.com, Inc.",164.964996337891
2021-04-08,"BAC","Financials","Bank of America Corporation",34.9778022766113
2021-04-08,"COP","Energy","ConocoPhillips",42.5410308837891
2021-04-08,"CVX","Energy","Chevron Corporation",82.8971252441406
2021-04-08,"HD","Consumer","The Home Depot, Inc.",276.187133789062
2021-04-08,"JPM","Financials","JPMorgan Chase & Co.",136.094650268555
2021-04-08,"MCD","Consumer","McDonald's Corporation",204.137542724609
2021-04-08,"MSFT","Technology","Microsoft Corporation",242.483261108398
2021-04-08,"NVDA","Technology","NVIDIA Corporation",14.2643795013428
2021-04-08,"WFC","Financials","Wells Fargo & Company",35.4115104675293
2021-04-08,"XOM","Energy","Exxon Mobil Corporation",45.9267082214355
2021-04-09,"AAPL","Technology","Apple Inc.",129.422164916992
2021-04-09,"AMZN","Consumer","Amazon.com, Inc.",168.610000610352
2021-04-09,"BAC","Financials","Bank of America Corporation",35.2333030700684
2021-04-09,"COP","Energy","ConocoPhillips",42.5327224731445
2021-04-09,"CVX","Energy","Chevron Corporation",82.8166580200195
2021-04-09,"HD","Consumer","The Home Depot, Inc.",280.4033203125
2021-04-09,"JPM","Financials","JPMorgan Chase & Co.",137.112335205078
2021-04-09,"MCD","Consumer","McDonald's Corporation",205.228073120117
2021-04-09,"MSFT","Technology","Microsoft Corporation",244.972747802734
2021-04-09,"NVDA","Technology","NVIDIA Corporation",14.347074508667
2021-04-09,"WFC","Financials","Wells Fargo & Company",35.8272819519043
2021-04-09,"XOM","Energy","Exxon Mobil Corporation",45.8201026916504
2021-04-12,"AAPL","Technology","Apple Inc.",127.709518432617
2021-04-12,"AMZN","Consumer","Amazon.com, Inc.",168.969497680664
2021-04-12,"BAC","Financials","Bank of America Corporation",35.2949867248535
2021-04-12,"COP","Energy","ConocoPhillips",42.2255401611328
2021-04-12,"CVX","Energy","Chevron Corporation",81.8993453979492
2021-04-12,"HD","Consumer","The Home Depot, Inc.",281.773620605469
2021-04-12,"JPM","Financials","JPMorgan Chase & Co.",136.822845458984
2021-04-12,"MCD","Consumer","McDonald's Corporation",204.767044067383
2021-04-12,"MSFT","Technology","Microsoft Corporation",245.030181884766
2021-04-12,"NVDA","Technology","NVIDIA Corporation",15.1531019210815
2021-04-12,"WFC","Financials","Wells Fargo & Company",36.0661277770996
2021-04-12,"XOM","Energy","Exxon Mobil Corporation",45.516658782959
2021-04-13,"AAPL","Technology","Apple Inc.",130.813674926758
2021-04-13,"AMZN","Consumer","Amazon.com, Inc.",170
2021-04-13,"BAC","Financials","Bank of America Corporation",34.6430015563965
2021-04-13,"COP","Energy","ConocoPhillips",42.1674194335938
2021-04-13,"CVX","Energy","Chevron Corporation",82.2694931030273
2021-04-13,"HD","Consumer","The Home Depot, Inc.",281.431060791016
2021-04-13,"JPM","Financials","JPMorgan Chase & Co.",135.190948486328
2021-04-13,"MCD","Consumer","McDonald's Corporation",205.086196899414
2021-04-13,"MSFT","Technology","Microsoft Corporation",247.500442504883
2021-04-13,"NVDA","Technology","NVIDIA Corporation",15.6218709945679
2021-04-13,"WFC","Financials","Wells Fargo & Company",35.1991958618164
2021-04-13,"XOM","Energy","Exxon Mobil Corporation",45.6888732910156
2021-04-14,"AAPL","Technology","Apple Inc.",128.478240966797
2021-04-14,"AMZN","Consumer","Amazon.com, Inc.",166.649993896484
2021-04-14,"BAC","Financials","Bank of America Corporation",35.1363945007324
2021-04-14,"COP","Energy","ConocoPhillips",43.7448616027832
2021-04-14,"CVX","Energy","Chevron Corporation",83.9029541015625
2021-04-14,"HD","Consumer","The Home Depot, Inc.",281.097198486328
2021-04-14,"JPM","Financials","JPMorgan Chase & Co.",132.664154052734
2021-04-14,"MCD","Consumer","McDonald's Corporation",204.190734863281
2021-04-14,"MSFT","Technology","Microsoft Corporation",244.723785400391
2021-04-14,"NVDA","Technology","NVIDIA Corporation",15.220850944519
2021-04-14,"WFC","Financials","Wells Fargo & Company",37.1453666687012
2021-04-14,"XOM","Energy","Exxon Mobil Corporation",47.0092697143555
2021-04-15,"AAPL","Technology","Apple Inc.",130.8818359375
2021-04-15,"AMZN","Consumer","Amazon.com, Inc.",168.954498291016
2021-04-15,"BAC","Financials","Bank of America Corporation",34.1319923400879
2021-04-15,"COP","Energy","ConocoPhillips",43.0889854431152
2021-04-15,"CVX","Energy","Chevron Corporation",83.218994140625
2021-04-15,"HD","Consumer","The Home Depot, Inc.",283.486480712891
2021-04-15,"JPM","Financials","JPMorgan Chase & Co.",133.506423950195
2021-04-15,"MCD","Consumer","McDonald's Corporation",205.050735473633
2021-04-15,"MSFT","Technology","Microsoft Corporation",248.467590332031
2021-04-15,"NVDA","Technology","NVIDIA Corporation",16.0779457092285
2021-04-15,"WFC","Financials","Wells Fargo & Company",37.3665237426758
2021-04-15,"XOM","Energy","Exxon Mobil Corporation",46.7304344177246
2021-04-16,"AAPL","Technology","Apple Inc.",130.550933837891
2021-04-16,"AMZN","Consumer","Amazon.com, Inc.",169.97200012207
2021-04-16,"BAC","Financials","Bank of America Corporation",34.4932250976562
2021-04-16,"COP","Energy","ConocoPhillips",42.4164886474609
2021-04-16,"CVX","Energy","Chevron Corporation",82.8488616943359
2021-04-16,"HD","Consumer","The Home Depot, Inc.",288.176910400391
2021-04-16,"JPM","Financials","JPMorgan Chase & Co.",134.497833251953
2021-04-16,"MCD","Consumer","McDonald's Corporation",206.646591186523
2021-04-16,"MSFT","Technology","Microsoft Corporation",249.654876708984
2021-04-16,"NVDA","Technology","NVIDIA Corporation",15.8540163040161
2021-04-16,"WFC","Financials","Wells Fargo & Company",38.7819290161133
2021-04-16,"XOM","Energy","Exxon Mobil Corporation",46.4679908752441
2021-04-19,"AAPL","Technology","Apple Inc.",131.212707519531
2021-04-19,"AMZN","Consumer","Amazon.com, Inc.",168.600494384766
2021-04-19,"BAC","Financials","Bank of America Corporation",34.5108413696289
2021-04-19,"COP","Energy","ConocoPhillips",42.2504539489746
2021-04-19,"CVX","Energy","Chevron Corporation",83.0902481079102
2021-04-19,"HD","Consumer","The Home Depot, Inc.",287.096557617188
2021-04-19,"JPM","Financials","JPMorgan Chase & Co.",133.92756652832
2021-04-19,"MCD","Consumer","McDonald's Corporation",205.520660400391
2021-04-19,"MSFT","Technology","Microsoft Corporation",247.739852905273
2021-04-19,"NVDA","Technology","NVIDIA Corporation",15.3052883148193
2021-04-19,"WFC","Financials","Wells Fargo & Company",38.8173141479492
2021-04-19,"XOM","Energy","Exxon Mobil Corporation",46.3203735351562
2021-04-20,"AAPL","Technology","Apple Inc.",129.529205322266
2021-04-20,"AMZN","Consumer","Amazon.com, Inc.",166.734497070312
2021-04-20,"BAC","Financials","Bank of America Corporation",33.5505027770996
2021-04-20,"COP","Energy","ConocoPhillips",40.3907318115234
2021-04-20,"CVX","Energy","Chevron Corporation",81.5372543334961
2021-04-20,"HD","Consumer","The Home Depot, Inc.",284.557983398438
2021-04-20,"JPM","Financials","JPMorgan Chase & Co.",130.962112426758
2021-04-20,"MCD","Consumer","McDonald's Corporation",206.584518432617
2021-04-20,"MSFT","Technology","Microsoft Corporation",247.2802734375
2021-04-20,"NVDA","Technology","NVIDIA Corporation",15.1154890060425
2021-04-20,"WFC","Financials","Wells Fargo & Company",37.6319160461426
2021-04-20,"XOM","Energy","Exxon Mobil Corporation",45.3444213867188
2021-04-21,"AAPL","Technology","Apple Inc.",129.908752441406
2021-04-21,"AMZN","Consumer","Amazon.com, Inc.",168.100997924805
2021-04-21,"BAC","Financials","Bank of America Corporation",34.114372253418
2021-04-21,"COP","Energy","ConocoPhillips",41.5447463989258
2021-04-21,"CVX","Energy","Chevron Corporation",82.6637725830078
2021-04-21,"HD","Consumer","The Home Depot, Inc.",286.306091308594
2021-04-21,"JPM","Financials","JPMorgan Chase & Co.",132.076324462891
2021-04-21,"MCD","Consumer","McDonald's Corporation",205.919555664062
2021-04-21,"MSFT","Technology","Microsoft Corporation",249.501571655273
2021-04-21,"NVDA","Technology","NVIDIA Corporation",15.3040447235107
2021-04-21,"WFC","Financials","Wells Fargo & Company",38.2511558532715
2021-04-21,"XOM","Energy","Exxon Mobil Corporation",45.9267082214355
2021-04-22,"AAPL","Technology","Apple Inc.",128.390716552734
2021-04-22,"AMZN","Consumer","Amazon.com, Inc.",165.451995849609
2021-04-22,"BAC","Financials","Bank of America Corporation",33.7971954345703
2021-04-22,"COP","Energy","ConocoPhillips",41.0632095336914
2021-04-22,"CVX","Energy","Chevron Corporation",81.2314529418945
2021-04-22,"HD","Consumer","The Home Depot, Inc.",282.362091064453
2021-04-22,"JPM","Financials","JPMorgan Chase & Co.",129.295150756836
2021-04-22,"MCD","Consumer","McDonald's Corporation",206.54020690918
2021-04-22,"MSFT","Technology","Microsoft Corporation",246.23664855957
2021-04-22,"NVDA","Technology","NVIDIA Corporation",14.7956695556641
2021-04-22,"WFC","Financials","Wells Fargo & Company",37.7734489440918
2021-04-22,"XOM","Energy","Exxon Mobil Corporation",45.3280258178711
2021-04-23,"AAPL","Technology","Apple Inc.",130.706649780273
2021-04-23,"AMZN","Consumer","Amazon.com, Inc.",167.044006347656
2021-04-23,"BAC","Financials","Bank of America Corporation",34.5196533203125
2021-04-23,"COP","Energy","ConocoPhillips",41.2790794372559
2021-04-23,"CVX","Energy","Chevron Corporation",81.7142791748047
2021-04-23,"HD","Consumer","The Home Depot, Inc.",284.496520996094
2021-04-23,"JPM","Financials","JPMorgan Chase & Co.",131.769287109375
2021-04-23,"MCD","Consumer","McDonald's Corporation",207.976470947266
2021-04-23,"MSFT","Technology","Microsoft Corporation",250.047424316406
2021-04-23,"NVDA","Technology","NVIDIA Corporation",15.2091464996338
2021-04-23,"WFC","Financials","Wells Fargo & Company",38.7996253967285
2021-04-23,"XOM","Energy","Exxon Mobil Corporation",45.5740623474121
2021-04-26,"AAPL","Technology","Apple Inc.",131.095901489258
2021-04-26,"AMZN","Consumer","Amazon.com, Inc.",170.449996948242
2021-04-26,"BAC","Financials","Bank of America Corporation",34.722297668457
2021-04-26,"COP","Energy","ConocoPhillips",41.7190971374512
2021-04-26,"CVX","Energy","Chevron Corporation",81.6901321411133
2021-04-26,"HD","Consumer","The Home Depot, Inc.",281.070892333984
2021-04-26,"JPM","Financials","JPMorgan Chase & Co.",132.093902587891
2021-04-26,"MCD","Consumer","McDonald's Corporation",205.963928222656
2021-04-26,"MSFT","Technology","Microsoft Corporation",250.430404663086
2021-04-26,"NVDA","Technology","NVIDIA Corporation",15.4211158752441
2021-04-26,"WFC","Financials","Wells Fargo & Company",39.0473213195801
2021-04-26,"XOM","Energy","Exxon Mobil Corporation",45.6642799377441
2021-04-27,"AAPL","Technology","Apple Inc.",130.774765014648
2021-04-27,"AMZN","Consumer","Amazon.com, Inc.",170.871505737305
2021-04-27,"BAC","Financials","Bank of America Corporation",35.1363945007324
2021-04-27,"COP","Energy","ConocoPhillips",42.5908355712891
2021-04-27,"CVX","Energy","Chevron Corporation",82.6396408081055
2021-04-27,"HD","Consumer","The Home Depot, Inc.",281.597991943359
2021-04-27,"JPM","Financials","JPMorgan Chase & Co.",132.699249267578
2021-04-27,"MCD","Consumer","McDonald's Corporation",208.331115722656
2021-04-27,"MSFT","Technology","Microsoft Corporation",250.832595825195
2021-04-27,"NVDA","Technology","NVIDIA Corporation",15.3252182006836
2021-04-27,"WFC","Financials","Wells Fargo & Company",39.8877067565918
2021-04-27,"XOM","Energy","Exxon Mobil Corporation",46.2629623413086
2021-04-28,"AAPL","Technology","Apple Inc.",129.986587524414
2021-04-28,"AMZN","Consumer","Amazon.com, Inc.",172.925003051758
2021-04-28,"BAC","Financials","Bank of America Corporation",35.2685432434082
2021-04-28,"COP","Energy","ConocoPhillips",44.0354309082031
2021-04-28,"CVX","Energy","Chevron Corporation",84.6673889160156
2021-04-28,"HD","Consumer","The Home Depot, Inc.",280.824890136719
2021-04-28,"JPM","Financials","JPMorgan Chase & Co.",133.559097290039
2021-04-28,"MCD","Consumer","McDonald's Corporation",206.05256652832
2021-04-28,"MSFT","Technology","Microsoft Corporation",243.737564086914
2021-04-28,"NVDA","Technology","NVIDIA Corporation",15.2206020355225
2021-04-28,"WFC","Financials","Wells Fargo & Company",39.8788681030273
2021-04-28,"XOM","Energy","Exxon Mobil Corporation",47.6571655273438
2021-04-29,"AAPL","Technology","Apple Inc.",129.889266967773
2021-04-29,"AMZN","Consumer","Amazon.com, Inc.",173.565505981445
2021-04-29,"BAC","Financials","Bank of America Corporation",36.2200889587402
2021-04-29,"COP","Energy","ConocoPhillips",44.1101531982422
2021-04-29,"CVX","Energy","Chevron Corporation",86.0192413330078
2021-04-29,"HD","Consumer","The Home Depot, Inc.",285.770202636719
2021-04-29,"JPM","Financials","JPMorgan Chase & Co.",136.156036376953
2021-04-29,"MCD","Consumer","McDonald's Corporation",208.535064697266
2021-04-29,"MSFT","Technology","Microsoft Corporation",241.774719238281
2021-04-29,"NVDA","Technology","NVIDIA Corporation",15.2684259414673
2021-04-29,"WFC","Financials","Wells Fargo & Company",40.9050216674805
2021-04-29,"XOM","Energy","Exxon Mobil Corporation",48.3378601074219
2021-04-30,"AAPL","Technology","Apple Inc.",127.923599243164
2021-04-30,"AMZN","Consumer","Amazon.com, Inc.",173.371002197266
2021-04-30,"BAC","Financials","Bank of America Corporation",35.7090721130371
2021-04-30,"COP","Energy","ConocoPhillips",42.4580039978027
2021-04-30,"CVX","Energy","Chevron Corporation",82.9373626708984
2021-04-30,"HD","Consumer","The Home Depot, Inc.",284.303283691406
2021-04-30,"JPM","Financials","JPMorgan Chase & Co.",134.945297241211
2021-04-30,"MCD","Consumer","McDonald's Corporation",209.306396484375
2021-04-30,"MSFT","Technology","Microsoft Corporation",241.458755493164
2021-04-30,"NVDA","Technology","NVIDIA Corporation",14.9543371200562
2021-04-30,"WFC","Financials","Wells Fargo & Company",39.8523254394531
2021-04-30,"XOM","Energy","Exxon Mobil Corporation",46.9436569213867
2021-05-03,"AAPL","Technology","Apple Inc.",128.974517822266
2021-05-03,"AMZN","Consumer","Amazon.com, Inc.",169.324493408203
2021-05-03,"BAC","Financials","Bank of America Corporation",35.7355079650879
2021-05-03,"COP","Energy","ConocoPhillips",43.7863731384277
2021-05-03,"CVX","Energy","Chevron Corporation",84.9168395996094
2021-05-03,"HD","Consumer","The Home Depot, Inc.",290.100524902344
2021-05-03,"JPM","Financials","JPMorgan Chase & Co.",134.550521850586
2021-05-03,"MCD","Consumer","McDonald's Corporation",208.845352172852
2021-05-03,"MSFT","Technology","Microsoft Corporation",241.152374267578
2021-05-03,"NVDA","Technology","NVIDIA Corporation",14.7822198867798
2021-05-03,"WFC","Financials","Wells Fargo & Company",40.2327156066895
2021-05-03,"XOM","Energy","Exxon Mobil Corporation",48.2394485473633
2021-05-04,"AAPL","Technology","Apple Inc.",124.410705566406
2021-05-04,"AMZN","Consumer","Amazon.com, Inc.",165.593505859375
2021-05-04,"BAC","Financials","Bank of America Corporation",36.123176574707
2021-05-04,"COP","Energy","ConocoPhillips",43.6452293395996
2021-05-04,"CVX","Energy","Chevron Corporation",85.3835754394531
2021-05-04,"HD","Consumer","The Home Depot, Inc.",292.296478271484
2021-05-04,"JPM","Financials","JPMorgan Chase & Co.",136.410461425781
2021-05-04,"MCD","Consumer","McDonald's Corporation",207.338150024414
2021-05-04,"MSFT","Technology","Microsoft Corporation",237.255416870117
2021-05-04,"NVDA","Technology","NVIDIA Corporation",14.2985048294067
2021-05-04,"WFC","Financials","Wells Fargo & Company",40.4627113342285
2021-05-04,"XOM","Energy","Exxon Mobil Corporation",48.5428924560547
2021-05-05,"AAPL","Technology","Apple Inc.",124.653999328613
2021-05-05,"AMZN","Consumer","Amazon.com, Inc.",163.526992797852
2021-05-05,"BAC","Financials","Bank of America Corporation",36.4667816162109
2021-05-05,"COP","Energy","ConocoPhillips",46.0279922485352
2021-05-05,"CVX","Energy","Chevron Corporation",87.6768798828125
2021-05-05,"HD","Consumer","The Home Depot, Inc.",291.664093017578
2021-05-05,"JPM","Financials","JPMorgan Chase & Co.",138.200286865234
2021-05-05,"MCD","Consumer","McDonald's Corporation",208.38427734375
2021-05-05,"MSFT","Technology","Microsoft Corporation",235.991516113281
2021-05-05,"NVDA","Technology","NVIDIA Corporation",14.4053602218628
2021-05-05,"WFC","Financials","Wells Fargo & Company",40.6396369934082
2021-05-05,"XOM","Energy","Exxon Mobil Corporation",50.0027084350586
2021-05-06,"AAPL","Technology","Apple Inc.",126.249877929688
2021-05-06,"AMZN","Consumer","Amazon.com, Inc.",165.318496704102
2021-05-06,"BAC","Financials","Bank of America Corporation",37.0130386352539
2021-05-06,"COP","Energy","ConocoPhillips",46.2438583374023
2021-05-06,"CVX","Energy","Chevron Corporation",87.7251586914062
2021-05-06,"HD","Consumer","The Home Depot, Inc.",296.521423339844
2021-05-06,"JPM","Financials","JPMorgan Chase & Co.",140.9814453125
2021-05-06,"MCD","Consumer","McDonald's Corporation",208.224731445312
2021-05-06,"MSFT","Technology","Microsoft Corporation",239.112915039062
2021-05-06,"NVDA","Technology","NVIDIA Corporation",14.4696245193481
2021-05-06,"WFC","Financials","Wells Fargo & Company",41.340015411377
2021-05-06,"XOM","Energy","Exxon Mobil Corporation",50.4783744812012
2021-05-07,"AAPL","Technology","Apple Inc.",126.92244720459
2021-05-07,"AMZN","Consumer","Amazon.com, Inc.",164.580505371094
2021-05-07,"BAC","Financials","Bank of America Corporation",37.1628112792969
2021-05-07,"COP","Energy","ConocoPhillips",47.406177520752
2021-05-07,"CVX","Energy","Chevron Corporation",88.5298385620117
2021-05-07,"HD","Consumer","The Home Depot, Inc.",297.988433837891
2021-05-07,"JPM","Financials","JPMorgan Chase & Co.",141.464019775391
2021-05-07,"MCD","Consumer","McDonald's Corporation",208.207000732422
2021-05-07,"MSFT","Technology","Microsoft Corporation",241.726852416992
2021-05-07,"NVDA","Technology","NVIDIA Corporation",14.757809638977
2021-05-07,"WFC","Financials","Wells Fargo & Company",41.2602310180664
2021-05-07,"XOM","Energy","Exxon Mobil Corporation",51.200080871582
2021-05-10,"AAPL","Technology","Apple Inc.",123.647270202637
2021-05-10,"AMZN","Consumer","Amazon.com, Inc.",159.524505615234
2021-05-10,"BAC","Financials","Bank of America Corporation",37.0482749938965
2021-05-10,"COP","Energy","ConocoPhillips",47.3231582641602
2021-05-10,"CVX","Energy","Chevron Corporation",88.1677169799805
2021-05-10,"HD","Consumer","The Home Depot, Inc.",299.630981445312
2021-05-10,"JPM","Financials","JPMorgan Chase & Co.",141.44645690918
2021-05-10,"MCD","Consumer","McDonald's Corporation",210.219543457031
2021-05-10,"MSFT","Technology","Microsoft Corporation",236.671340942383
2021-05-10,"NVDA","Technology","NVIDIA Corporation",14.2133178710938
2021-05-10,"WFC","Financials","Wells Fargo & Company",41.3134231567383
2021-05-10,"XOM","Energy","Exxon Mobil Corporation",51.3230972290039
2021-05-11,"AAPL","Technology","Apple Inc.",122.731018066406
2021-05-11,"AMZN","Consumer","Amazon.com, Inc.",161.195495605469
2021-05-11,"BAC","Financials","Bank of America Corporation",36.6253700256348
2021-05-11,"COP","Energy","ConocoPhillips",46.2604560852051
2021-05-11,"CVX","Energy","Chevron Corporation",85.8583221435547
2021-05-11,"HD","Consumer","The Home Depot, Inc.",290.443115234375
2021-05-11,"JPM","Financials","JPMorgan Chase & Co.",139.095153808594
2021-05-11,"MCD","Consumer","McDonald's Corporation",207.338150024414
2021-05-11,"MSFT","Technology","Microsoft Corporation",235.761734008789
2021-05-11,"NVDA","Technology","NVIDIA Corporation",14.2536697387695
2021-05-11,"WFC","Financials","Wells Fargo & Company",40.533260345459
2021-05-11,"XOM","Energy","Exxon Mobil Corporation",49.6910629272461
2021-05-12,"AAPL","Technology","Apple Inc.",119.670257568359
2021-05-12,"AMZN","Consumer","Amazon.com, Inc.",157.59700012207
2021-05-12,"BAC","Financials","Bank of America Corporation",36.2817611694336
2021-05-12,"COP","Energy","ConocoPhillips",46.2355613708496
2021-05-12,"CVX","Energy","Chevron Corporation",86.3974380493164
2021-05-12,"HD","Consumer","The Home Depot, Inc.",278.444549560547
2021-05-12,"JPM","Financials","JPMorgan Chase & Co.",138.138824462891
2021-05-12,"MCD","Consumer","McDonald's Corporation",202.089538574219
2021-05-12,"MSFT","Technology","Microsoft Corporation",228.839111328125
2021-05-12,"NVDA","Technology","NVIDIA Corporation",13.7079343795776
2021-05-12,"WFC","Financials","Wells Fargo & Company",40.4623374938965
2021-05-12,"XOM","Energy","Exxon Mobil Corporation",49.9573364257812
2021-05-13,"AAPL","Technology","Apple Inc.",121.814743041992
2021-05-13,"AMZN","Consumer","Amazon.com, Inc.",158.073501586914
2021-05-13,"BAC","Financials","Bank of America Corporation",36.8632659912109
2021-05-13,"COP","Energy","ConocoPhillips",45.3821144104004
2021-05-13,"CVX","Energy","Chevron Corporation",85.8422241210938
2021-05-13,"HD","Consumer","The Home Depot, Inc.",285.840454101562
2021-05-13,"JPM","Financials","JPMorgan Chase & Co.",141.692153930664
2021-05-13,"MCD","Consumer","McDonald's Corporation",203.711975097656
2021-05-13,"MSFT","Technology","Microsoft Corporation",232.697784423828
2021-05-13,"NVDA","Technology","NVIDIA Corporation",13.6150236129761
2021-05-13,"WFC","Financials","Wells Fargo & Company",41.1361122131348
2021-05-13,"XOM","Energy","Exxon Mobil Corporation",49.3415946960449
2021-05-14,"AAPL","Technology","Apple Inc.",124.232147216797
2021-05-14,"AMZN","Consumer","Amazon.com, Inc.",161.145004272461
2021-05-14,"BAC","Financials","Bank of America Corporation",37.3214111328125
2021-05-14,"COP","Energy","ConocoPhillips",47.2897911071777
2021-05-14,"CVX","Energy","Chevron Corporation",88.0872573852539
2021-05-14,"HD","Consumer","The Home Depot, Inc.",284.268249511719
2021-05-14,"JPM","Financials","JPMorgan Chase & Co.",143.894271850586
2021-05-14,"MCD","Consumer","McDonald's Corporation",205.440841674805
2021-05-14,"MSFT","Technology","Microsoft Corporation",237.600067138672
2021-05-14,"NVDA","Technology","NVIDIA Corporation",14.1906518936157
2021-05-14,"WFC","Financials","Wells Fargo & Company",41.6325721740723
2021-05-14,"XOM","Energy","Exxon Mobil Corporation",50.5647392272949
2021-05-17,"AAPL","Technology","Apple Inc.",123.081932067871
2021-05-17,"AMZN","Consumer","Amazon.com, Inc.",163.519500732422
2021-05-17,"BAC","Financials","Bank of America Corporation",37.6562042236328
2021-05-17,"COP","Energy","ConocoPhillips",48.7790870666504
2021-05-17,"CVX","Energy","Chevron Corporation",89.1655044555664
2021-05-17,"HD","Consumer","The Home Depot, Inc.",281.08837890625
2021-05-17,"JPM","Financials","JPMorgan Chase & Co.",144.473342895508
2021-05-17,"MCD","Consumer","McDonald's Corporation",205.405364990234
2021-05-17,"MSFT","Technology","Microsoft Corporation",234.756332397461
2021-05-17,"NVDA","Technology","NVIDIA Corporation",14.1134376525879
2021-05-17,"WFC","Financials","Wells Fargo & Company",42.4659423828125
2021-05-17,"XOM","Energy","Exxon Mobil Corporation",51.7462577819824
2021-05-18,"AAPL","Technology","Apple Inc.",121.697784423828
2021-05-18,"AMZN","Consumer","Amazon.com, Inc.",161.613998413086
2021-05-18,"BAC","Financials","Bank of America Corporation",37.1451950073242
2021-05-18,"COP","Energy","ConocoPhillips",47.9340362548828
2021-05-18,"CVX","Energy","Chevron Corporation",86.4857330322266
2021-05-18,"HD","Consumer","The Home Depot, Inc.",278.224975585938
2021-05-18,"JPM","Financials","JPMorgan Chase & Co.",142.43782043457
2021-05-18,"MCD","Consumer","McDonald's Corporation",205.627044677734
2021-05-18,"MSFT","Technology","Microsoft Corporation",232.745681762695
2021-05-18,"NVDA","Technology","NVIDIA Corporation",13.9642372131348
2021-05-18,"WFC","Financials","Wells Fargo & Company",41.5439186096191
2021-05-18,"XOM","Energy","Exxon Mobil Corporation",50.2818222045898
2021-05-19,"AAPL","Technology","Apple Inc.",121.541831970215
2021-05-19,"AMZN","Consumer","Amazon.com, Inc.",161.589996337891
2021-05-19,"BAC","Financials","Bank of America Corporation",36.9777946472168
2021-05-19,"COP","Energy","ConocoPhillips",46.5033073425293
2021-05-19,"CVX","Energy","Chevron Corporation",84.0584564208984
2021-05-19,"HD","Consumer","The Home Depot, Inc.",276.204650878906
2021-05-19,"JPM","Financials","JPMorgan Chase & Co.",141.349975585938
2021-05-19,"MCD","Consumer","McDonald's Corporation",204.048873901367
2021-05-19,"MSFT","Technology","Microsoft Corporation",233.321472167969
2021-05-19,"NVDA","Technology","NVIDIA Corporation",14.0140562057495
2021-05-19,"WFC","Financials","Wells Fargo & Company",40.9321937561035
2021-05-19,"XOM","Energy","Exxon Mobil Corporation",49.0753288269043
2021-05-20,"AAPL","Technology","Apple Inc.",124.095664978027
2021-05-20,"AMZN","Consumer","Amazon.com, Inc.",162.384002685547
2021-05-20,"BAC","Financials","Bank of America Corporation",36.8896865844727
2021-05-20,"COP","Energy","ConocoPhillips",46.3443183898926
2021-05-20,"CVX","Energy","Chevron Corporation",84.3516998291016
2021-05-20,"HD","Consumer","The Home Depot, Inc.",277.478363037109
2021-05-20,"JPM","Financials","JPMorgan Chase & Co.",141.104293823242
2021-05-20,"MCD","Consumer","McDonald's Corporation",205.8486328125
2021-05-20,"MSFT","Technology","Microsoft Corporation",236.546081542969
2021-05-20,"NVDA","Technology","NVIDIA Corporation",14.5587959289551
2021-05-20,"WFC","Financials","Wells Fargo & Company",40.5421257019043
2021-05-20,"XOM","Energy","Exxon Mobil Corporation",48.9588470458984
2021-05-21,"AAPL","Technology","Apple Inc.",122.263130187988
2021-05-21,"AMZN","Consumer","Amazon.com, Inc.",160.154006958008
2021-05-21,"BAC","Financials","Bank of America Corporation",37.3566474914551
2021-05-21,"COP","Energy","ConocoPhillips",46.5618553161621
2021-05-21,"CVX","Energy","Chevron Corporation",84.8078079223633
2021-05-21,"HD","Consumer","The Home Depot, Inc.",277.364105224609
2021-05-21,"JPM","Financials","JPMorgan Chase & Co.",142.709854125977
2021-05-21,"MCD","Consumer","McDonald's Corporation",205.015243530273
2021-05-21,"MSFT","Technology","Microsoft Corporation",235.288818359375
2021-05-21,"NVDA","Technology","NVIDIA Corporation",14.9366502761841
2021-05-21,"WFC","Financials","Wells Fargo & Company",40.6751022338867
2021-05-21,"XOM","Energy","Exxon Mobil Corporation",49.0254058837891
2021-05-24,"AAPL","Technology","Apple Inc.",123.890960693359
2021-05-24,"AMZN","Consumer","Amazon.com, Inc.",162.249496459961
2021-05-24,"BAC","Financials","Bank of America Corporation",37.5592880249023
2021-05-24,"COP","Energy","ConocoPhillips",46.9383773803711
2021-05-24,"CVX","Energy","Chevron Corporation",86.013313293457
2021-05-24,"HD","Consumer","The Home Depot, Inc.",276.547302246094
2021-05-24,"JPM","Financials","JPMorgan Chase & Co.",143.481918334961
2021-05-24,"MCD","Consumer","McDonald's Corporation",205.609283447266
2021-05-24,"MSFT","Technology","Microsoft Corporation",240.672744750977
2021-05-24,"NVDA","Technology","NVIDIA Corporation",15.5546226501465
2021-05-24,"WFC","Financials","Wells Fargo & Company",40.994255065918
2021-05-24,"XOM","Energy","Exxon Mobil Corporation",49.5995407104492
2021-05-25,"AAPL","Technology","Apple Inc.",123.696022033691
2021-05-25,"AMZN","Consumer","Amazon.com, Inc.",162.952499389648
2021-05-25,"BAC","Financials","Bank of America Corporation",37.0130386352539
2021-05-25,"COP","Energy","ConocoPhillips",45.9176139831543
2021-05-25,"CVX","Energy","Chevron Corporation",84.6042098999023
2021-05-25,"HD","Consumer","The Home Depot, Inc.",278.224975585938
2021-05-25,"JPM","Financials","JPMorgan Chase & Co.",141.999206542969
2021-05-25,"MCD","Consumer","McDonald's Corporation",205.813171386719
2021-05-25,"MSFT","Technology","Microsoft Corporation",241.574844360352
2021-05-25,"NVDA","Technology","NVIDIA Corporation",15.5902404785156
2021-05-25,"WFC","Financials","Wells Fargo & Company",40.8612861633301
2021-05-25,"XOM","Energy","Exxon Mobil Corporation",48.4762420654297
2021-05-26,"AAPL","Technology","Apple Inc.",123.647270202637
2021-05-26,"AMZN","Consumer","Amazon.com, Inc.",163.257995605469
2021-05-26,"BAC","Financials","Bank of America Corporation",37.039478302002
2021-05-26,"COP","Energy","ConocoPhillips",46.3694152832031
2021-05-26,"CVX","Energy","Chevron Corporation",84.8078079223633
2021-05-26,"HD","Consumer","The Home Depot, Inc.",278.734375
2021-05-26,"JPM","Financials","JPMorgan Chase & Co.",141.981628417969
2021-05-26,"MCD","Consumer","McDonald's Corporation",205.999374389648
2021-05-26,"MSFT","Technology","Microsoft Corporation",241.354141235352
2021-05-26,"NVDA","Technology","NVIDIA Corporation",15.642294883728
2021-05-26,"WFC","Financials","Wells Fargo & Company",41.1361122131348
2021-05-26,"XOM","Energy","Exxon Mobil Corporation",49.0420455932617
2021-05-27,"AAPL","Technology","Apple Inc.",122.116905212402
2021-05-27,"AMZN","Consumer","Amazon.com, Inc.",161.505493164062
2021-05-27,"BAC","Financials","Bank of America Corporation",37.4887962341309
2021-05-27,"COP","Energy","ConocoPhillips",46.4614562988281
2021-05-27,"CVX","Energy","Chevron Corporation",83.9037017822266
2021-05-27,"HD","Consumer","The Home Depot, Inc.",279.999237060547
2021-05-27,"JPM","Financials","JPMorgan Chase & Co.",144.192611694336
2021-05-27,"MCD","Consumer","McDonald's Corporation",208.224731445312
2021-05-27,"MSFT","Technology","Microsoft Corporation",239.261993408203
2021-05-27,"NVDA","Technology","NVIDIA Corporation",15.4310779571533
2021-05-27,"WFC","Financials","Wells Fargo & Company",41.455265045166
2021-05-27,"XOM","Energy","Exxon Mobil Corporation",48.7258567810059
2021-05-28,"AAPL","Technology","Apple Inc.",121.463836669922
2021-05-28,"AMZN","Consumer","Amazon.com, Inc.",161.153503417969
2021-05-28,"BAC","Financials","Bank of America Corporation",37.3478393554688
2021-05-28,"COP","Energy","ConocoPhillips",46.6371612548828
2021-05-28,"CVX","Energy","Chevron Corporation",84.5390396118164
2021-05-28,"HD","Consumer","The Home Depot, Inc.",280.122253417969
2021-05-28,"JPM","Financials","JPMorgan Chase & Co.",144.096054077148
2021-05-28,"MCD","Consumer","McDonald's Corporation",208.509994506836
2021-05-28,"MSFT","Technology","Microsoft Corporation",239.617095947266
2021-05-28,"NVDA","Technology","NVIDIA Corporation",16.18479347229
2021-05-28,"WFC","Financials","Wells Fargo & Company",41.419807434082
2021-05-28,"XOM","Energy","Exxon Mobil Corporation",48.5677680969238
2021-06-01,"AAPL","Technology","Apple Inc.",121.142158508301
2021-06-01,"AMZN","Consumer","Amazon.com, Inc.",160.932495117188
2021-06-01,"BAC","Financials","Bank of America Corporation",37.8147811889648
2021-06-01,"COP","Energy","ConocoPhillips",48.7539901733398
2021-06-01,"CVX","Energy","Chevron Corporation",86.8685760498047
2021-06-01,"HD","Consumer","The Home Depot, Inc.",277.838409423828
2021-06-01,"JPM","Financials","JPMorgan Chase & Co.",145.684097290039
2021-06-01,"MCD","Consumer","McDonald's Corporation",207.930511474609
2021-06-01,"MSFT","Technology","Microsoft Corporation",237.428955078125
2021-06-01,"NVDA","Technology","NVIDIA Corporation",16.2047233581543
2021-06-01,"WFC","Financials","Wells Fargo & Company",41.8985443115234
2021-06-01,"XOM","Energy","Exxon Mobil Corporation",50.3067893981934
2021-06-02,"AAPL","Technology","Apple Inc.",121.902465820312
2021-06-02,"AMZN","Consumer","Amazon.com, Inc.",161.699493408203
2021-06-02,"BAC","Financials","Bank of America Corporation",37.8324241638184
2021-06-02,"COP","Energy","ConocoPhillips",49.3564071655273
2021-06-02,"CVX","Energy","Chevron Corporation",88.033332824707
2021-06-02,"HD","Consumer","The Home Depot, Inc.",276.575836181641
2021-06-02,"JPM","Financials","JPMorgan Chase & Co.",145.692825317383
2021-06-02,"MCD","Consumer","McDonald's Corporation",208.411972045898
2021-06-02,"MSFT","Technology","Microsoft Corporation",237.3330078125
2021-06-02,"NVDA","Technology","NVIDIA Corporation",16.7165832519531
2021-06-02,"WFC","Financials","Wells Fargo & Company",41.4996032714844
2021-06-02,"XOM","Energy","Exxon Mobil Corporation",50.7061805725098
2021-06-03,"AAPL","Technology","Apple Inc.",120.420860290527
2021-06-03,"AMZN","Consumer","Amazon.com, Inc.",159.350494384766
2021-06-03,"BAC","Financials","Bank of America Corporation",38.2659492492676
2021-06-03,"COP","Energy","ConocoPhillips",49.7580184936523
2021-06-03,"CVX","Energy","Chevron Corporation",87.6342163085938
2021-06-03,"HD","Consumer","The Home Depot, Inc.",274.986480712891
2021-06-03,"JPM","Financials","JPMorgan Chase & Co.",145.789337158203
2021-06-03,"MCD","Consumer","McDonald's Corporation",207.22624206543
2021-06-03,"MSFT","Technology","Microsoft Corporation",235.807113647461
2021-06-03,"NVDA","Technology","NVIDIA Corporation",16.9073848724365
2021-06-03,"WFC","Financials","Wells Fargo & Company",41.1893005371094
2021-06-03,"XOM","Energy","Exxon Mobil Corporation",50.9058837890625
2021-06-04,"AAPL","Technology","Apple Inc.",122.711524963379
2021-06-04,"AMZN","Consumer","Amazon.com, Inc.",160.311004638672
2021-06-04,"BAC","Financials","Bank of America Corporation",38.2836456298828
2021-06-04,"COP","Energy","ConocoPhillips",50.0759544372559
2021-06-04,"CVX","Energy","Chevron Corporation",88.3346939086914
2021-06-04,"HD","Consumer","The Home Depot, Inc.",274.615509033203
2021-06-04,"JPM","Financials","JPMorgan Chase & Co.",146.026214599609
2021-06-04,"MCD","Consumer","McDonald's Corporation",208.055328369141
2021-06-04,"MSFT","Technology","Microsoft Corporation",240.682342529297
2021-06-04,"NVDA","Technology","NVIDIA Corporation",17.5136470794678
2021-06-04,"WFC","Financials","Wells Fargo & Company",41.6325721740723
2021-06-04,"XOM","Energy","Exxon Mobil Corporation",51.130542755127
2021-06-07,"AAPL","Technology","Apple Inc.",122.721260070801
2021-06-07,"AMZN","Consumer","Amazon.com, Inc.",159.900497436523
2021-06-07,"BAC","Financials","Bank of America Corporation",38.1509246826172
2021-06-07,"COP","Energy","ConocoPhillips",50.0424919128418
2021-06-07,"CVX","Energy","Chevron Corporation",87.7645416259766
2021-06-07,"HD","Consumer","The Home Depot, Inc.",273.688537597656
2021-06-07,"JPM","Financials","JPMorgan Chase & Co.",145.341918945312
2021-06-07,"MCD","Consumer","McDonald's Corporation",206.548736572266
2021-06-07,"MSFT","Technology","Microsoft Corporation",243.580627441406
2021-06-07,"NVDA","Technology","NVIDIA Corporation",17.5542430877686
2021-06-07,"WFC","Financials","Wells Fargo & Company",41.7655639648438
2021-06-07,"XOM","Energy","Exxon Mobil Corporation",50.7977066040039
2021-06-08,"AAPL","Technology","Apple Inc.",123.540054321289
2021-06-08,"AMZN","Consumer","Amazon.com, Inc.",163.205505371094
2021-06-08,"BAC","Financials","Bank of America Corporation",37.938591003418
2021-06-08,"COP","Energy","ConocoPhillips",50.5947151184082
2021-06-08,"CVX","Energy","Chevron Corporation",88.5627746582031
2021-06-08,"HD","Consumer","The Home Depot, Inc.",274.518463134766
2021-06-08,"JPM","Financials","JPMorgan Chase & Co.",144.76286315918
2021-06-08,"MCD","Consumer","McDonald's Corporation",207.395645141602
2021-06-08,"MSFT","Technology","Microsoft Corporation",242.390625
2021-06-08,"NVDA","Technology","NVIDIA Corporation",17.3928413391113
2021-06-08,"WFC","Financials","Wells Fargo & Company",41.3222923278809
2021-06-08,"XOM","Energy","Exxon Mobil Corporation",51.6963386535645
2021-06-09,"AAPL","Technology","Apple Inc.",123.920196533203
2021-06-09,"AMZN","Consumer","Amazon.com, Inc.",164.057495117188
2021-06-09,"BAC","Financials","Bank of America Corporation",37.4431228637695
2021-06-09,"COP","Energy","ConocoPhillips",49.9337310791016
2021-06-09,"CVX","Energy","Chevron Corporation",87.7889785766602
2021-06-09,"HD","Consumer","The Home Depot, Inc.",271.375061035156
2021-06-09,"JPM","Financials","JPMorgan Chase & Co.",142.955505371094
2021-06-09,"MCD","Consumer","McDonald's Corporation",206.352569580078
2021-06-09,"MSFT","Technology","Microsoft Corporation",243.369491577148
2021-06-09,"NVDA","Technology","NVIDIA Corporation",17.2984142303467
2021-06-09,"WFC","Financials","Wells Fargo & Company",40.710563659668
2021-06-09,"XOM","Energy","Exxon Mobil Corporation",52.1290245056152
2021-06-10,"AAPL","Technology","Apple Inc.",122.925956726074
2021-06-10,"AMZN","Consumer","Amazon.com, Inc.",167.482498168945
2021-06-10,"BAC","Financials","Bank of America Corporation",36.8857154846191
2021-06-10,"COP","Energy","ConocoPhillips",50.3437042236328
2021-06-10,"CVX","Energy","Chevron Corporation",88.3021240234375
2021-06-10,"HD","Consumer","The Home Depot, Inc.",272.231567382812
2021-06-10,"JPM","Financials","JPMorgan Chase & Co.",140.72705078125
2021-06-10,"MCD","Consumer","McDonald's Corporation",209.134033203125
2021-06-10,"MSFT","Technology","Microsoft Corporation",246.872375488281
2021-06-10,"NVDA","Technology","NVIDIA Corporation",17.364933013916
2021-06-10,"WFC","Financials","Wells Fargo & Company",39.9747276306152
2021-06-10,"XOM","Energy","Exxon Mobil Corporation",52.2122268676758
2021-06-11,"AAPL","Technology","Apple Inc.",124.134658813477
2021-06-11,"AMZN","Consumer","Amazon.com, Inc.",167.341506958008
2021-06-11,"BAC","Financials","Bank of America Corporation",37.0361289978027
2021-06-11,"COP","Energy","ConocoPhillips",50.1763687133789
2021-06-11,"CVX","Energy","Chevron Corporation",87.8948669433594
2021-06-11,"HD","Consumer","The Home Depot, Inc.",274.403686523438
2021-06-11,"JPM","Financials","JPMorgan Chase & Co.",140.630523681641
2021-06-11,"MCD","Consumer","McDonald's Corporation",211.220108032227
2021-06-11,"MSFT","Technology","Microsoft Corporation",247.496246337891
2021-06-11,"NVDA","Technology","NVIDIA Corporation",17.7638053894043
2021-06-11,"WFC","Financials","Wells Fargo & Company",40.4977951049805
2021-06-11,"XOM","Energy","Exxon Mobil Corporation",51.7296295166016
2021-06-14,"AAPL","Technology","Apple Inc.",127.18563079834
2021-06-14,"AMZN","Consumer","Amazon.com, Inc.",169.193496704102
2021-06-14,"BAC","Financials","Bank of America Corporation",36.5937461853027
2021-06-14,"COP","Energy","ConocoPhillips",50.4608383178711
2021-06-14,"CVX","Energy","Chevron Corporation",87.9437484741211
2021-06-14,"HD","Consumer","The Home Depot, Inc.",273.123352050781
2021-06-14,"JPM","Financials","JPMorgan Chase & Co.",138.244155883789
2021-06-14,"MCD","Consumer","McDonald's Corporation",211.264694213867
2021-06-14,"MSFT","Technology","Microsoft Corporation",249.415542602539
2021-06-14,"NVDA","Technology","NVIDIA Corporation",17.9566421508789
2021-06-14,"WFC","Financials","Wells Fargo & Company",40.0279197692871
2021-06-14,"XOM","Energy","Exxon Mobil Corporation",51.6464195251465
2021-06-15,"AAPL","Technology","Apple Inc.",126.366836547852
2021-06-15,"AMZN","Consumer","Amazon.com, Inc.",169.156494140625
2021-06-15,"BAC","Financials","Bank of America Corporation",36.6202850341797
2021-06-15,"COP","Energy","ConocoPhillips",51.1803894042969
2021-06-15,"CVX","Energy","Chevron Corporation",89.8415679931641
2021-06-15,"HD","Consumer","The Home Depot, Inc.",270.589202880859
2021-06-15,"JPM","Financials","JPMorgan Chase & Co.",136.147277832031
2021-06-15,"MCD","Consumer","McDonald's Corporation",210.703109741211
2021-06-15,"MSFT","Technology","Microsoft Corporation",247.947235107422
2021-06-15,"NVDA","Technology","NVIDIA Corporation",17.7271842956543
2021-06-15,"WFC","Financials","Wells Fargo & Company",40.3027496337891
2021-06-15,"XOM","Energy","Exxon Mobil Corporation",53.5268936157227
2021-06-16,"AAPL","Technology","Apple Inc.",126.863967895508
2021-06-16,"AMZN","Consumer","Amazon.com, Inc.",170.762496948242
2021-06-16,"BAC","Financials","Bank of America Corporation",36.8237762451172
2021-06-16,"COP","Energy","ConocoPhillips",51.1469192504883
2021-06-16,"CVX","Energy","Chevron Corporation",89.3284225463867
2021-06-16,"HD","Consumer","The Home Depot, Inc.",267.3486328125
2021-06-16,"JPM","Financials","JPMorgan Chase & Co.",137.103591918945
2021-06-16,"MCD","Consumer","McDonald's Corporation",210.016616821289
2021-06-16,"MSFT","Technology","Microsoft Corporation",247.006744384766
2021-06-16,"NVDA","Technology","NVIDIA Corporation",17.7488594055176
2021-06-16,"WFC","Financials","Wells Fargo & Company",40.4002723693848
2021-06-16,"XOM","Energy","Exxon Mobil Corporation",53.335506439209
2021-06-17,"AAPL","Technology","Apple Inc.",128.462554931641
2021-06-17,"AMZN","Consumer","Amazon.com, Inc.",174.462005615234
2021-06-17,"BAC","Financials","Bank of America Corporation",35.2135162353516
2021-06-17,"COP","Energy","ConocoPhillips",49.3731384277344
2021-06-17,"CVX","Energy","Chevron Corporation",87.2106552124023
2021-06-17,"HD","Consumer","The Home Depot, Inc.",267.648864746094
2021-06-17,"JPM","Financials","JPMorgan Chase & Co.",133.146682739258
2021-06-17,"MCD","Consumer","McDonald's Corporation",208.501113891602
2021-06-17,"MSFT","Technology","Microsoft Corporation",250.384918212891
2021-06-17,"NVDA","Technology","NVIDIA Corporation",18.5929336547852
2021-06-17,"WFC","Financials","Wells Fargo & Company",37.9356498718262
2021-06-17,"XOM","Energy","Exxon Mobil Corporation",51.5798530578613
2021-06-18,"AAPL","Technology","Apple Inc.",127.166130065918
2021-06-18,"AMZN","Consumer","Amazon.com, Inc.",174.345001220703
2021-06-18,"BAC","Financials","Bank of America Corporation",34.3110618591309
2021-06-18,"COP","Energy","ConocoPhillips",48.134838104248
2021-06-18,"CVX","Energy","Chevron Corporation",83.9199981689453
2021-06-18,"HD","Consumer","The Home Depot, Inc.",267.198577880859
2021-06-18,"JPM","Financials","JPMorgan Chase & Co.",129.777709960938
2021-06-18,"MCD","Consumer","McDonald's Corporation",204.703369140625
2021-06-18,"MSFT","Technology","Microsoft Corporation",248.974136352539
2021-06-18,"NVDA","Technology","NVIDIA Corporation",18.5745029449463
2021-06-18,"WFC","Financials","Wells Fargo & Company",37.0136337280273
2021-06-18,"XOM","Energy","Exxon Mobil Corporation",50.2568740844727
2021-06-21,"AAPL","Technology","Apple Inc.",128.959671020508
2021-06-21,"AMZN","Consumer","Amazon.com, Inc.",172.697998046875
2021-06-21,"BAC","Financials","Bank of America Corporation",35.1692771911621
2021-06-21,"COP","Energy","ConocoPhillips",50.5779724121094
2021-06-21,"CVX","Energy","Chevron Corporation",86.3798446655273
2021-06-21,"HD","Consumer","The Home Depot, Inc.",271.604705810547
2021-06-21,"JPM","Financials","JPMorgan Chase & Co.",131.979827880859
2021-06-21,"MCD","Consumer","McDonald's Corporation",207.62744140625
2021-06-21,"MSFT","Technology","Microsoft Corporation",252.045166015625
2021-06-21,"NVDA","Technology","NVIDIA Corporation",18.3637313842773
2021-06-21,"WFC","Financials","Wells Fargo & Company",38.370059967041
2021-06-21,"XOM","Energy","Exxon Mobil Corporation",52.0790977478027
2021-06-22,"AAPL","Technology","Apple Inc.",130.597274780273
2021-06-22,"AMZN","Consumer","Amazon.com, Inc.",175.272003173828
2021-06-22,"BAC","Financials","Bank of America Corporation",35.3639297485352
2021-06-22,"COP","Energy","ConocoPhillips",50.8624572753906
2021-06-22,"CVX","Energy","Chevron Corporation",86.6649322509766
2021-06-22,"HD","Consumer","The Home Depot, Inc.",276.116607666016
2021-06-22,"JPM","Financials","JPMorgan Chase & Co.",131.786819458008
2021-06-22,"MCD","Consumer","McDonald's Corporation",208.501113891602
2021-06-22,"MSFT","Technology","Microsoft Corporation",254.809066772461
2021-06-22,"NVDA","Technology","NVIDIA Corporation",18.821647644043
2021-06-22,"WFC","Financials","Wells Fargo & Company",38.6005630493164
2021-06-22,"XOM","Energy","Exxon Mobil Corporation",53.0775833129883
2021-06-23,"AAPL","Technology","Apple Inc.",130.324340820312
2021-06-23,"AMZN","Consumer","Amazon.com, Inc.",175.190994262695
2021-06-23,"BAC","Financials","Bank of America Corporation",35.5674133300781
2021-06-23,"COP","Energy","ConocoPhillips",50.8373527526855
2021-06-23,"CVX","Energy","Chevron Corporation",86.5590515136719
2021-06-23,"HD","Consumer","The Home Depot, Inc.",275.198364257812
2021-06-23,"JPM","Financials","JPMorgan Chase & Co.",132.585205078125
2021-06-23,"MCD","Consumer","McDonald's Corporation",207.930511474609
2021-06-23,"MSFT","Technology","Microsoft Corporation",254.57878112793
2021-06-23,"NVDA","Technology","NVIDIA Corporation",18.9915580749512
2021-06-23,"WFC","Financials","Wells Fargo & Company",38.9729232788086
2021-06-23,"XOM","Energy","Exxon Mobil Corporation",53.4686546325684
2021-06-24,"AAPL","Technology","Apple Inc.",130.04167175293
2021-06-24,"AMZN","Consumer","Amazon.com, Inc.",172.453994750977
2021-06-24,"BAC","Financials","Bank of America Corporation",36.1248245239258
2021-06-24,"COP","Energy","ConocoPhillips",51.3644599914551
2021-06-24,"CVX","Energy","Chevron Corporation",87.2676773071289
2021-06-24,"HD","Consumer","The Home Depot, Inc.",275.348510742188
2021-06-24,"JPM","Financials","JPMorgan Chase & Co.",133.804779052734
2021-06-24,"MCD","Consumer","McDonald's Corporation",208.010787963867
2021-06-24,"MSFT","Technology","Microsoft Corporation",255.941528320312
2021-06-24,"NVDA","Technology","NVIDIA Corporation",19.1392993927002
2021-06-24,"WFC","Financials","Wells Fargo & Company",40.0545120239258
2021-06-24,"XOM","Energy","Exxon Mobil Corporation",53.684986114502
2021-06-25,"AAPL","Technology","Apple Inc.",129.749237060547
2021-06-25,"AMZN","Consumer","Amazon.com, Inc.",170.072998046875
2021-06-25,"BAC","Financials","Bank of America Corporation",36.8237762451172
2021-06-25,"COP","Energy","ConocoPhillips",51.2975196838379
2021-06-25,"CVX","Energy","Chevron Corporation",87.3979949951172
2021-06-25,"HD","Consumer","The Home Depot, Inc.",276.928985595703
2021-06-25,"JPM","Financials","JPMorgan Chase & Co.",135.155838012695
2021-06-25,"MCD","Consumer","McDonald's Corporation",207.19953918457
2021-06-25,"MSFT","Technology","Microsoft Corporation",254.338790893555
2021-06-25,"NVDA","Technology","NVIDIA Corporation",18.9654006958008
2021-06-25,"WFC","Financials","Wells Fargo & Company",41.1183853149414
2021-06-25,"XOM","Energy","Exxon Mobil Corporation",53.8014831542969
2021-06-28,"AAPL","Technology","Apple Inc.",131.377090454102
2021-06-28,"AMZN","Consumer","Amazon.com, Inc.",172.19450378418
2021-06-28,"BAC","Financials","Bank of America Corporation",36.7706985473633
2021-06-28,"COP","Energy","ConocoPhillips",49.8584251403809
2021-06-28,"CVX","Energy","Chevron Corporation",84.7019271850586
2021-06-28,"HD","Consumer","The Home Depot, Inc.",277.5029296875
2021-06-28,"JPM","Financials","JPMorgan Chase & Co.",135.40153503418
2021-06-28,"MCD","Consumer","McDonald's Corporation",206.01383972168
2021-06-28,"MSFT","Technology","Microsoft Corporation",257.889709472656
2021-06-28,"NVDA","Technology","NVIDIA Corporation",19.9161109924316
2021-06-28,"WFC","Financials","Wells Fargo & Company",40.5953140258789
2021-06-28,"XOM","Energy","Exxon Mobil Corporation",52.4285659790039
2021-06-29,"AAPL","Technology","Apple Inc.",132.887924194336
2021-06-29,"AMZN","Consumer","Amazon.com, Inc.",172.406997680664
2021-06-29,"BAC","Financials","Bank of America Corporation",36.1778984069824
2021-06-29,"COP","Energy","ConocoPhillips",49.406608581543
2021-06-29,"CVX","Energy","Chevron Corporation",84.5146026611328
2021-06-29,"HD","Consumer","The Home Depot, Inc.",280.999481201172
2021-06-29,"JPM","Financials","JPMorgan Chase & Co.",135.234817504883
2021-06-29,"MCD","Consumer","McDonald's Corporation",205.371963500977
2021-06-29,"MSFT","Technology","Microsoft Corporation",260.461730957031
2021-06-29,"NVDA","Technology","NVIDIA Corporation",19.9577217102051
2021-06-29,"WFC","Financials","Wells Fargo & Company",39.7087593078613
2021-06-29,"XOM","Energy","Exxon Mobil Corporation",52.1040534973145
2021-06-30,"AAPL","Technology","Apple Inc.",133.502059936523
2021-06-30,"AMZN","Consumer","Amazon.com, Inc.",172.007995605469
2021-06-30,"BAC","Financials","Bank of America Corporation",36.4787178039551
2021-06-30,"COP","Energy","ConocoPhillips",50.9544868469238
2021-06-30,"CVX","Energy","Chevron Corporation",85.3128204345703
2021-06-30,"HD","Consumer","The Home Depot, Inc.",281.573486328125
2021-06-30,"JPM","Financials","JPMorgan Chase & Co.",136.463088989258
2021-06-30,"MCD","Consumer","McDonald's Corporation",205.924682617188
2021-06-30,"MSFT","Technology","Microsoft Corporation",259.981903076172
2021-06-30,"NVDA","Technology","NVIDIA Corporation",19.9335536956787
2021-06-30,"WFC","Financials","Wells Fargo & Company",40.1520385742188
2021-06-30,"XOM","Energy","Exxon Mobil Corporation",52.4868125915527
2021-07-01,"AAPL","Technology","Apple Inc.",133.80419921875
2021-07-01,"AMZN","Consumer","Amazon.com, Inc.",171.648498535156
2021-07-01,"BAC","Financials","Bank of America Corporation",36.7530059814453
2021-07-01,"COP","Energy","ConocoPhillips",52.6111373901367
2021-07-01,"CVX","Energy","Chevron Corporation",86.5101776123047
2021-07-01,"HD","Consumer","The Home Depot, Inc.",283.913360595703
2021-07-01,"JPM","Financials","JPMorgan Chase & Co.",137.814193725586
2021-07-01,"MCD","Consumer","McDonald's Corporation",207.065826416016
2021-07-01,"MSFT","Technology","Microsoft Corporation",260.653625488281
2021-07-01,"NVDA","Technology","NVIDIA Corporation",20.142333984375
2021-07-01,"WFC","Financials","Wells Fargo & Company",40.2584266662598
2021-07-01,"XOM","Energy","Exxon Mobil Corporation",52.6365852355957
2021-07-02,"AAPL","Technology","Apple Inc.",136.42626953125
2021-07-02,"AMZN","Consumer","Amazon.com, Inc.",175.54899597168
2021-07-02,"BAC","Financials","Bank of America Corporation",36.4079360961914
2021-07-02,"COP","Energy","ConocoPhillips",52.5023727416992
2021-07-02,"CVX","Energy","Chevron Corporation",86.3961486816406
2021-07-02,"HD","Consumer","The Home Depot, Inc.",284.937713623047
2021-07-02,"JPM","Financials","JPMorgan Chase & Co.",137.681884765625
2021-07-02,"MCD","Consumer","McDonald's Corporation",208.278244018555
2021-07-02,"MSFT","Technology","Microsoft Corporation",266.459808349609
2021-07-02,"NVDA","Technology","NVIDIA Corporation",20.4163799285889
2021-07-02,"WFC","Financials","Wells Fargo & Company",39.9569969177246
2021-07-02,"XOM","Energy","Exxon Mobil Corporation",52.561695098877
2021-07-06,"AAPL","Technology","Apple Inc.",138.434280395508
2021-07-06,"AMZN","Consumer","Amazon.com, Inc.",183.787002563477
2021-07-06,"BAC","Financials","Bank of America Corporation",35.4524078369141
2021-07-06,"COP","Energy","ConocoPhillips",50.4357261657715
2021-07-06,"CVX","Energy","Chevron Corporation",84.7019271850586
2021-07-06,"HD","Consumer","The Home Depot, Inc.",281.900207519531
2021-07-06,"JPM","Financials","JPMorgan Chase & Co.",135.369964599609
2021-07-06,"MCD","Consumer","McDonald's Corporation",207.493667602539
2021-07-06,"MSFT","Technology","Microsoft Corporation",266.469390869141
2021-07-06,"NVDA","Technology","NVIDIA Corporation",20.6271553039551
2021-07-06,"WFC","Financials","Wells Fargo & Company",38.5562362670898
2021-07-06,"XOM","Energy","Exxon Mobil Corporation",51.0639762878418
2021-07-07,"AAPL","Technology","Apple Inc.",140.919891357422
2021-07-07,"AMZN","Consumer","Amazon.com, Inc.",184.828994750977
2021-07-07,"BAC","Financials","Bank of America Corporation",35.1692771911621
2021-07-07,"COP","Energy","ConocoPhillips",49.3731384277344
2021-07-07,"CVX","Energy","Chevron Corporation",83.8385391235352
2021-07-07,"HD","Consumer","The Home Depot, Inc.",285.626373291016
2021-07-07,"JPM","Financials","JPMorgan Chase & Co.",135.528778076172
2021-07-07,"MCD","Consumer","McDonald's Corporation",209.169708251953
2021-07-07,"MSFT","Technology","Microsoft Corporation",268.647888183594
2021-07-07,"NVDA","Technology","NVIDIA Corporation",20.3015289306641
2021-07-07,"WFC","Financials","Wells Fargo & Company",38.4764442443848
2021-07-07,"XOM","Energy","Exxon Mobil Corporation",50.2651863098145
2021-07-08,"AAPL","Technology","Apple Inc.",139.623474121094
2021-07-08,"AMZN","Consumer","Amazon.com, Inc.",186.570495605469
2021-07-08,"BAC","Financials","Bank of America Corporation",34.3110618591309
2021-07-08,"COP","Energy","ConocoPhillips",49.5404815673828
2021-07-08,"CVX","Energy","Chevron Corporation",83.5697708129883
2021-07-08,"HD","Consumer","The Home Depot, Inc.",281.264495849609
2021-07-08,"JPM","Financials","JPMorgan Chase & Co.",133.190414428711
2021-07-08,"MCD","Consumer","McDonald's Corporation",207.573944091797
2021-07-08,"MSFT","Technology","Microsoft Corporation",266.239135742188
2021-07-08,"NVDA","Technology","NVIDIA Corporation",19.8341464996338
2021-07-08,"WFC","Financials","Wells Fargo & Company",37.518970489502
2021-07-08,"XOM","Energy","Exxon Mobil Corporation",50.0405349731445
2021-07-09,"AAPL","Technology","Apple Inc.",141.446273803711
2021-07-09,"AMZN","Consumer","Amazon.com, Inc.",185.966995239258
2021-07-09,"BAC","Financials","Bank of America Corporation",35.4258651733398
2021-07-09,"COP","Energy","ConocoPhillips",50.3102416992188
2021-07-09,"CVX","Energy","Chevron Corporation",84.7671127319336
2021-07-09,"HD","Consumer","The Home Depot, Inc.",284.399047851562
2021-07-09,"JPM","Financials","JPMorgan Chase & Co.",137.452453613281
2021-07-09,"MCD","Consumer","McDonald's Corporation",210.105758666992
2021-07-09,"MSFT","Technology","Microsoft Corporation",266.738189697266
2021-07-09,"NVDA","Technology","NVIDIA Corporation",19.9811382293701
2021-07-09,"WFC","Financials","Wells Fargo & Company",38.9285888671875
2021-07-09,"XOM","Energy","Exxon Mobil Corporation",50.9474830627441
2021-07-12,"AAPL","Technology","Apple Inc.",140.851654052734
2021-07-12,"AMZN","Consumer","Amazon.com, Inc.",185.927505493164
2021-07-12,"BAC","Financials","Bank of America Corporation",35.947868347168
2021-07-12,"COP","Energy","ConocoPhillips",50.034122467041
2021-07-12,"CVX","Energy","Chevron Corporation",84.9381408691406
2021-07-12,"HD","Consumer","The Home Depot, Inc.",284.089935302734
2021-07-12,"JPM","Financials","JPMorgan Chase & Co.",139.420211791992
2021-07-12,"MCD","Consumer","McDonald's Corporation",210.043350219727
2021-07-12,"MSFT","Technology","Microsoft Corporation",266.143096923828
2021-07-12,"NVDA","Technology","NVIDIA Corporation",20.4417934417725
2021-07-12,"WFC","Financials","Wells Fargo & Company",39.1502304077148
2021-07-12,"XOM","Energy","Exxon Mobil Corporation",50.8975601196289
2021-07-13,"AAPL","Technology","Apple Inc.",141.962875366211
2021-07-13,"AMZN","Consumer","Amazon.com, Inc.",183.86799621582
2021-07-13,"BAC","Financials","Bank of America Corporation",35.2666091918945
2021-07-13,"COP","Energy","ConocoPhillips",49.7496528625488
2021-07-13,"CVX","Energy","Chevron Corporation",84.6530609130859
2021-07-13,"HD","Consumer","The Home Depot, Inc.",279.948791503906
2021-07-13,"JPM","Financials","JPMorgan Chase & Co.",137.346572875977
2021-07-13,"MCD","Consumer","McDonald's Corporation",210.542587280273
2021-07-13,"MSFT","Technology","Microsoft Corporation",269.655670166016
2021-07-13,"NVDA","Technology","NVIDIA Corporation",20.1801986694336
2021-07-13,"WFC","Financials","Wells Fargo & Company",38.3257293701172
2021-07-13,"XOM","Energy","Exxon Mobil Corporation",50.6562576293945
2021-07-14,"AAPL","Technology","Apple Inc.",145.384231567383
2021-07-14,"AMZN","Consumer","Amazon.com, Inc.",184.083999633789
2021-07-14,"BAC","Financials","Bank of America Corporation",34.3818435668945
2021-07-14,"COP","Energy","ConocoPhillips",48.2519798278809
2021-07-14,"CVX","Energy","Chevron Corporation",83.0566101074219
2021-07-14,"HD","Consumer","The Home Depot, Inc.",281.864898681641
2021-07-14,"JPM","Financials","JPMorgan Chase & Co.",136.87890625
2021-07-14,"MCD","Consumer","McDonald's Corporation",211.3984375
2021-07-14,"MSFT","Technology","Microsoft Corporation",271.123931884766
2021-07-14,"NVDA","Technology","NVIDIA Corporation",19.7731094360352
2021-07-14,"WFC","Financials","Wells Fargo & Company",39.8506088256836
2021-07-14,"XOM","Energy","Exxon Mobil Corporation",49.5329704284668
2021-07-15,"AAPL","Technology","Apple Inc.",144.731170654297
2021-07-15,"AMZN","Consumer","Amazon.com, Inc.",181.559997558594
2021-07-15,"BAC","Financials","Bank of America Corporation",34.3553009033203
2021-07-15,"COP","Energy","ConocoPhillips",47.7583312988281
2021-07-15,"CVX","Energy","Chevron Corporation",82.5108947753906
2021-07-15,"HD","Consumer","The Home Depot, Inc.",284.946472167969
2021-07-15,"JPM","Financials","JPMorgan Chase & Co.",137.178894042969
2021-07-15,"MCD","Consumer","McDonald's Corporation",211.175552368164
2021-07-15,"MSFT","Technology","Microsoft Corporation",269.703643798828
2021-07-15,"NVDA","Technology","NVIDIA Corporation",18.9008769989014
2021-07-15,"WFC","Financials","Wells Fargo & Company",39.8949356079102
2021-07-15,"XOM","Energy","Exxon Mobil Corporation",49.0503807067871
2021-07-16,"AAPL","Technology","Apple Inc.",142.693923950195
2021-07-16,"AMZN","Consumer","Amazon.com, Inc.",178.681503295898
2021-07-16,"BAC","Financials","Bank of America Corporation",33.5501670837402
2021-07-16,"COP","Energy","ConocoPhillips",46.4363594055176
2021-07-16,"CVX","Energy","Chevron Corporation",80.3279800415039
2021-07-16,"HD","Consumer","The Home Depot, Inc.",283.913360595703
2021-07-16,"JPM","Financials","JPMorgan Chase & Co.",134.04638671875
2021-07-16,"MCD","Consumer","McDonald's Corporation",209.276672363281
2021-07-16,"MSFT","Technology","Microsoft Corporation",269.434875488281
2021-07-16,"NVDA","Technology","NVIDIA Corporation",18.0984001159668
2021-07-16,"WFC","Financials","Wells Fargo & Company",39.2566184997559
2021-07-16,"XOM","Energy","Exxon Mobil Corporation",47.6940956115723
2021-07-19,"AAPL","Technology","Apple Inc.",138.853408813477
2021-07-19,"AMZN","Consumer","Amazon.com, Inc.",177.479507446289
2021-07-19,"BAC","Financials","Bank of America Corporation",32.6742477416992
2021-07-19,"COP","Energy","ConocoPhillips",44.930305480957
2021-07-19,"CVX","Energy","Chevron Corporation",78.1613540649414
2021-07-19,"HD","Consumer","The Home Depot, Inc.",281.555847167969
2021-07-19,"JPM","Financials","JPMorgan Chase & Co.",129.687255859375
2021-07-19,"MCD","Consumer","McDonald's Corporation",204.382446289062
2021-07-19,"MSFT","Technology","Microsoft Corporation",265.845550537109
2021-07-19,"NVDA","Technology","NVIDIA Corporation",18.7150192260742
2021-07-19,"WFC","Financials","Wells Fargo & Company",38.1661567687988
2021-07-19,"XOM","Energy","Exxon Mobil Corporation",46.0549240112305
2021-07-20,"AAPL","Technology","Apple Inc.",142.4599609375
2021-07-20,"AMZN","Consumer","Amazon.com, Inc.",178.65950012207
2021-07-20,"BAC","Financials","Bank of America Corporation",33.3466682434082
2021-07-20,"COP","Energy","ConocoPhillips",45.5745658874512
2021-07-20,"CVX","Energy","Chevron Corporation",78.625617980957
2021-07-20,"HD","Consumer","The Home Depot, Inc.",287.277587890625
2021-07-20,"JPM","Financials","JPMorgan Chase & Co.",132.105041503906
2021-07-20,"MCD","Consumer","McDonald's Corporation",208.848754882812
2021-07-20,"MSFT","Technology","Microsoft Corporation",268.062530517578
2021-07-20,"NVDA","Technology","NVIDIA Corporation",18.5478401184082
2021-07-20,"WFC","Financials","Wells Fargo & Company",39.7530860900879
2021-07-20,"XOM","Energy","Exxon Mobil Corporation",46.5624885559082
2021-07-21,"AAPL","Technology","Apple Inc.",141.728942871094
2021-07-21,"AMZN","Consumer","Amazon.com, Inc.",179.259994506836
2021-07-21,"BAC","Financials","Bank of America Corporation",34.0279388427734
2021-07-21,"COP","Energy","ConocoPhillips",47.7081336975098
2021-07-21,"CVX","Energy","Chevron Corporation",81.3054046630859
2021-07-21,"HD","Consumer","The Home Depot, Inc.",288.169281005859
2021-07-21,"JPM","Financials","JPMorgan Chase & Co.",134.884674072266
2021-07-21,"MCD","Consumer","McDonald's Corporation",210.32861328125
2021-07-21,"MSFT","Technology","Microsoft Corporation",270.058654785156
2021-07-21,"NVDA","Technology","NVIDIA Corporation",19.3430976867676
2021-07-21,"WFC","Financials","Wells Fargo & Company",40.604175567627
2021-07-21,"XOM","Energy","Exxon Mobil Corporation",48.0602111816406
2021-07-22,"AAPL","Technology","Apple Inc.",143.093566894531
2021-07-22,"AMZN","Consumer","Amazon.com, Inc.",181.901504516602
2021-07-22,"BAC","Financials","Bank of America Corporation",33.5855560302734
2021-07-22,"COP","Energy","ConocoPhillips",47.4152870178223
2021-07-22,"CVX","Energy","Chevron Corporation",80.4908676147461
2021-07-22,"HD","Consumer","The Home Depot, Inc.",288.434295654297
2021-07-22,"JPM","Financials","JPMorgan Chase & Co.",133.181564331055
2021-07-22,"MCD","Consumer","McDonald's Corporation",212.771301269531
2021-07-22,"MSFT","Technology","Microsoft Corporation",274.607666015625
2021-07-22,"NVDA","Technology","NVIDIA Corporation",19.526460647583
2021-07-22,"WFC","Financials","Wells Fargo & Company",39.9215278625488
2021-07-22,"XOM","Energy","Exxon Mobil Corporation",47.519359588623
2021-07-23,"AAPL","Technology","Apple Inc.",144.809112548828
2021-07-23,"AMZN","Consumer","Amazon.com, Inc.",182.832000732422
2021-07-23,"BAC","Financials","Bank of America Corporation",33.3555183410645
2021-07-23,"COP","Energy","ConocoPhillips",46.6565093994141
2021-07-23,"CVX","Energy","Chevron Corporation",80.5234527587891
2021-07-23,"HD","Consumer","The Home Depot, Inc.",293.891021728516
2021-07-23,"JPM","Financials","JPMorgan Chase & Co.",132.925689697266
2021-07-23,"MCD","Consumer","McDonald's Corporation",216.595809936523
2021-07-23,"MSFT","Technology","Microsoft Corporation",277.995300292969
2021-07-23,"NVDA","Technology","NVIDIA Corporation",19.4905872344971
2021-07-23,"WFC","Financials","Wells Fargo & Company",39.5314483642578
2021-07-23,"XOM","Energy","Exxon Mobil Corporation",47.461124420166
2021-07-26,"AAPL","Technology","Apple Inc.",145.228302001953
2021-07-26,"AMZN","Consumer","Amazon.com, Inc.",184.990997314453
2021-07-26,"BAC","Financials","Bank of America Corporation",33.735954284668
2021-07-26,"COP","Energy","ConocoPhillips",47.9464263916016
2021-07-26,"CVX","Energy","Chevron Corporation",82.2257843017578
2021-07-26,"HD","Consumer","The Home Depot, Inc.",292.42529296875
2021-07-26,"JPM","Financials","JPMorgan Chase & Co.",133.81689453125
2021-07-26,"MCD","Consumer","McDonald's Corporation",217.50505065918
2021-07-26,"MSFT","Technology","Microsoft Corporation",277.400268554688
2021-07-26,"NVDA","Technology","NVIDIA Corporation",19.2274971008301
2021-07-26,"WFC","Financials","Wells Fargo & Company",39.9037933349609
2021-07-26,"XOM","Energy","Exxon Mobil Corporation",48.659294128418
2021-07-27,"AAPL","Technology","Apple Inc.",143.064300537109
2021-07-27,"AMZN","Consumer","Amazon.com, Inc.",181.31950378418
2021-07-27,"BAC","Financials","Bank of America Corporation",33.6032600402832
2021-07-27,"COP","Energy","ConocoPhillips",47.4911766052246
2021-07-27,"CVX","Energy","Chevron Corporation",81.9488677978516
2021-07-27,"HD","Consumer","The Home Depot, Inc.",288.963958740234
2021-07-27,"JPM","Financials","JPMorgan Chase & Co.",133.640441894531
2021-07-27,"MCD","Consumer","McDonald's Corporation",219.617950439453
2021-07-27,"MSFT","Technology","Microsoft Corporation",274.991546630859
2021-07-27,"NVDA","Technology","NVIDIA Corporation",19.1417865753174
2021-07-27,"WFC","Financials","Wells Fargo & Company",40.0190544128418
2021-07-27,"XOM","Energy","Exxon Mobil Corporation",48.1184577941895
2021-07-28,"AAPL","Technology","Apple Inc.",141.31950378418
2021-07-28,"AMZN","Consumer","Amazon.com, Inc.",181.516006469727
2021-07-28,"BAC","Financials","Bank of America Corporation",33.735954284668
2021-07-28,"COP","Energy","ConocoPhillips",47.8199729919434
2021-07-28,"CVX","Energy","Chevron Corporation",82.4131469726562
2021-07-28,"HD","Consumer","The Home Depot, Inc.",287.427612304688
2021-07-28,"JPM","Financials","JPMorgan Chase & Co.",133.861038208008
2021-07-28,"MCD","Consumer","McDonald's Corporation",215.543838500977
2021-07-28,"MSFT","Technology","Microsoft Corporation",274.684356689453
2021-07-28,"NVDA","Technology","NVIDIA Corporation",19.4357719421387
2021-07-28,"WFC","Financials","Wells Fargo & Company",40.3470687866211
2021-07-28,"XOM","Energy","Exxon Mobil Corporation",48.4429664611816
2021-07-29,"AAPL","Technology","Apple Inc.",141.962875366211
2021-07-29,"AMZN","Consumer","Amazon.com, Inc.",179.996002197266
2021-07-29,"BAC","Financials","Bank of America Corporation",34.2225875854492
2021-07-29,"COP","Energy","ConocoPhillips",48.1234817504883
2021-07-29,"CVX","Energy","Chevron Corporation",83.5453262329102
2021-07-29,"HD","Consumer","The Home Depot, Inc.",289.114105224609
2021-07-29,"JPM","Financials","JPMorgan Chase & Co.",135.008148193359
2021-07-29,"MCD","Consumer","McDonald's Corporation",217.540832519531
2021-07-29,"MSFT","Technology","Microsoft Corporation",274.953155517578
2021-07-29,"NVDA","Technology","NVIDIA Corporation",19.5942287445068
2021-07-29,"WFC","Financials","Wells Fargo & Company",41.2247772216797
2021-07-29,"XOM","Energy","Exxon Mobil Corporation",49.0337142944336
2021-07-30,"AAPL","Technology","Apple Inc.",142.177337646484
2021-07-30,"AMZN","Consumer","Amazon.com, Inc.",166.379501342773
2021-07-30,"BAC","Financials","Bank of America Corporation",33.9394683837891
2021-07-30,"COP","Energy","ConocoPhillips",47.2635307312012
2021-07-30,"CVX","Energy","Chevron Corporation",82.9262847900391
2021-07-30,"HD","Consumer","The Home Depot, Inc.",289.785217285156
2021-07-30,"JPM","Financials","JPMorgan Chase & Co.",133.931625366211
2021-07-30,"MCD","Consumer","McDonald's Corporation",216.372940063477
2021-07-30,"MSFT","Technology","Microsoft Corporation",273.427185058594
2021-07-30,"NVDA","Technology","NVIDIA Corporation",19.4317874908447
2021-07-30,"WFC","Financials","Wells Fargo & Company",40.7282905578613
2021-07-30,"XOM","Energy","Exxon Mobil Corporation",47.9021224975586
2021-08-02,"AAPL","Technology","Apple Inc.",141.845901489258
2021-08-02,"AMZN","Consumer","Amazon.com, Inc.",166.574005126953
2021-08-02,"BAC","Financials","Bank of America Corporation",33.5855560302734
2021-08-02,"COP","Energy","ConocoPhillips",46.6902275085449
2021-08-02,"CVX","Energy","Chevron Corporation",82.779670715332
2021-08-02,"HD","Consumer","The Home Depot, Inc.",288.928649902344
2021-08-02,"JPM","Financials","JPMorgan Chase & Co.",133.393356323242
2021-08-02,"MCD","Consumer","McDonald's Corporation",214.046127319336
2021-08-02,"MSFT","Technology","Microsoft Corporation",273.340789794922
2021-08-02,"NVDA","Technology","NVIDIA Corporation",19.6819190979004
2021-08-02,"WFC","Financials","Wells Fargo & Company",40.5953140258789
2021-08-02,"XOM","Energy","Exxon Mobil Corporation",47.9104309082031
2021-08-03,"AAPL","Technology","Apple Inc.",143.639434814453
2021-08-03,"AMZN","Consumer","Amazon.com, Inc.",168.311996459961
2021-08-03,"BAC","Financials","Bank of America Corporation",34.1075592041016
2021-08-03,"COP","Energy","ConocoPhillips",47.7525215148926
2021-08-03,"CVX","Energy","Chevron Corporation",83.5697708129883
2021-08-03,"HD","Consumer","The Home Depot, Inc.",293.096405029297
2021-08-03,"JPM","Financials","JPMorgan Chase & Co.",134.911087036133
2021-08-03,"MCD","Consumer","McDonald's Corporation",211.23796081543
2021-08-03,"MSFT","Technology","Microsoft Corporation",275.548156738281
2021-08-03,"NVDA","Technology","NVIDIA Corporation",19.7466983795166
2021-08-03,"WFC","Financials","Wells Fargo & Company",41.5173301696777
2021-08-03,"XOM","Energy","Exxon Mobil Corporation",48.4263153076172
2021-08-04,"AAPL","Technology","Apple Inc.",143.239791870117
2021-08-04,"AMZN","Consumer","Amazon.com, Inc.",167.735992431641
2021-08-04,"BAC","Financials","Bank of America Corporation",33.8598327636719
2021-08-04,"COP","Energy","ConocoPhillips",46.3108444213867
2021-08-04,"CVX","Energy","Chevron Corporation",81.6963653564453
2021-08-04,"HD","Consumer","The Home Depot, Inc.",291.657135009766
2021-08-04,"JPM","Financials","JPMorgan Chase & Co.",133.455154418945
2021-08-04,"MCD","Consumer","McDonald's Corporation",209.348007202148
2021-08-04,"MSFT","Technology","Microsoft Corporation",274.962677001953
2021-08-04,"NVDA","Technology","NVIDIA Corporation",20.2041187286377
2021-08-04,"WFC","Financials","Wells Fargo & Company",40.9144668579102
2021-08-04,"XOM","Energy","Exxon Mobil Corporation",47.2947120666504
2021-08-05,"AAPL","Technology","Apple Inc.",143.347015380859
2021-08-05,"AMZN","Consumer","Amazon.com, Inc.",168.799499511719
2021-08-05,"BAC","Financials","Bank of America Corporation",34.5234031677246
2021-08-05,"COP","Energy","ConocoPhillips",47.1707992553711
2021-08-05,"CVX","Energy","Chevron Corporation",82.4538726806641
2021-08-05,"HD","Consumer","The Home Depot, Inc.",294.129455566406
2021-08-05,"JPM","Financials","JPMorgan Chase & Co.",135.140502929688
2021-08-05,"MCD","Consumer","McDonald's Corporation",210.765426635742
2021-08-05,"MSFT","Technology","Microsoft Corporation",277.851379394531
2021-08-05,"NVDA","Technology","NVIDIA Corporation",20.5658626556396
2021-08-05,"WFC","Financials","Wells Fargo & Company",41.8404998779297
2021-08-05,"XOM","Energy","Exxon Mobil Corporation",47.5942497253418
2021-08-06,"AAPL","Technology","Apple Inc.",142.663681030273
2021-08-06,"AMZN","Consumer","Amazon.com, Inc.",167.246994018555
2021-08-06,"BAC","Financials","Bank of America Corporation",35.5231895446777
2021-08-06,"COP","Energy","ConocoPhillips",47.6344871520996
2021-08-06,"CVX","Energy","Chevron Corporation",83.0403137207031
2021-08-06,"HD","Consumer","The Home Depot, Inc.",291.242156982422
2021-08-06,"JPM","Financials","JPMorgan Chase & Co.",138.979034423828
2021-08-06,"MCD","Consumer","McDonald's Corporation",210.622817993164
2021-08-06,"MSFT","Technology","Microsoft Corporation",277.793823242188
2021-08-06,"NVDA","Technology","NVIDIA Corporation",20.2957973480225
2021-08-06,"WFC","Financials","Wells Fargo & Company",43.4254341125488
2021-08-06,"XOM","Energy","Exxon Mobil Corporation",48.1434211730957
2021-08-09,"AAPL","Technology","Apple Inc.",142.614868164062
2021-08-09,"AMZN","Consumer","Amazon.com, Inc.",167.093505859375
2021-08-09,"BAC","Financials","Bank of America Corporation",35.9832611083984
2021-08-09,"COP","Energy","ConocoPhillips",46.7492408752441
2021-08-09,"CVX","Energy","Chevron Corporation",81.6556396484375
2021-08-09,"HD","Consumer","The Home Depot, Inc.",290.288513183594
2021-08-09,"JPM","Financials","JPMorgan Chase & Co.",138.829025268555
2021-08-09,"MCD","Consumer","McDonald's Corporation",209.214263916016
2021-08-09,"MSFT","Technology","Microsoft Corporation",276.709350585938
2021-08-09,"NVDA","Technology","NVIDIA Corporation",20.2250461578369
2021-08-09,"WFC","Financials","Wells Fargo & Company",43.3185882568359
2021-08-09,"XOM","Energy","Exxon Mobil Corporation",47.5942497253418
2021-08-10,"AAPL","Technology","Apple Inc.",142.136535644531
2021-08-10,"AMZN","Consumer","Amazon.com, Inc.",166.033996582031
2021-08-10,"BAC","Financials","Bank of America Corporation",36.655689239502
2021-08-10,"COP","Energy","ConocoPhillips",47.6176147460938
2021-08-10,"CVX","Energy","Chevron Corporation",83.1462173461914
2021-08-10,"HD","Consumer","The Home Depot, Inc.",292.690246582031
2021-08-10,"JPM","Financials","JPMorgan Chase & Co.",140.532012939453
2021-08-10,"MCD","Consumer","McDonald's Corporation",208.117736816406
2021-08-10,"MSFT","Technology","Microsoft Corporation",274.895446777344
2021-08-10,"NVDA","Technology","NVIDIA Corporation",19.8672828674316
2021-08-10,"WFC","Financials","Wells Fargo & Company",44.1911964416504
2021-08-10,"XOM","Energy","Exxon Mobil Corporation",48.4096794128418
2021-08-11,"AAPL","Technology","Apple Inc.",142.390350341797
2021-08-11,"AMZN","Consumer","Amazon.com, Inc.",164.605499267578
2021-08-11,"BAC","Financials","Bank of America Corporation",37.1157569885254
2021-08-11,"COP","Energy","ConocoPhillips",48.2162284851074
2021-08-11,"CVX","Energy","Chevron Corporation",83.7733917236328
2021-08-11,"HD","Consumer","The Home Depot, Inc.",297.564208984375
2021-08-11,"JPM","Financials","JPMorgan Chase & Co.",142.208618164062
2021-08-11,"MCD","Consumer","McDonald's Corporation",209.989883422852
2021-08-11,"MSFT","Technology","Microsoft Corporation",275.385009765625
2021-08-11,"NVDA","Technology","NVIDIA Corporation",19.6310977935791
2021-08-11,"WFC","Financials","Wells Fargo & Company",45.1083183288574
2021-08-11,"XOM","Energy","Exxon Mobil Corporation",48.5511283874512
2021-08-12,"AAPL","Technology","Apple Inc.",145.34831237793
2021-08-12,"AMZN","Consumer","Amazon.com, Inc.",165.175003051758
2021-08-12,"BAC","Financials","Bank of America Corporation",37.2927017211914
2021-08-12,"COP","Energy","ConocoPhillips",48.0897483825684
2021-08-12,"CVX","Energy","Chevron Corporation",83.6023406982422
2021-08-12,"HD","Consumer","The Home Depot, Inc.",294.932952880859
2021-08-12,"JPM","Financials","JPMorgan Chase & Co.",142.764511108398
2021-08-12,"MCD","Consumer","McDonald's Corporation",210.988342285156
2021-08-12,"MSFT","Technology","Microsoft Corporation",278.129730224609
2021-08-12,"NVDA","Technology","NVIDIA Corporation",19.836389541626
2021-08-12,"WFC","Financials","Wells Fargo & Company",45.544620513916
2021-08-12,"XOM","Energy","Exxon Mobil Corporation",48.4413223266602
2021-08-13,"AAPL","Technology","Apple Inc.",145.553268432617
2021-08-13,"AMZN","Consumer","Amazon.com, Inc.",164.698501586914
2021-08-13,"BAC","Financials","Bank of America Corporation",36.8326301574707
2021-08-13,"COP","Energy","ConocoPhillips",47.1876525878906
2021-08-13,"CVX","Energy","Chevron Corporation",83.0484619140625
2021-08-13,"HD","Consumer","The Home Depot, Inc.",292.548889160156
2021-08-13,"JPM","Financials","JPMorgan Chase & Co.",141.167343139648
2021-08-13,"MCD","Consumer","McDonald's Corporation",212.905029296875
2021-08-13,"MSFT","Technology","Microsoft Corporation",281.047210693359
2021-08-13,"NVDA","Technology","NVIDIA Corporation",20.118408203125
2021-08-13,"WFC","Financials","Wells Fargo & Company",44.8500900268555
2021-08-13,"XOM","Energy","Exxon Mobil Corporation",47.9514198303223
2021-08-16,"AAPL","Technology","Apple Inc.",147.525192260742
2021-08-16,"AMZN","Consumer","Amazon.com, Inc.",164.949493408203
2021-08-16,"BAC","Financials","Bank of America Corporation",36.5318069458008
2021-08-16,"COP","Energy","ConocoPhillips",46.2096672058105
2021-08-16,"CVX","Energy","Chevron Corporation",82.2013549804688
2021-08-16,"HD","Consumer","The Home Depot, Inc.",295.842407226562
2021-08-16,"JPM","Financials","JPMorgan Chase & Co.",140.240829467773
2021-08-16,"MCD","Consumer","McDonald's Corporation",214.821762084961
2021-08-16,"MSFT","Technology","Microsoft Corporation",282.726654052734
2021-08-16,"NVDA","Technology","NVIDIA Corporation",19.8812313079834
2021-08-16,"WFC","Financials","Wells Fargo & Company",43.9952964782715
2021-08-16,"XOM","Energy","Exxon Mobil Corporation",47.2503471374512
2021-08-17,"AAPL","Technology","Apple Inc.",146.617340087891
2021-08-17,"AMZN","Consumer","Amazon.com, Inc.",162.098007202148
2021-08-17,"BAC","Financials","Bank of America Corporation",36.354850769043
2021-08-17,"COP","Energy","ConocoPhillips",45.9651756286621
2021-08-17,"CVX","Energy","Chevron Corporation",82.0466003417969
2021-08-17,"HD","Consumer","The Home Depot, Inc.",283.215850830078
2021-08-17,"JPM","Financials","JPMorgan Chase & Co.",138.546646118164
2021-08-17,"MCD","Consumer","McDonald's Corporation",214.206604003906
2021-08-17,"MSFT","Technology","Microsoft Corporation",281.267913818359
2021-08-17,"NVDA","Technology","NVIDIA Corporation",19.3909282684326
2021-08-17,"WFC","Financials","Wells Fargo & Company",43.3720054626465
2021-08-17,"XOM","Energy","Exxon Mobil Corporation",46.9293785095215
2021-08-18,"AAPL","Technology","Apple Inc.",142.878433227539
2021-08-18,"AMZN","Consumer","Amazon.com, Inc.",160.061004638672
2021-08-18,"BAC","Financials","Bank of America Corporation",36.0894432067871
2021-08-18,"COP","Energy","ConocoPhillips",45.1305274963379
2021-08-18,"CVX","Energy","Chevron Corporation",79.8259963989258
2021-08-18,"HD","Consumer","The Home Depot, Inc.",283.922119140625
2021-08-18,"JPM","Financials","JPMorgan Chase & Co.",137.284774780273
2021-08-18,"MCD","Consumer","McDonald's Corporation",212.245330810547
2021-08-18,"MSFT","Technology","Microsoft Corporation",279.546844482422
2021-08-18,"NVDA","Technology","NVIDIA Corporation",18.9743747711182
2021-08-18,"WFC","Financials","Wells Fargo & Company",42.7131118774414
2021-08-18,"XOM","Energy","Exxon Mobil Corporation",45.9411277770996
2021-08-19,"AAPL","Technology","Apple Inc.",143.210311889648
2021-08-19,"AMZN","Consumer","Amazon.com, Inc.",159.387496948242
2021-08-19,"BAC","Financials","Bank of America Corporation",35.5585746765137
2021-08-19,"COP","Energy","ConocoPhillips",44.2115440368652
2021-08-19,"CVX","Energy","Chevron Corporation",77.836555480957
2021-08-19,"HD","Consumer","The Home Depot, Inc.",285.114227294922
2021-08-19,"JPM","Financials","JPMorgan Chase & Co.",136.137664794922
2021-08-19,"MCD","Consumer","McDonald's Corporation",211.487564086914
2021-08-19,"MSFT","Technology","Microsoft Corporation",285.354461669922
2021-08-19,"NVDA","Technology","NVIDIA Corporation",19.7297592163086
2021-08-19,"WFC","Financials","Wells Fargo & Company",42.0720138549805
2021-08-19,"XOM","Energy","Exxon Mobil Corporation",44.5389862060547
2021-08-20,"AAPL","Technology","Apple Inc.",144.664947509766
2021-08-20,"AMZN","Consumer","Amazon.com, Inc.",159.997497558594
2021-08-20,"BAC","Financials","Bank of America Corporation",35.7178344726562
2021-08-20,"COP","Energy","ConocoPhillips",44.4897842407227
2021-08-20,"CVX","Energy","Chevron Corporation",77.8448181152344
2021-08-20,"HD","Consumer","The Home Depot, Inc.",290.71240234375
2021-08-20,"JPM","Financials","JPMorgan Chase & Co.",136.525924682617
2021-08-20,"MCD","Consumer","McDonald's Corporation",212.61083984375
2021-08-20,"MSFT","Technology","Microsoft Corporation",292.652435302734
2021-08-20,"NVDA","Technology","NVIDIA Corporation",20.7442493438721
2021-08-20,"WFC","Financials","Wells Fargo & Company",42.2233772277832
2021-08-20,"XOM","Energy","Exxon Mobil Corporation",44.547435760498
2021-08-23,"AAPL","Technology","Apple Inc.",146.14875793457
2021-08-23,"AMZN","Consumer","Amazon.com, Inc.",163.293502807617
2021-08-23,"BAC","Financials","Bank of America Corporation",36.1956024169922
2021-08-23,"COP","Energy","ConocoPhillips",46.1928024291992
2021-08-23,"CVX","Energy","Chevron Corporation",79.8507690429688
2021-08-23,"HD","Consumer","The Home Depot, Inc.",289.387878417969
2021-08-23,"JPM","Financials","JPMorgan Chase & Co.",138.273086547852
2021-08-23,"MCD","Consumer","McDonald's Corporation",213.653854370117
2021-08-23,"MSFT","Technology","Microsoft Corporation",292.931304931641
2021-08-23,"NVDA","Technology","NVIDIA Corporation",21.8823108673096
2021-08-23,"WFC","Financials","Wells Fargo & Company",42.3925552368164
2021-08-23,"XOM","Energy","Exxon Mobil Corporation",46.3803558349609
2021-08-24,"AAPL","Technology","Apple Inc.",146.060897827148
2021-08-24,"AMZN","Consumer","Amazon.com, Inc.",165.289001464844
2021-08-24,"BAC","Financials","Bank of America Corporation",36.6999206542969
2021-08-24,"COP","Energy","ConocoPhillips",46.715518951416
2021-08-24,"CVX","Energy","Chevron Corporation",80.7670822143555
2021-08-24,"HD","Consumer","The Home Depot, Inc.",286.880157470703
2021-08-24,"JPM","Financials","JPMorgan Chase & Co.",139.129028320312
2021-08-24,"MCD","Consumer","McDonald's Corporation",212.557373046875
2021-08-24,"MSFT","Technology","Microsoft Corporation",290.979400634766
2021-08-24,"NVDA","Technology","NVIDIA Corporation",21.7178821563721
2021-08-24,"WFC","Financials","Wells Fargo & Company",43.0603675842285
2021-08-24,"XOM","Energy","Exxon Mobil Corporation",46.7604522705078
2021-08-25,"AAPL","Technology","Apple Inc.",144.83088684082
2021-08-25,"AMZN","Consumer","Amazon.com, Inc.",164.958999633789
2021-08-25,"BAC","Financials","Bank of America Corporation",37.2927017211914
2021-08-25,"COP","Energy","ConocoPhillips",47.2298164367676
2021-08-25,"CVX","Energy","Chevron Corporation",81.3201599121094
2021-08-25,"HD","Consumer","The Home Depot, Inc.",285.979553222656
2021-08-25,"JPM","Financials","JPMorgan Chase & Co.",141.996826171875
2021-08-25,"MCD","Consumer","McDonald's Corporation",212.913955688477
2021-08-25,"MSFT","Technology","Microsoft Corporation",290.392913818359
2021-08-25,"NVDA","Technology","NVIDIA Corporation",22.1364288330078
2021-08-25,"WFC","Financials","Wells Fargo & Company",43.8884544372559
2021-08-25,"XOM","Energy","Exxon Mobil Corporation",46.8449096679688
2021-08-26,"AAPL","Technology","Apple Inc.",144.030395507812
2021-08-26,"AMZN","Consumer","Amazon.com, Inc.",165.800003051758
2021-08-26,"BAC","Financials","Bank of America Corporation",37.1953887939453
2021-08-26,"COP","Energy","ConocoPhillips",46.4794654846191
2021-08-26,"CVX","Energy","Chevron Corporation",80.2552719116211
2021-08-26,"HD","Consumer","The Home Depot, Inc.",283.860443115234
2021-08-26,"JPM","Financials","JPMorgan Chase & Co.",142.729232788086
2021-08-26,"MCD","Consumer","McDonald's Corporation",211.23796081543
2021-08-26,"MSFT","Technology","Microsoft Corporation",287.585266113281
2021-08-26,"NVDA","Technology","NVIDIA Corporation",21.9919357299805
2021-08-26,"WFC","Financials","Wells Fargo & Company",43.6747589111328
2021-08-26,"XOM","Energy","Exxon Mobil Corporation",46.2114219665527
2021-08-27,"AAPL","Technology","Apple Inc.",145.065185546875
2021-08-27,"AMZN","Consumer","Amazon.com, Inc.",167.481506347656
2021-08-27,"BAC","Financials","Bank of America Corporation",37.5935287475586
2021-08-27,"COP","Energy","ConocoPhillips",47.8368301391602
2021-08-27,"CVX","Energy","Chevron Corporation",81.4274597167969
2021-08-27,"HD","Consumer","The Home Depot, Inc.",285.538055419922
2021-08-27,"JPM","Financials","JPMorgan Chase & Co.",143.876373291016
2021-08-27,"MCD","Consumer","McDonald's Corporation",211.710464477539
2021-08-27,"MSFT","Technology","Microsoft Corporation",288.190948486328
2021-08-27,"NVDA","Technology","NVIDIA Corporation",22.5579719543457
2021-08-27,"WFC","Financials","Wells Fargo & Company",44.3514595031738
2021-08-27,"XOM","Energy","Exxon Mobil Corporation",47.1067504882812
2021-08-30,"AAPL","Technology","Apple Inc.",149.477630615234
2021-08-30,"AMZN","Consumer","Amazon.com, Inc.",171.078506469727
2021-08-30,"BAC","Financials","Bank of America Corporation",36.8591651916504
2021-08-30,"COP","Energy","ConocoPhillips",47.3815574645996
2021-08-30,"CVX","Energy","Chevron Corporation",81.2210998535156
2021-08-30,"HD","Consumer","The Home Depot, Inc.",288.822784423828
2021-08-30,"JPM","Financials","JPMorgan Chase & Co.",141.573287963867
2021-08-30,"MCD","Consumer","McDonald's Corporation",210.917022705078
2021-08-30,"MSFT","Technology","Microsoft Corporation",291.912109375
2021-08-30,"NVDA","Technology","NVIDIA Corporation",22.6097984313965
2021-08-30,"WFC","Financials","Wells Fargo & Company",43.1048812866211
2021-08-30,"XOM","Energy","Exxon Mobil Corporation",46.5915222167969
2021-08-31,"AAPL","Technology","Apple Inc.",148.218338012695
2021-08-31,"AMZN","Consumer","Amazon.com, Inc.",173.539505004883
2021-08-31,"BAC","Financials","Bank of America Corporation",36.9387969970703
2021-08-31,"COP","Energy","ConocoPhillips",46.8166847229004
2021-08-31,"CVX","Energy","Chevron Corporation",79.8837966918945
2021-08-31,"HD","Consumer","The Home Depot, Inc.",288.010437011719
2021-08-31,"JPM","Financials","JPMorgan Chase & Co.",141.140899658203
2021-08-31,"MCD","Consumer","McDonald's Corporation",212.853210449219
2021-08-31,"MSFT","Technology","Microsoft Corporation",290.267883300781
2021-08-31,"NVDA","Technology","NVIDIA Corporation",22.3117694854736
2021-08-31,"WFC","Financials","Wells Fargo & Company",40.6918716430664
2021-08-31,"XOM","Energy","Exxon Mobil Corporation",46.0509338378906
2021-09-01,"AAPL","Technology","Apple Inc.",148.882186889648
2021-09-01,"AMZN","Consumer","Amazon.com, Inc.",173.949996948242
2021-09-01,"BAC","Financials","Bank of America Corporation",36.4433403015137
2021-09-01,"COP","Energy","ConocoPhillips",46.0747680664062
2021-09-01,"CVX","Energy","Chevron Corporation",79.0087509155273
2021-09-01,"HD","Consumer","The Home Depot, Inc.",287.220581054688
2021-09-01,"JPM","Financials","JPMorgan Chase & Co.",140.93798828125
2021-09-01,"MCD","Consumer","McDonald's Corporation",213.471725463867
2021-09-01,"MSFT","Technology","Microsoft Corporation",290.219818115234
2021-09-01,"NVDA","Technology","NVIDIA Corporation",22.3675918579102
2021-09-01,"WFC","Financials","Wells Fargo & Company",38.6884422302246
2021-09-01,"XOM","Energy","Exxon Mobil Corporation",45.4174385070801
2021-09-02,"AAPL","Technology","Apple Inc.",149.995010375977
2021-09-02,"AMZN","Consumer","Amazon.com, Inc.",173.156005859375
2021-09-02,"BAC","Financials","Bank of America Corporation",36.4789085388184
2021-09-02,"COP","Energy","ConocoPhillips",47.7187995910645
2021-09-02,"CVX","Energy","Chevron Corporation",80.6597518920898
2021-09-02,"HD","Consumer","The Home Depot, Inc.",290.859130859375
2021-09-02,"JPM","Financials","JPMorgan Chase & Co.",141.590927124023
2021-09-02,"MCD","Consumer","McDonald's Corporation",215.013412475586
2021-09-02,"MSFT","Technology","Microsoft Corporation",289.56591796875
2021-09-02,"NVDA","Technology","NVIDIA Corporation",22.3227405548096
2021-09-02,"WFC","Financials","Wells Fargo & Company",39.6857109069824
2021-09-02,"XOM","Energy","Exxon Mobil Corporation",46.5239486694336
2021-09-03,"AAPL","Technology","Apple Inc.",150.629592895508
2021-09-03,"AMZN","Consumer","Amazon.com, Inc.",173.902496337891
2021-09-03,"BAC","Financials","Bank of America Corporation",36.5055885314941
2021-09-03,"COP","Energy","ConocoPhillips",47.4152793884277
2021-09-03,"CVX","Energy","Chevron Corporation",80.478157043457
2021-09-03,"HD","Consumer","The Home Depot, Inc.",293.166595458984
2021-09-03,"JPM","Financials","JPMorgan Chase & Co.",140.734985351562
2021-09-03,"MCD","Consumer","McDonald's Corporation",214.072250366211
2021-09-03,"MSFT","Technology","Microsoft Corporation",289.556365966797
2021-09-03,"NVDA","Technology","NVIDIA Corporation",22.768274307251
2021-09-03,"WFC","Financials","Wells Fargo & Company",39.329532623291
2021-09-03,"XOM","Energy","Exxon Mobil Corporation",46.3465614318848
2021-09-07,"AAPL","Technology","Apple Inc.",152.962707519531
2021-09-07,"AMZN","Consumer","Amazon.com, Inc.",175.464492797852
2021-09-07,"BAC","Financials","Bank of America Corporation",36.7457046508789
2021-09-07,"COP","Energy","ConocoPhillips",47.1960792541504
2021-09-07,"CVX","Energy","Chevron Corporation",80.123176574707
2021-09-07,"HD","Consumer","The Home Depot, Inc.",291.933044433594
2021-09-07,"JPM","Financials","JPMorgan Chase & Co.",140.487899780273
2021-09-07,"MCD","Consumer","McDonald's Corporation",211.714767456055
2021-09-07,"MSFT","Technology","Microsoft Corporation",288.633270263672
2021-09-07,"NVDA","Technology","NVIDIA Corporation",22.5878677368164
2021-09-07,"WFC","Financials","Wells Fargo & Company",39.4541931152344
2021-09-07,"XOM","Energy","Exxon Mobil Corporation",46.0762748718262
2021-09-08,"AAPL","Technology","Apple Inc.",151.420303344727
2021-09-08,"AMZN","Consumer","Amazon.com, Inc.",176.274993896484
2021-09-08,"BAC","Financials","Bank of America Corporation",36.2654838562012
2021-09-08,"COP","Energy","ConocoPhillips",46.6059303283691
2021-09-08,"CVX","Energy","Chevron Corporation",79.5700988769531
2021-09-08,"HD","Consumer","The Home Depot, Inc.",294.267059326172
2021-09-08,"JPM","Financials","JPMorgan Chase & Co.",139.861389160156
2021-09-08,"MCD","Consumer","McDonald's Corporation",213.892990112305
2021-09-08,"MSFT","Technology","Microsoft Corporation",288.662109375
2021-09-08,"NVDA","Technology","NVIDIA Corporation",22.2659244537354
2021-09-08,"WFC","Financials","Wells Fargo & Company",39.0178909301758
2021-09-08,"XOM","Energy","Exxon Mobil Corporation",45.6539459228516
2021-09-09,"AAPL","Technology","Apple Inc.",150.405059814453
2021-09-09,"AMZN","Consumer","Amazon.com, Inc.",174.207992553711
2021-09-09,"BAC","Financials","Bank of America Corporation",36.3988800048828
2021-09-09,"COP","Energy","ConocoPhillips",46.8588676452637
2021-09-09,"CVX","Energy","Chevron Corporation",79.248161315918
2021-09-09,"HD","Consumer","The Home Depot, Inc.",294.435729980469
2021-09-09,"JPM","Financials","JPMorgan Chase & Co.",140.470291137695
2021-09-09,"MCD","Consumer","McDonald's Corporation",213.884033203125
2021-09-09,"MSFT","Technology","Microsoft Corporation",285.815948486328
2021-09-09,"NVDA","Technology","NVIDIA Corporation",22.1044540405273
2021-09-09,"WFC","Financials","Wells Fargo & Company",39.498722076416
2021-09-09,"XOM","Energy","Exxon Mobil Corporation",45.6877250671387
2021-09-10,"AAPL","Technology","Apple Inc.",145.426361083984
2021-09-10,"AMZN","Consumer","Amazon.com, Inc.",173.457504272461
2021-09-10,"BAC","Financials","Bank of America Corporation",35.8119430541992
2021-09-10,"COP","Energy","ConocoPhillips",46.9853019714355
2021-09-10,"CVX","Energy","Chevron Corporation",79.3059539794922
2021-09-10,"HD","Consumer","The Home Depot, Inc.",294.595397949219
2021-09-10,"JPM","Financials","JPMorgan Chase & Co.",138.85546875
2021-09-10,"MCD","Consumer","McDonald's Corporation",214.394912719727
2021-09-10,"MSFT","Technology","Microsoft Corporation",284.335205078125
2021-09-10,"NVDA","Technology","NVIDIA Corporation",22.404468536377
2021-09-10,"WFC","Financials","Wells Fargo & Company",39.4720001220703
2021-09-10,"XOM","Energy","Exxon Mobil Corporation",45.5948181152344
2021-09-13,"AAPL","Technology","Apple Inc.",145.992538452148
2021-09-13,"AMZN","Consumer","Amazon.com, Inc.",172.858505249023
2021-09-13,"BAC","Financials","Bank of America Corporation",36.4077682495117
2021-09-13,"COP","Energy","ConocoPhillips",48.5534591674805
2021-09-13,"CVX","Energy","Chevron Corporation",80.874397277832
2021-09-13,"HD","Consumer","The Home Depot, Inc.",297.701538085938
2021-09-13,"JPM","Financials","JPMorgan Chase & Co.",141.061492919922
2021-09-13,"MCD","Consumer","McDonald's Corporation",216.214599609375
2021-09-13,"MSFT","Technology","Microsoft Corporation",285.565979003906
2021-09-13,"NVDA","Technology","NVIDIA Corporation",22.0795307159424
2021-09-13,"WFC","Financials","Wells Fargo & Company",40.745288848877
2021-09-13,"XOM","Energy","Exxon Mobil Corporation",46.7688941955566
2021-09-14,"AAPL","Technology","Apple Inc.",144.596572875977
2021-09-14,"AMZN","Consumer","Amazon.com, Inc.",172.5
2021-09-14,"BAC","Financials","Bank of America Corporation",35.4295425415039
2021-09-14,"COP","Energy","ConocoPhillips",48.0054473876953
2021-09-14,"CVX","Energy","Chevron Corporation",79.4132537841797
2021-09-14,"HD","Consumer","The Home Depot, Inc.",295.633728027344
2021-09-14,"JPM","Financials","JPMorgan Chase & Co.",138.599578857422
2021-09-14,"MCD","Consumer","McDonald's Corporation",216.142929077148
2021-09-14,"MSFT","Technology","Microsoft Corporation",288.25830078125
2021-09-14,"NVDA","Technology","NVIDIA Corporation",22.1692409515381
2021-09-14,"WFC","Financials","Wells Fargo & Company",41.0035057067871
2021-09-14,"XOM","Energy","Exxon Mobil Corporation",46.1016159057617
2021-09-15,"AAPL","Technology","Apple Inc.",145.484924316406
2021-09-15,"AMZN","Consumer","Amazon.com, Inc.",173.789505004883
2021-09-15,"BAC","Financials","Bank of America Corporation",35.6963310241699
2021-09-15,"COP","Energy","ConocoPhillips",50.0119972229004
2021-09-15,"CVX","Energy","Chevron Corporation",81.0972747802734
2021-09-15,"HD","Consumer","The Home Depot, Inc.",295.855560302734
2021-09-15,"JPM","Financials","JPMorgan Chase & Co.",139.561386108398
2021-09-15,"MCD","Consumer","McDonald's Corporation",216.008407592773
2021-09-15,"MSFT","Technology","Microsoft Corporation",293.094848632812
2021-09-15,"NVDA","Technology","NVIDIA Corporation",22.267915725708
2021-09-15,"WFC","Financials","Wells Fargo & Company",41.5288543701172
2021-09-15,"XOM","Energy","Exxon Mobil Corporation",47.6557807922363
2021-09-16,"AAPL","Technology","Apple Inc.",145.250640869141
2021-09-16,"AMZN","Consumer","Amazon.com, Inc.",174.412002563477
2021-09-16,"BAC","Financials","Bank of America Corporation",35.9720039367676
2021-09-16,"COP","Energy","ConocoPhillips",49.9361152648926
2021-09-16,"CVX","Energy","Chevron Corporation",80.3378143310547
2021-09-16,"HD","Consumer","The Home Depot, Inc.",298.535797119141
2021-09-16,"JPM","Financials","JPMorgan Chase & Co.",139.499603271484
2021-09-16,"MCD","Consumer","McDonald's Corporation",218.007339477539
2021-09-16,"MSFT","Technology","Microsoft Corporation",293.479370117188
2021-09-16,"NVDA","Technology","NVIDIA Corporation",22.1692409515381
2021-09-16,"WFC","Financials","Wells Fargo & Company",41.2083053588867
2021-09-16,"XOM","Energy","Exxon Mobil Corporation",47.148998260498
2021-09-17,"AAPL","Technology","Apple Inc.",142.585571289062
2021-09-17,"AMZN","Consumer","Amazon.com, Inc.",173.126007080078
2021-09-17,"BAC","Financials","Bank of America Corporation",36.016471862793
2021-09-17,"COP","Energy","ConocoPhillips",49.6747512817383
2021-09-17,"CVX","Energy","Chevron Corporation",79.8755340576172
2021-09-17,"HD","Consumer","The Home Depot, Inc.",297.896789550781
2021-09-17,"JPM","Financials","JPMorgan Chase & Co.",139.137847900391
2021-09-17,"MCD","Consumer","McDonald's Corporation",217.361968994141
2021-09-17,"MSFT","Technology","Microsoft Corporation",288.335205078125
2021-09-17,"NVDA","Technology","NVIDIA Corporation",21.8283653259277
2021-09-17,"WFC","Financials","Wells Fargo & Company",41.3774833679199
2021-09-17,"XOM","Energy","Exxon Mobil Corporation",46.5915222167969
2021-09-20,"AAPL","Technology","Apple Inc.",139.539810180664
2021-09-20,"AMZN","Consumer","Amazon.com, Inc.",167.786499023438
2021-09-20,"BAC","Financials","Bank of America Corporation",34.7803497314453
2021-09-20,"COP","Energy","ConocoPhillips",48.1150436401367
2021-09-20,"CVX","Energy","Chevron Corporation",78.2410583496094
2021-09-20,"HD","Consumer","The Home Depot, Inc.",293.938690185547
2021-09-20,"JPM","Financials","JPMorgan Chase & Co.",134.972885131836
2021-09-20,"MCD","Consumer","McDonald's Corporation",214.31428527832
2021-09-20,"MSFT","Technology","Microsoft Corporation",282.979370117188
2021-09-20,"NVDA","Technology","NVIDIA Corporation",21.0439395904541
2021-09-20,"WFC","Financials","Wells Fargo & Company",40.7898101806641
2021-09-20,"XOM","Energy","Exxon Mobil Corporation",45.3498611450195
2021-09-21,"AAPL","Technology","Apple Inc.",140.018127441406
2021-09-21,"AMZN","Consumer","Amazon.com, Inc.",167.181503295898
2021-09-21,"BAC","Financials","Bank of America Corporation",34.7981414794922
2021-09-21,"COP","Energy","ConocoPhillips",50.0204277038574
2021-09-21,"CVX","Energy","Chevron Corporation",78.2988357543945
2021-09-21,"HD","Consumer","The Home Depot, Inc.",296.609954833984
2021-09-21,"JPM","Financials","JPMorgan Chase & Co.",134.990524291992
2021-09-21,"MCD","Consumer","McDonald's Corporation",215.578201293945
2021-09-21,"MSFT","Technology","Microsoft Corporation",283.460144042969
2021-09-21,"NVDA","Technology","NVIDIA Corporation",21.1764965057373
2021-09-21,"WFC","Financials","Wells Fargo & Company",40.8254280090332
2021-09-21,"XOM","Energy","Exxon Mobil Corporation",45.3076286315918
2021-09-22,"AAPL","Technology","Apple Inc.",142.380630493164
2021-09-22,"AMZN","Consumer","Amazon.com, Inc.",169.002502441406
2021-09-22,"BAC","Financials","Bank of America Corporation",35.6963310241699
2021-09-22,"COP","Energy","ConocoPhillips",52.4906692504883
2021-09-22,"CVX","Energy","Chevron Corporation",80.6019668579102
2021-09-22,"HD","Consumer","The Home Depot, Inc.",298.127563476562
2021-09-22,"JPM","Financials","JPMorgan Chase & Co.",137.575973510742
2021-09-22,"MCD","Consumer","McDonald's Corporation",217.935638427734
2021-09-22,"MSFT","Technology","Microsoft Corporation",287.094757080078
2021-09-22,"NVDA","Technology","NVIDIA Corporation",21.8692264556885
2021-09-22,"WFC","Financials","Wells Fargo & Company",41.9206428527832
2021-09-22,"XOM","Energy","Exxon Mobil Corporation",46.6337471008301
2021-09-23,"AAPL","Technology","Apple Inc.",143.337280273438
2021-09-23,"AMZN","Consumer","Amazon.com, Inc.",170.800003051758
2021-09-23,"BAC","Financials","Bank of America Corporation",37.0747337341309
2021-09-23,"COP","Energy","ConocoPhillips",53.7131538391113
2021-09-23,"CVX","Energy","Chevron Corporation",82.5996856689453
2021-09-23,"HD","Consumer","The Home Depot, Inc.",298.109771728516
2021-09-23,"JPM","Financials","JPMorgan Chase & Co.",142.226226806641
2021-09-23,"MCD","Consumer","McDonald's Corporation",219.414642333984
2021-09-23,"MSFT","Technology","Microsoft Corporation",288.037078857422
2021-09-23,"NVDA","Technology","NVIDIA Corporation",22.4084548950195
2021-09-23,"WFC","Financials","Wells Fargo & Company",42.5617370605469
2021-09-23,"XOM","Energy","Exxon Mobil Corporation",48.2132682800293
2021-09-24,"AAPL","Technology","Apple Inc.",143.42512512207
2021-09-24,"AMZN","Consumer","Amazon.com, Inc.",171.276000976562
2021-09-24,"BAC","Financials","Bank of America Corporation",37.474910736084
2021-09-24,"COP","Energy","ConocoPhillips",54.8176116943359
2021-09-24,"CVX","Energy","Chevron Corporation",83.0454788208008
2021-09-24,"HD","Consumer","The Home Depot, Inc.",299.512023925781
2021-09-24,"JPM","Financials","JPMorgan Chase & Co.",143.867538452148
2021-09-24,"MCD","Consumer","McDonald's Corporation",220.884719848633
2021-09-24,"MSFT","Technology","Microsoft Corporation",287.835144042969
2021-09-24,"NVDA","Technology","NVIDIA Corporation",22.0087699890137
2021-09-24,"WFC","Financials","Wells Fargo & Company",42.6685829162598
2021-09-24,"XOM","Energy","Exxon Mobil Corporation",48.6440467834473
2021-09-27,"AAPL","Technology","Apple Inc.",141.912002563477
2021-09-27,"AMZN","Consumer","Amazon.com, Inc.",170.289993286133
2021-09-27,"BAC","Financials","Bank of America Corporation",38.4709358215332
2021-09-27,"COP","Energy","ConocoPhillips",56.2424278259277
2021-09-27,"CVX","Energy","Chevron Corporation",85.0018997192383
2021-09-27,"HD","Consumer","The Home Depot, Inc.",302.990875244141
2021-09-27,"JPM","Financials","JPMorgan Chase & Co.",147.344177246094
2021-09-27,"MCD","Consumer","McDonald's Corporation",222.39958190918
2021-09-27,"MSFT","Technology","Microsoft Corporation",282.854431152344
2021-09-27,"NVDA","Technology","NVIDIA Corporation",21.5891437530518
2021-09-27,"WFC","Financials","Wells Fargo & Company",42.3480339050293
2021-09-27,"XOM","Energy","Exxon Mobil Corporation",50.0884170532227
2021-09-28,"AAPL","Technology","Apple Inc.",138.534317016602
2021-09-28,"AMZN","Consumer","Amazon.com, Inc.",165.798004150391
2021-09-28,"BAC","Financials","Bank of America Corporation",38.3820037841797
2021-09-28,"COP","Energy","ConocoPhillips",57.1613731384277
2021-09-28,"CVX","Energy","Chevron Corporation",85.3238372802734
2021-09-28,"HD","Consumer","The Home Depot, Inc.",296.237213134766
2021-09-28,"JPM","Financials","JPMorgan Chase & Co.",146.550048828125
2021-09-28,"MCD","Consumer","McDonald's Corporation",218.509307861328
2021-09-28,"MSFT","Technology","Microsoft Corporation",272.614074707031
2021-09-28,"NVDA","Technology","NVIDIA Corporation",20.631290435791
2021-09-28,"WFC","Financials","Wells Fargo & Company",40.887752532959
2021-09-28,"XOM","Energy","Exxon Mobil Corporation",50.6120986938477
2021-09-29,"AAPL","Technology","Apple Inc.",139.432418823242
2021-09-29,"AMZN","Consumer","Amazon.com, Inc.",165.055999755859
2021-09-29,"BAC","Financials","Bank of America Corporation",38.3019638061523
2021-09-29,"COP","Energy","ConocoPhillips",57.3637351989746
2021-09-29,"CVX","Energy","Chevron Corporation",85.2990875244141
2021-09-29,"HD","Consumer","The Home Depot, Inc.",299.015014648438
2021-09-29,"JPM","Financials","JPMorgan Chase & Co.",146.435317993164
2021-09-29,"MCD","Consumer","McDonald's Corporation",218.966491699219
2021-09-29,"MSFT","Technology","Microsoft Corporation",273.075653076172
2021-09-29,"NVDA","Technology","NVIDIA Corporation",20.4498844146729
2021-09-29,"WFC","Financials","Wells Fargo & Company",41.8761177062988
2021-09-29,"XOM","Energy","Exxon Mobil Corporation",50.578311920166
2021-09-30,"AAPL","Technology","Apple Inc.",138.134033203125
2021-09-30,"AMZN","Consumer","Amazon.com, Inc.",164.251998901367
2021-09-30,"BAC","Financials","Bank of America Corporation",37.7506103515625
2021-09-30,"COP","Energy","ConocoPhillips",57.1360969543457
2021-09-30,"CVX","Energy","Chevron Corporation",83.7471313476562
2021-09-30,"HD","Consumer","The Home Depot, Inc.",291.320617675781
2021-09-30,"JPM","Financials","JPMorgan Chase & Co.",144.441116333008
2021-09-30,"MCD","Consumer","McDonald's Corporation",216.124969482422
2021-09-30,"MSFT","Technology","Microsoft Corporation",271.075714111328
2021-09-30,"NVDA","Technology","NVIDIA Corporation",20.6482315063477
2021-09-30,"WFC","Financials","Wells Fargo & Company",41.3240585327148
2021-09-30,"XOM","Energy","Exxon Mobil Corporation",49.6829833984375
2021-10-01,"AAPL","Technology","Apple Inc.",139.25666809082
2021-10-01,"AMZN","Consumer","Amazon.com, Inc.",164.162994384766
2021-10-01,"BAC","Financials","Bank of America Corporation",38.3108596801758
2021-10-01,"COP","Energy","ConocoPhillips",59.1004943847656
2021-10-01,"CVX","Energy","Chevron Corporation",86.1245880126953
2021-10-01,"HD","Consumer","The Home Depot, Inc.",292.740570068359
2021-10-01,"JPM","Financials","JPMorgan Chase & Co.",147.476547241211
2021-10-01,"MCD","Consumer","McDonald's Corporation",217.75634765625
2021-10-01,"MSFT","Technology","Microsoft Corporation",277.979431152344
2021-10-01,"NVDA","Technology","NVIDIA Corporation",20.674144744873
2021-10-01,"WFC","Financials","Wells Fargo & Company",41.8672103881836
2021-10-01,"XOM","Energy","Exxon Mobil Corporation",51.4652137756348
2021-10-04,"AAPL","Technology","Apple Inc.",135.830154418945
2021-10-04,"AMZN","Consumer","Amazon.com, Inc.",159.488998413086
2021-10-04,"BAC","Financials","Bank of America Corporation",38.5420799255371
2021-10-04,"COP","Energy","ConocoPhillips",60.2723731994629
2021-10-04,"CVX","Energy","Chevron Corporation",86.4465255737305
2021-10-04,"HD","Consumer","The Home Depot, Inc.",289.732147216797
2021-10-04,"JPM","Financials","JPMorgan Chase & Co.",147.317749023438
2021-10-04,"MCD","Consumer","McDonald's Corporation",217.890838623047
2021-10-04,"MSFT","Technology","Microsoft Corporation",272.219879150391
2021-10-04,"NVDA","Technology","NVIDIA Corporation",19.6674556732178
2021-10-04,"WFC","Financials","Wells Fargo & Company",41.8672103881836
2021-10-04,"XOM","Energy","Exxon Mobil Corporation",52.132495880127
2021-10-05,"AAPL","Technology","Apple Inc.",137.753311157227
2021-10-05,"AMZN","Consumer","Amazon.com, Inc.",161.050003051758
2021-10-05,"BAC","Financials","Bank of America Corporation",39.3246612548828
2021-10-05,"COP","Energy","ConocoPhillips",60.4747352600098
2021-10-05,"CVX","Energy","Chevron Corporation",87.3875885009766
2021-10-05,"HD","Consumer","The Home Depot, Inc.",292.403381347656
2021-10-05,"JPM","Financials","JPMorgan Chase & Co.",149.723495483398
2021-10-05,"MCD","Consumer","McDonald's Corporation",219.809066772461
2021-10-05,"MSFT","Technology","Microsoft Corporation",277.652496337891
2021-10-05,"NVDA","Technology","NVIDIA Corporation",20.3840980529785
2021-10-05,"WFC","Financials","Wells Fargo & Company",42.7042045593262
2021-10-05,"XOM","Energy","Exxon Mobil Corporation",52.0480308532715
2021-10-06,"AAPL","Technology","Apple Inc.",138.622131347656
2021-10-06,"AMZN","Consumer","Amazon.com, Inc.",163.100494384766
2021-10-06,"BAC","Financials","Bank of America Corporation",39.3424415588379
2021-10-06,"COP","Energy","ConocoPhillips",60.5421714782715
2021-10-06,"CVX","Energy","Chevron Corporation",86.619873046875
2021-10-06,"HD","Consumer","The Home Depot, Inc.",293.184326171875
2021-10-06,"JPM","Financials","JPMorgan Chase & Co.",150.043075561523
2021-10-06,"MCD","Consumer","McDonald's Corporation",221.494232177734
2021-10-06,"MSFT","Technology","Microsoft Corporation",281.835205078125
2021-10-06,"NVDA","Technology","NVIDIA Corporation",20.6322898864746
2021-10-06,"WFC","Financials","Wells Fargo & Company",42.6240615844727
2021-10-06,"XOM","Energy","Exxon Mobil Corporation",51.0935668945312
2021-10-07,"AAPL","Technology","Apple Inc.",139.881500244141
2021-10-07,"AMZN","Consumer","Amazon.com, Inc.",165.121505737305
2021-10-07,"BAC","Financials","Bank of America Corporation",39.2357177734375
2021-10-07,"COP","Energy","ConocoPhillips",60.2892570495605
2021-10-07,"CVX","Energy","Chevron Corporation",87.2390060424805
2021-10-07,"HD","Consumer","The Home Depot, Inc.",299.503082275391
2021-10-07,"JPM","Financials","JPMorgan Chase & Co.",150.992889404297
2021-10-07,"MCD","Consumer","McDonald's Corporation",222.587829589844
2021-10-07,"MSFT","Technology","Microsoft Corporation",283.508361816406
2021-10-07,"NVDA","Technology","NVIDIA Corporation",21.0060577392578
2021-10-07,"WFC","Financials","Wells Fargo & Company",42.5261116027832
2021-10-07,"XOM","Energy","Exxon Mobil Corporation",51.2371482849121
2021-10-08,"AAPL","Technology","Apple Inc.",139.500778198242
2021-10-08,"AMZN","Consumer","Amazon.com, Inc.",164.430999755859
2021-10-08,"BAC","Financials","Bank of America Corporation",39.4313659667969
2021-10-08,"COP","Energy","ConocoPhillips",63.164192199707
2021-10-08,"CVX","Energy","Chevron Corporation",89.1954650878906
2021-10-08,"HD","Consumer","The Home Depot, Inc.",296.716461181641
2021-10-08,"JPM","Financials","JPMorgan Chase & Co.",151.108291625977
2021-10-08,"MCD","Consumer","McDonald's Corporation",222.03205871582
2021-10-08,"MSFT","Technology","Microsoft Corporation",283.508361816406
2021-10-08,"NVDA","Technology","NVIDIA Corporation",20.7628555297852
2021-10-08,"WFC","Financials","Wells Fargo & Company",42.7398147583008
2021-10-08,"XOM","Energy","Exxon Mobil Corporation",52.5210418701172
2021-10-11,"AAPL","Technology","Apple Inc.",139.412872314453
2021-10-11,"AMZN","Consumer","Amazon.com, Inc.",162.315002441406
2021-10-11,"BAC","Financials","Bank of America Corporation",38.9333686828613
2021-10-11,"COP","Energy","ConocoPhillips",62.3632278442383
2021-10-11,"CVX","Energy","Chevron Corporation",88.4359893798828
2021-10-11,"HD","Consumer","The Home Depot, Inc.",299.050506591797
2021-10-11,"JPM","Financials","JPMorgan Chase & Co.",147.930282592773
2021-10-11,"MCD","Consumer","McDonald's Corporation",221.028137207031
2021-10-11,"MSFT","Technology","Microsoft Corporation",282.912170410156
2021-10-11,"NVDA","Technology","NVIDIA Corporation",20.6273040771484
2021-10-11,"WFC","Financials","Wells Fargo & Company",42.0987129211426
2021-10-11,"XOM","Energy","Exxon Mobil Corporation",51.9973526000977
2021-10-12,"AAPL","Technology","Apple Inc.",138.143783569336
2021-10-12,"AMZN","Consumer","Amazon.com, Inc.",162.366500854492
2021-10-12,"BAC","Financials","Bank of America Corporation",38.7199401855469
2021-10-12,"COP","Energy","ConocoPhillips",61.8911056518555
2021-10-12,"CVX","Energy","Chevron Corporation",88.4524993896484
2021-10-12,"HD","Consumer","The Home Depot, Inc.",299.787109375
2021-10-12,"JPM","Financials","JPMorgan Chase & Co.",146.793991088867
2021-10-12,"MCD","Consumer","McDonald's Corporation",219.181610107422
2021-10-12,"MSFT","Technology","Microsoft Corporation",281.614074707031
2021-10-12,"NVDA","Technology","NVIDIA Corporation",20.6033782958984
2021-10-12,"WFC","Financials","Wells Fargo & Company",41.5377655029297
2021-10-12,"XOM","Energy","Exxon Mobil Corporation",51.7270584106445
2021-10-13,"AAPL","Technology","Apple Inc.",137.558074951172
2021-10-13,"AMZN","Consumer","Amazon.com, Inc.",164.214004516602
2021-10-13,"BAC","Financials","Bank of America Corporation",38.3642196655273
2021-10-13,"COP","Energy","ConocoPhillips",61.739372253418
2021-10-13,"CVX","Energy","Chevron Corporation",88.9808120727539
2021-10-13,"HD","Consumer","The Home Depot, Inc.",300.213104248047
2021-10-13,"JPM","Financials","JPMorgan Chase & Co.",142.92350769043
2021-10-13,"MCD","Consumer","McDonald's Corporation",217.50537109375
2021-10-13,"MSFT","Technology","Microsoft Corporation",284.912109375
2021-10-13,"NVDA","Technology","NVIDIA Corporation",20.8705024719238
2021-10-13,"WFC","Financials","Wells Fargo & Company",41.0035057067871
2021-10-13,"XOM","Energy","Exxon Mobil Corporation",51.5834693908691
2021-10-14,"AAPL","Technology","Apple Inc.",140.340286254883
2021-10-14,"AMZN","Consumer","Amazon.com, Inc.",164.99299621582
2021-10-14,"BAC","Financials","Bank of America Corporation",40.0805625915527
2021-10-14,"COP","Energy","ConocoPhillips",62.2620506286621
2021-10-14,"CVX","Energy","Chevron Corporation",89.8228302001953
2021-10-14,"HD","Consumer","The Home Depot, Inc.",305.333770751953
2021-10-14,"JPM","Financials","JPMorgan Chase & Co.",145.116195678711
2021-10-14,"MCD","Consumer","McDonald's Corporation",219.208465576172
2021-10-14,"MSFT","Technology","Microsoft Corporation",291.104431152344
2021-10-14,"NVDA","Technology","NVIDIA Corporation",21.6748638153076
2021-10-14,"WFC","Financials","Wells Fargo & Company",40.3446083068848
2021-10-14,"XOM","Energy","Exxon Mobil Corporation",52.3690032958984
2021-10-15,"AAPL","Technology","Apple Inc.",141.394592285156
2021-10-15,"AMZN","Consumer","Amazon.com, Inc.",170.45100402832
2021-10-15,"BAC","Financials","Bank of America Corporation",41.236644744873
2021-10-15,"COP","Energy","ConocoPhillips",62.5065536499023
2021-10-15,"CVX","Energy","Chevron Corporation",90.4832382202148
2021-10-15,"HD","Consumer","The Home Depot, Inc.",310.978088378906
2021-10-15,"JPM","Financials","JPMorgan Chase & Co.",147.903671264648
2021-10-15,"MCD","Consumer","McDonald's Corporation",217.146820068359
2021-10-15,"MSFT","Technology","Microsoft Corporation",292.508239746094
2021-10-15,"NVDA","Technology","NVIDIA Corporation",21.7904853820801
2021-10-15,"WFC","Financials","Wells Fargo & Company",43.0781745910645
2021-10-15,"XOM","Energy","Exxon Mobil Corporation",52.8673515319824
2021-10-18,"AAPL","Technology","Apple Inc.",143.063903808594
2021-10-18,"AMZN","Consumer","Amazon.com, Inc.",172.337005615234
2021-10-18,"BAC","Financials","Bank of America Corporation",41.156608581543
2021-10-18,"COP","Energy","ConocoPhillips",62.8100814819336
2021-10-18,"CVX","Energy","Chevron Corporation",90.4419403076172
2021-10-18,"HD","Consumer","The Home Depot, Inc.",315.060485839844
2021-10-18,"JPM","Financials","JPMorgan Chase & Co.",147.850372314453
2021-10-18,"MCD","Consumer","McDonald's Corporation",217.155792236328
2021-10-18,"MSFT","Technology","Microsoft Corporation",295.469818115234
2021-10-18,"NVDA","Technology","NVIDIA Corporation",22.1493053436279
2021-10-18,"WFC","Financials","Wells Fargo & Company",44.0131034851074
2021-10-18,"XOM","Energy","Exxon Mobil Corporation",52.8420181274414
2021-10-19,"AAPL","Technology","Apple Inc.",145.221328735352
2021-10-19,"AMZN","Consumer","Amazon.com, Inc.",172.207504272461
2021-10-19,"BAC","Financials","Bank of America Corporation",41.3344650268555
2021-10-19,"COP","Energy","ConocoPhillips",63.5014343261719
2021-10-19,"CVX","Energy","Chevron Corporation",92.2085342407227
2021-10-19,"HD","Consumer","The Home Depot, Inc.",317.705139160156
2021-10-19,"JPM","Financials","JPMorgan Chase & Co.",149.6435546875
2021-10-19,"MCD","Consumer","McDonald's Corporation",217.612930297852
2021-10-19,"MSFT","Technology","Microsoft Corporation",296.373687744141
2021-10-19,"NVDA","Technology","NVIDIA Corporation",22.2170848846436
2021-10-19,"WFC","Financials","Wells Fargo & Company",44.8233757019043
2021-10-19,"XOM","Energy","Exxon Mobil Corporation",53.6359939575195
2021-10-20,"AAPL","Technology","Apple Inc.",145.709457397461
2021-10-20,"AMZN","Consumer","Amazon.com, Inc.",170.753005981445
2021-10-20,"BAC","Financials","Bank of America Corporation",41.8769378662109
2021-10-20,"COP","Energy","ConocoPhillips",64.0915756225586
2021-10-20,"CVX","Energy","Chevron Corporation",93.4137573242188
2021-10-20,"HD","Consumer","The Home Depot, Inc.",317.918121337891
2021-10-20,"JPM","Financials","JPMorgan Chase & Co.",151.658721923828
2021-10-20,"MCD","Consumer","McDonald's Corporation",214.878982543945
2021-10-20,"MSFT","Technology","Microsoft Corporation",295.585144042969
2021-10-20,"NVDA","Technology","NVIDIA Corporation",22.0306987762451
2021-10-20,"WFC","Financials","Wells Fargo & Company",44.6631088256836
2021-10-20,"XOM","Energy","Exxon Mobil Corporation",53.9316291809082
2021-10-21,"AAPL","Technology","Apple Inc.",145.924224853516
2021-10-21,"AMZN","Consumer","Amazon.com, Inc.",171.750503540039
2021-10-21,"BAC","Financials","Bank of America Corporation",41.6457138061523
2021-10-21,"COP","Energy","ConocoPhillips",62.8859634399414
2021-10-21,"CVX","Energy","Chevron Corporation",92.2415466308594
2021-10-21,"HD","Consumer","The Home Depot, Inc.",323.589019775391
2021-10-21,"JPM","Financials","JPMorgan Chase & Co.",150.469161987305
2021-10-21,"MCD","Consumer","McDonald's Corporation",216.384872436523
2021-10-21,"MSFT","Technology","Microsoft Corporation",298.806304931641
2021-10-21,"NVDA","Technology","NVIDIA Corporation",22.617769241333
2021-10-21,"WFC","Financials","Wells Fargo & Company",44.8144912719727
2021-10-21,"XOM","Energy","Exxon Mobil Corporation",52.9518089294434
2021-10-22,"AAPL","Technology","Apple Inc.",145.153030395508
2021-10-22,"AMZN","Consumer","Amazon.com, Inc.",166.777496337891
2021-10-22,"BAC","Financials","Bank of America Corporation",42.3037910461426
2021-10-22,"COP","Energy","ConocoPhillips",63.8386611938477
2021-10-22,"CVX","Energy","Chevron Corporation",93.116584777832
2021-10-22,"HD","Consumer","The Home Depot, Inc.",324.804931640625
2021-10-22,"JPM","Financials","JPMorgan Chase & Co.",152.493148803711
2021-10-22,"MCD","Consumer","McDonald's Corporation",213.731628417969
2021-10-22,"MSFT","Technology","Microsoft Corporation",297.267944335938
2021-10-22,"NVDA","Technology","NVIDIA Corporation",22.6516551971436
2021-10-22,"WFC","Financials","Wells Fargo & Company",45.1083183288574
2021-10-22,"XOM","Energy","Exxon Mobil Corporation",53.315013885498
2021-10-25,"AAPL","Technology","Apple Inc.",145.104202270508
2021-10-25,"AMZN","Consumer","Amazon.com, Inc.",166.018493652344
2021-10-25,"BAC","Financials","Bank of America Corporation",42.2504348754883
2021-10-25,"COP","Energy","ConocoPhillips",64.5131149291992
2021-10-25,"CVX","Energy","Chevron Corporation",93.9833755493164
2021-10-25,"HD","Consumer","The Home Depot, Inc.",329.481842041016
2021-10-25,"JPM","Financials","JPMorgan Chase & Co.",151.747467041016
2021-10-25,"MCD","Consumer","McDonald's Corporation",212.745574951172
2021-10-25,"MSFT","Technology","Microsoft Corporation",296.277465820312
2021-10-25,"NVDA","Technology","NVIDIA Corporation",23.0902214050293
2021-10-25,"WFC","Financials","Wells Fargo & Company",45.072696685791
2021-10-25,"XOM","Energy","Exxon Mobil Corporation",54.353946685791
2021-10-26,"AAPL","Technology","Apple Inc.",145.768035888672
2021-10-26,"AMZN","Consumer","Amazon.com, Inc.",168.803497314453
2021-10-26,"BAC","Financials","Bank of America Corporation",42.6506233215332
2021-10-26,"COP","Energy","ConocoPhillips",64.9430923461914
2021-10-26,"CVX","Energy","Chevron Corporation",94.1897430419922
2021-10-26,"HD","Consumer","The Home Depot, Inc.",327.653656005859
2021-10-26,"JPM","Financials","JPMorgan Chase & Co.",152.155853271484
2021-10-26,"MCD","Consumer","McDonald's Corporation",211.920913696289
2021-10-26,"MSFT","Technology","Microsoft Corporation",298.181304931641
2021-10-26,"NVDA","Technology","NVIDIA Corporation",24.6361446380615
2021-10-26,"WFC","Financials","Wells Fargo & Company",45.0815963745117
2021-10-26,"XOM","Energy","Exxon Mobil Corporation",55.6124992370605
2021-10-27,"AAPL","Technology","Apple Inc.",145.309173583984
2021-10-27,"AMZN","Consumer","Amazon.com, Inc.",169.624496459961
2021-10-27,"BAC","Financials","Bank of America Corporation",41.8324699401855
2021-10-27,"COP","Energy","ConocoPhillips",63.128044128418
2021-10-27,"CVX","Energy","Chevron Corporation",92.5139617919922
2021-10-27,"HD","Consumer","The Home Depot, Inc.",330.422576904297
2021-10-27,"JPM","Financials","JPMorgan Chase & Co.",148.986663818359
2021-10-27,"MCD","Consumer","McDonald's Corporation",217.577072143555
2021-10-27,"MSFT","Technology","Microsoft Corporation",310.738983154297
2021-10-27,"NVDA","Technology","NVIDIA Corporation",24.3710117340088
2021-10-27,"WFC","Financials","Wells Fargo & Company",44.5651588439941
2021-10-27,"XOM","Energy","Exxon Mobil Corporation",54.1681289672852
2021-10-28,"AAPL","Technology","Apple Inc.",148.940704345703
2021-10-28,"AMZN","Consumer","Amazon.com, Inc.",172.328506469727
2021-10-28,"BAC","Financials","Bank of America Corporation",42.4905471801758
2021-10-28,"COP","Energy","ConocoPhillips",63.7387237548828
2021-10-28,"CVX","Energy","Chevron Corporation",93.3807373046875
2021-10-28,"HD","Consumer","The Home Depot, Inc.",329.756927490234
2021-10-28,"JPM","Financials","JPMorgan Chase & Co.",151.232604980469
2021-10-28,"MCD","Consumer","McDonald's Corporation",220.060012817383
2021-10-28,"MSFT","Technology","Microsoft Corporation",311.87353515625
2021-10-28,"NVDA","Technology","NVIDIA Corporation",24.8594131469727
2021-10-28,"WFC","Financials","Wells Fargo & Company",45.7316055297852
2021-10-28,"XOM","Energy","Exxon Mobil Corporation",54.3201675415039
2021-10-29,"AAPL","Technology","Apple Inc.",146.236587524414
2021-10-29,"AMZN","Consumer","Amazon.com, Inc.",168.621505737305
2021-10-29,"BAC","Financials","Bank of America Corporation",42.4905471801758
2021-10-29,"COP","Energy","ConocoPhillips",63.1789131164551
2021-10-29,"CVX","Energy","Chevron Corporation",94.5116729736328
2021-10-29,"HD","Consumer","The Home Depot, Inc.",329.907775878906
2021-10-29,"JPM","Financials","JPMorgan Chase & Co.",150.815353393555
2021-10-29,"MCD","Consumer","McDonald's Corporation",220.104888916016
2021-10-29,"MSFT","Technology","Microsoft Corporation",318.863861083984
2021-10-29,"NVDA","Technology","NVIDIA Corporation",25.4833602905273
2021-10-29,"WFC","Financials","Wells Fargo & Company",45.553524017334
2021-10-29,"XOM","Energy","Exxon Mobil Corporation",54.4553146362305
2021-11-01,"AAPL","Technology","Apple Inc.",145.416580200195
2021-11-01,"AMZN","Consumer","Amazon.com, Inc.",165.905502319336
2021-11-01,"BAC","Financials","Bank of America Corporation",42.5527992248535
2021-11-01,"COP","Energy","ConocoPhillips",63.2637519836426
2021-11-01,"CVX","Energy","Chevron Corporation",94.5446929931641
2021-11-01,"HD","Consumer","The Home Depot, Inc.",325.239776611328
2021-11-01,"JPM","Financials","JPMorgan Chase & Co.",150.735488891602
2021-11-01,"MCD","Consumer","McDonald's Corporation",224.613616943359
2021-11-01,"MSFT","Technology","Microsoft Corporation",316.700408935547
2021-11-01,"NVDA","Technology","NVIDIA Corporation",25.7425155639648
2021-11-01,"WFC","Financials","Wells Fargo & Company",46.0432510375977
2021-11-01,"XOM","Energy","Exxon Mobil Corporation",55.4351234436035
2021-11-02,"AAPL","Technology","Apple Inc.",146.451385498047
2021-11-02,"AMZN","Consumer","Amazon.com, Inc.",165.637496948242
2021-11-02,"BAC","Financials","Bank of America Corporation",42.5794792175293
2021-11-02,"COP","Energy","ConocoPhillips",61.9406433105469
2021-11-02,"CVX","Energy","Chevron Corporation",93.9668350219727
2021-11-02,"HD","Consumer","The Home Depot, Inc.",325.958587646484
2021-11-02,"JPM","Financials","JPMorgan Chase & Co.",151.330276489258
2021-11-02,"MCD","Consumer","McDonald's Corporation",223.412490844727
2021-11-02,"MSFT","Technology","Microsoft Corporation",320.31591796875
2021-11-02,"NVDA","Technology","NVIDIA Corporation",26.3146324157715
2021-11-02,"WFC","Financials","Wells Fargo & Company",45.6781845092773
2021-11-02,"XOM","Energy","Exxon Mobil Corporation",54.7509422302246
2021-11-03,"AAPL","Technology","Apple Inc.",147.88639831543
2021-11-03,"AMZN","Consumer","Amazon.com, Inc.",169.199996948242
2021-11-03,"BAC","Financials","Bank of America Corporation",43.0152435302734
2021-11-03,"COP","Energy","ConocoPhillips",61.694652557373
2021-11-03,"CVX","Energy","Chevron Corporation",93.2899322509766
2021-11-03,"HD","Consumer","The Home Depot, Inc.",327.449523925781
2021-11-03,"JPM","Financials","JPMorgan Chase & Co.",151.383483886719
2021-11-03,"MCD","Consumer","McDonald's Corporation",224.452285766602
2021-11-03,"MSFT","Technology","Microsoft Corporation",321.15234375
2021-11-03,"NVDA","Technology","NVIDIA Corporation",26.5109939575195
2021-11-03,"WFC","Financials","Wells Fargo & Company",46.3014640808105
2021-11-03,"XOM","Energy","Exxon Mobil Corporation",53.999195098877
2021-11-04,"AAPL","Technology","Apple Inc.",147.369003295898
2021-11-04,"AMZN","Consumer","Amazon.com, Inc.",173.850006103516
2021-11-04,"BAC","Financials","Bank of America Corporation",42.0903701782227
2021-11-04,"COP","Energy","ConocoPhillips",62.178108215332
2021-11-04,"CVX","Energy","Chevron Corporation",93.7026977539062
2021-11-04,"HD","Consumer","The Home Depot, Inc.",330.29833984375
2021-11-04,"JPM","Financials","JPMorgan Chase & Co.",149.395034790039
2021-11-04,"MCD","Consumer","McDonald's Corporation",227.195190429688
2021-11-04,"MSFT","Technology","Microsoft Corporation",323.498474121094
2021-11-04,"NVDA","Technology","NVIDIA Corporation",29.7035121917725
2021-11-04,"WFC","Financials","Wells Fargo & Company",45.2467231750488
2021-11-04,"XOM","Energy","Exxon Mobil Corporation",54.4046363830566
2021-11-05,"AAPL","Technology","Apple Inc.",147.896926879883
2021-11-05,"AMZN","Consumer","Amazon.com, Inc.",175.949493408203
2021-11-05,"BAC","Financials","Bank of America Corporation",41.7702217102051
2021-11-05,"COP","Energy","ConocoPhillips",63.9931564331055
2021-11-05,"CVX","Energy","Chevron Corporation",94.7180557250977
2021-11-05,"HD","Consumer","The Home Depot, Inc.",326.943664550781
2021-11-05,"JPM","Financials","JPMorgan Chase & Co.",149.18196105957
2021-11-05,"MCD","Consumer","McDonald's Corporation",228.315658569336
2021-11-05,"MSFT","Technology","Microsoft Corporation",323.133117675781
2021-11-05,"NVDA","Technology","NVIDIA Corporation",29.6546764373779
2021-11-05,"WFC","Financials","Wells Fargo & Company",45.0858268737793
2021-11-05,"XOM","Energy","Exxon Mobil Corporation",54.9198799133301
2021-11-08,"AAPL","Technology","Apple Inc.",147.075698852539
2021-11-08,"AMZN","Consumer","Amazon.com, Inc.",174.449005126953
2021-11-08,"BAC","Financials","Bank of America Corporation",42.0992622375488
2021-11-08,"COP","Energy","ConocoPhillips",64.400260925293
2021-11-08,"CVX","Energy","Chevron Corporation",95.056510925293
2021-11-08,"HD","Consumer","The Home Depot, Inc.",327.112274169922
2021-11-08,"JPM","Financials","JPMorgan Chase & Co.",150.078582763672
2021-11-08,"MCD","Consumer","McDonald's Corporation",226.872497558594
2021-11-08,"MSFT","Technology","Microsoft Corporation",324.02734375
2021-11-08,"NVDA","Technology","NVIDIA Corporation",30.7032356262207
2021-11-08,"WFC","Financials","Wells Fargo & Company",45.4701805114746
2021-11-08,"XOM","Energy","Exxon Mobil Corporation",55.5111465454102
2021-11-09,"AAPL","Technology","Apple Inc.",147.437423706055
2021-11-09,"AMZN","Consumer","Amazon.com, Inc.",178.811492919922
2021-11-09,"BAC","Financials","Bank of America Corporation",41.6901893615723
2021-11-09,"COP","Energy","ConocoPhillips",64.2476043701172
2021-11-09,"CVX","Energy","Chevron Corporation",95.7582092285156
2021-11-09,"HD","Consumer","The Home Depot, Inc.",328.9404296875
2021-11-09,"JPM","Financials","JPMorgan Chase & Co.",148.942306518555
2021-11-09,"MCD","Consumer","McDonald's Corporation",226.469146728516
2021-11-09,"MSFT","Technology","Microsoft Corporation",323.027404785156
2021-11-09,"NVDA","Technology","NVIDIA Corporation",30.556713104248
2021-11-09,"WFC","Financials","Wells Fargo & Company",44.5942115783691
2021-11-09,"XOM","Energy","Exxon Mobil Corporation",56.0517272949219
2021-11-10,"AAPL","Technology","Apple Inc.",144.612060546875
2021-11-10,"AMZN","Consumer","Amazon.com, Inc.",174.102493286133
2021-11-10,"BAC","Financials","Bank of America Corporation",42.0014343261719
2021-11-10,"COP","Energy","ConocoPhillips",61.9151840209961
2021-11-10,"CVX","Energy","Chevron Corporation",94.2310028076172
2021-11-10,"HD","Consumer","The Home Depot, Inc.",327.103424072266
2021-11-10,"JPM","Financials","JPMorgan Chase & Co.",148.800231933594
2021-11-10,"MCD","Consumer","McDonald's Corporation",226.899383544922
2021-11-10,"MSFT","Technology","Microsoft Corporation",318.075408935547
2021-11-10,"NVDA","Technology","NVIDIA Corporation",29.3626384735107
2021-11-10,"WFC","Financials","Wells Fargo & Company",45.0143165588379
2021-11-10,"XOM","Energy","Exxon Mobil Corporation",54.9474716186523
2021-11-11,"AAPL","Technology","Apple Inc.",144.563186645508
2021-11-11,"AMZN","Consumer","Amazon.com, Inc.",173.625
2021-11-11,"BAC","Financials","Bank of America Corporation",42.2326545715332
2021-11-11,"COP","Energy","ConocoPhillips",61.1857681274414
2021-11-11,"CVX","Energy","Chevron Corporation",94.2392654418945
2021-11-11,"HD","Consumer","The Home Depot, Inc.",326.260314941406
2021-11-11,"JPM","Financials","JPMorgan Chase & Co.",148.791366577148
2021-11-11,"MCD","Consumer","McDonald's Corporation",224.237152099609
2021-11-11,"MSFT","Technology","Microsoft Corporation",319.642730712891
2021-11-11,"NVDA","Technology","NVIDIA Corporation",30.2905883789062
2021-11-11,"WFC","Financials","Wells Fargo & Company",45.2199096679688
2021-11-11,"XOM","Energy","Exxon Mobil Corporation",55.0501899719238
2021-11-12,"AAPL","Technology","Apple Inc.",146.635818481445
2021-11-12,"AMZN","Consumer","Amazon.com, Inc.",176.257507324219
2021-11-12,"BAC","Financials","Bank of America Corporation",41.7168731689453
2021-11-12,"COP","Energy","ConocoPhillips",61.3723602294922
2021-11-12,"CVX","Energy","Chevron Corporation",94.2970581054688
2021-11-12,"HD","Consumer","The Home Depot, Inc.",330.697662353516
2021-11-12,"JPM","Financials","JPMorgan Chase & Co.",148.125534057617
2021-11-12,"MCD","Consumer","McDonald's Corporation",224.694290161133
2021-11-12,"MSFT","Technology","Microsoft Corporation",323.767669677734
2021-11-12,"NVDA","Technology","NVIDIA Corporation",30.2905883789062
2021-11-12,"WFC","Financials","Wells Fargo & Company",45.5506439208984
2021-11-12,"XOM","Energy","Exxon Mobil Corporation",54.6307487487793
2021-11-15,"AAPL","Technology","Apple Inc.",146.645568847656
2021-11-15,"AMZN","Consumer","Amazon.com, Inc.",177.283996582031
2021-11-15,"BAC","Financials","Bank of America Corporation",41.841365814209
2021-11-15,"COP","Energy","ConocoPhillips",61.6776962280273
2021-11-15,"CVX","Energy","Chevron Corporation",96.4350967407227
2021-11-15,"HD","Consumer","The Home Depot, Inc.",329.322113037109
2021-11-15,"JPM","Financials","JPMorgan Chase & Co.",147.859237670898
2021-11-15,"MCD","Consumer","McDonald's Corporation",226.729110717773
2021-11-15,"MSFT","Technology","Microsoft Corporation",323.142730712891
2021-11-15,"NVDA","Technology","NVIDIA Corporation",29.9267807006836
2021-11-15,"WFC","Financials","Wells Fargo & Company",45.6578979492188
2021-11-15,"XOM","Energy","Exxon Mobil Corporation",55.1015548706055
2021-11-16,"AAPL","Technology","Apple Inc.",147.623199462891
2021-11-16,"AMZN","Consumer","Amazon.com, Inc.",177.035003662109
2021-11-16,"BAC","Financials","Bank of America Corporation",41.8680381774902
2021-11-16,"COP","Energy","ConocoPhillips",61.6098442077637
2021-11-16,"CVX","Energy","Chevron Corporation",96.8148345947266
2021-11-16,"HD","Consumer","The Home Depot, Inc.",348.180786132812
2021-11-16,"JPM","Financials","JPMorgan Chase & Co.",146.793991088867
2021-11-16,"MCD","Consumer","McDonald's Corporation",226.298797607422
2021-11-16,"MSFT","Technology","Microsoft Corporation",326.450378417969
2021-11-16,"NVDA","Technology","NVIDIA Corporation",30.1042003631592
2021-11-16,"WFC","Financials","Wells Fargo & Company",45.0232582092285
2021-11-16,"XOM","Energy","Exxon Mobil Corporation",55.6579513549805
2021-11-17,"AAPL","Technology","Apple Inc.",150.057525634766
2021-11-17,"AMZN","Consumer","Amazon.com, Inc.",177.449996948242
2021-11-17,"BAC","Financials","Bank of America Corporation",41.3611450195312
2021-11-17,"COP","Energy","ConocoPhillips",61.0415916442871
2021-11-17,"CVX","Energy","Chevron Corporation",96.3805999755859
2021-11-17,"HD","Consumer","The Home Depot, Inc.",350.417266845703
2021-11-17,"JPM","Financials","JPMorgan Chase & Co.",146.003936767578
2021-11-17,"MCD","Consumer","McDonald's Corporation",226.504959106445
2021-11-17,"MSFT","Technology","Microsoft Corporation",326.671936035156
2021-11-17,"NVDA","Technology","NVIDIA Corporation",29.1652793884277
2021-11-17,"WFC","Financials","Wells Fargo & Company",44.5495223999023
2021-11-17,"XOM","Energy","Exxon Mobil Corporation",55.0501899719238
2021-11-18,"AAPL","Technology","Apple Inc.",154.339538574219
2021-11-18,"AMZN","Consumer","Amazon.com, Inc.",184.802993774414
2021-11-18,"BAC","Financials","Bank of America Corporation",41.1921806335449
2021-11-18,"COP","Energy","ConocoPhillips",61.6776962280273
2021-11-18,"CVX","Energy","Chevron Corporation",95.5706176757812
2021-11-18,"HD","Consumer","The Home Depot, Inc.",360.179412841797
2021-11-18,"JPM","Financials","JPMorgan Chase & Co.",144.743347167969
2021-11-18,"MCD","Consumer","McDonald's Corporation",227.213134765625
2021-11-18,"MSFT","Technology","Microsoft Corporation",328.743072509766
2021-11-18,"NVDA","Technology","NVIDIA Corporation",31.5713844299316
2021-11-18,"WFC","Financials","Wells Fargo & Company",44.603157043457
2021-11-18,"XOM","Energy","Exxon Mobil Corporation",54.450984954834
2021-11-19,"AAPL","Technology","Apple Inc.",156.959655761719
2021-11-19,"AMZN","Consumer","Amazon.com, Inc.",183.828506469727
2021-11-19,"BAC","Financials","Bank of America Corporation",40.3740310668945
2021-11-19,"COP","Energy","ConocoPhillips",59.0399398803711
2021-11-19,"CVX","Energy","Chevron Corporation",93.4496078491211
2021-11-19,"HD","Consumer","The Home Depot, Inc.",362.699859619141
2021-11-19,"JPM","Financials","JPMorgan Chase & Co.",142.852493286133
2021-11-19,"MCD","Consumer","McDonald's Corporation",225.84162902832
2021-11-19,"MSFT","Technology","Microsoft Corporation",330.515502929688
2021-11-19,"NVDA","Technology","NVIDIA Corporation",32.8771018981934
2021-11-19,"WFC","Financials","Wells Fargo & Company",43.6377983093262
2021-11-19,"XOM","Energy","Exxon Mobil Corporation",51.9342956542969
2021-11-22,"AAPL","Technology","Apple Inc.",157.41911315918
2021-11-22,"AMZN","Consumer","Amazon.com, Inc.",178.628494262695
2021-11-22,"BAC","Financials","Bank of America Corporation",41.156608581543
2021-11-22,"COP","Energy","ConocoPhillips",60.9737434387207
2021-11-22,"CVX","Energy","Chevron Corporation",95.1196746826172
2021-11-22,"HD","Consumer","The Home Depot, Inc.",362.78857421875
2021-11-22,"JPM","Financials","JPMorgan Chase & Co.",145.897430419922
2021-11-22,"MCD","Consumer","McDonald's Corporation",227.213134765625
2021-11-22,"MSFT","Technology","Microsoft Corporation",327.355834960938
2021-11-22,"NVDA","Technology","NVIDIA Corporation",31.8514595031738
2021-11-22,"WFC","Financials","Wells Fargo & Company",44.9964408874512
2021-11-22,"XOM","Energy","Exxon Mobil Corporation",52.6533508300781
2021-11-23,"AAPL","Technology","Apple Inc.",157.800354003906
2021-11-23,"AMZN","Consumer","Amazon.com, Inc.",179.001998901367
2021-11-23,"BAC","Financials","Bank of America Corporation",42.2415504455566
2021-11-23,"COP","Energy","ConocoPhillips",62.5767440795898
2021-11-23,"CVX","Energy","Chevron Corporation",97.1154556274414
2021-11-23,"HD","Consumer","The Home Depot, Inc.",362.415832519531
2021-11-23,"JPM","Financials","JPMorgan Chase & Co.",149.386108398438
2021-11-23,"MCD","Consumer","McDonald's Corporation",229.158218383789
2021-11-23,"MSFT","Technology","Microsoft Corporation",325.284790039062
2021-11-23,"NVDA","Technology","NVIDIA Corporation",31.6421546936035
2021-11-23,"WFC","Financials","Wells Fargo & Company",45.9439430236816
2021-11-23,"XOM","Energy","Exxon Mobil Corporation",54.0401000976562
2021-11-24,"AAPL","Technology","Apple Inc.",158.318572998047
2021-11-24,"AMZN","Consumer","Amazon.com, Inc.",179.020492553711
2021-11-24,"BAC","Financials","Bank of America Corporation",42.3571586608887
2021-11-24,"COP","Energy","ConocoPhillips",63.4673042297363
2021-11-24,"CVX","Energy","Chevron Corporation",97.8586273193359
2021-11-24,"HD","Consumer","The Home Depot, Inc.",365.734985351562
2021-11-24,"JPM","Financials","JPMorgan Chase & Co.",148.214370727539
2021-11-24,"MCD","Consumer","McDonald's Corporation",230.466934204102
2021-11-24,"MSFT","Technology","Microsoft Corporation",325.506408691406
2021-11-24,"NVDA","Technology","NVIDIA Corporation",32.5671119689941
2021-11-24,"WFC","Financials","Wells Fargo & Company",45.8634757995605
2021-11-24,"XOM","Energy","Exxon Mobil Corporation",54.3397026062012
2021-11-26,"AAPL","Technology","Apple Inc.",153.303283691406
2021-11-26,"AMZN","Consumer","Amazon.com, Inc.",175.227996826172
2021-11-26,"BAC","Financials","Bank of America Corporation",40.6941680908203
2021-11-26,"COP","Energy","ConocoPhillips",60.6259994506836
2021-11-26,"CVX","Energy","Chevron Corporation",95.6207122802734
2021-11-26,"HD","Consumer","The Home Depot, Inc.",357.383941650391
2021-11-26,"JPM","Financials","JPMorgan Chase & Co.",143.749099731445
2021-11-26,"MCD","Consumer","McDonald's Corporation",224.10270690918
2021-11-26,"MSFT","Technology","Microsoft Corporation",317.578491210938
2021-11-26,"NVDA","Technology","NVIDIA Corporation",31.3999481201172
2021-11-26,"WFC","Financials","Wells Fargo & Company",43.289192199707
2021-11-26,"XOM","Energy","Exxon Mobil Corporation",52.4307899475098
2021-11-29,"AAPL","Technology","Apple Inc.",156.656555175781
2021-11-29,"AMZN","Consumer","Amazon.com, Inc.",178.078506469727
2021-11-29,"BAC","Financials","Bank of America Corporation",40.5429840087891
2021-11-29,"COP","Energy","ConocoPhillips",61.1942481994629
2021-11-29,"CVX","Energy","Chevron Corporation",95.9046401977539
2021-11-29,"HD","Consumer","The Home Depot, Inc.",361.040191650391
2021-11-29,"JPM","Financials","JPMorgan Chase & Co.",143.127685546875
2021-11-29,"MCD","Consumer","McDonald's Corporation",224.36262512207
2021-11-29,"MSFT","Technology","Microsoft Corporation",324.273376464844
2021-11-29,"NVDA","Technology","NVIDIA Corporation",33.2668190002441
2021-11-29,"WFC","Financials","Wells Fargo & Company",43.9416999816895
2021-11-29,"XOM","Energy","Exxon Mobil Corporation",52.7218322753906
2021-11-30,"AAPL","Technology","Apple Inc.",161.603424072266
2021-11-30,"AMZN","Consumer","Amazon.com, Inc.",175.353500366211
2021-11-30,"BAC","Financials","Bank of America Corporation",39.5469818115234
2021-11-30,"COP","Energy","ConocoPhillips",59.4809837341309
2021-11-30,"CVX","Energy","Chevron Corporation",94.2512664794922
2021-11-30,"HD","Consumer","The Home Depot, Inc.",355.529022216797
2021-11-30,"JPM","Financials","JPMorgan Chase & Co.",140.997177124023
2021-11-30,"MCD","Consumer","McDonald's Corporation",220.468826293945
2021-11-30,"MSFT","Technology","Microsoft Corporation",318.455139160156
2021-11-30,"NVDA","Technology","NVIDIA Corporation",32.5691032409668
2021-11-30,"WFC","Financials","Wells Fargo & Company",42.7081909179688
2021-11-30,"XOM","Energy","Exxon Mobil Corporation",51.2238082885742
2021-12-01,"AAPL","Technology","Apple Inc.",161.08528137207
2021-12-01,"AMZN","Consumer","Amazon.com, Inc.",172.186004638672
2021-12-01,"BAC","Financials","Bank of America Corporation",38.9867248535156
2021-12-01,"COP","Energy","ConocoPhillips",58.6921997070312
2021-12-01,"CVX","Energy","Chevron Corporation",93.6082534790039
2021-12-01,"HD","Consumer","The Home Depot, Inc.",356.830169677734
2021-12-01,"JPM","Financials","JPMorgan Chase & Co.",140.162689208984
2021-12-01,"MCD","Consumer","McDonald's Corporation",220.090255737305
2021-12-01,"MSFT","Technology","Microsoft Corporation",317.963806152344
2021-12-01,"NVDA","Technology","NVIDIA Corporation",31.3360080718994
2021-12-01,"WFC","Financials","Wells Fargo & Company",42.1986999511719
2021-12-01,"XOM","Energy","Exxon Mobil Corporation",51.1810111999512
2021-12-02,"AAPL","Technology","Apple Inc.",160.097839355469
2021-12-02,"AMZN","Consumer","Amazon.com, Inc.",171.86799621582
2021-12-02,"BAC","Financials","Bank of America Corporation",40.1126251220703
2021-12-02,"COP","Energy","ConocoPhillips",60.4394035339355
2021-12-02,"CVX","Energy","Chevron Corporation",96.1468048095703
2021-12-02,"HD","Consumer","The Home Depot, Inc.",363.380065917969
2021-12-02,"JPM","Financials","JPMorgan Chase & Co.",143.109924316406
2021-12-02,"MCD","Consumer","McDonald's Corporation",224.254455566406
2021-12-02,"MSFT","Technology","Microsoft Corporation",317.395385742188
2021-12-02,"NVDA","Technology","NVIDIA Corporation",32.0248336791992
2021-12-02,"WFC","Financials","Wells Fargo & Company",43.7182350158691
2021-12-02,"XOM","Energy","Exxon Mobil Corporation",52.4564628601074
2021-12-03,"AAPL","Technology","Apple Inc.",158.220794677734
2021-12-03,"AMZN","Consumer","Amazon.com, Inc.",169.489501953125
2021-12-03,"BAC","Financials","Bank of America Corporation",39.2011833190918
2021-12-03,"COP","Energy","ConocoPhillips",60.3121757507324
2021-12-03,"CVX","Energy","Chevron Corporation",95.5372085571289
2021-12-03,"HD","Consumer","The Home Depot, Inc.",363.415649414062
2021-12-03,"JPM","Financials","JPMorgan Chase & Co.",140.517761230469
2021-12-03,"MCD","Consumer","McDonald's Corporation",224.732192993164
2021-12-03,"MSFT","Technology","Microsoft Corporation",311.1533203125
2021-12-03,"NVDA","Technology","NVIDIA Corporation",30.5963459014893
2021-12-03,"WFC","Financials","Wells Fargo & Company",42.6813774108887
2021-12-03,"XOM","Energy","Exxon Mobil Corporation",52.1226234436035
2021-12-06,"AAPL","Technology","Apple Inc.",161.622955322266
2021-12-06,"AMZN","Consumer","Amazon.com, Inc.",171.368499755859
2021-12-06,"BAC","Financials","Bank of America Corporation",39.4513816833496
2021-12-06,"COP","Energy","ConocoPhillips",61.754020690918
2021-12-06,"CVX","Energy","Chevron Corporation",97.0319366455078
2021-12-06,"HD","Consumer","The Home Depot, Inc.",370.446746826172
2021-12-06,"JPM","Financials","JPMorgan Chase & Co.",142.177795410156
2021-12-06,"MCD","Consumer","McDonald's Corporation",230.554870605469
2021-12-06,"MSFT","Technology","Microsoft Corporation",314.216583251953
2021-12-06,"NVDA","Technology","NVIDIA Corporation",29.9424095153809
2021-12-06,"WFC","Financials","Wells Fargo & Company",43.6288528442383
2021-12-06,"XOM","Energy","Exxon Mobil Corporation",52.7132835388184
2021-12-07,"AAPL","Technology","Apple Inc.",167.351913452148
2021-12-07,"AMZN","Consumer","Amazon.com, Inc.",176.164505004883
2021-12-07,"BAC","Financials","Bank of America Corporation",39.9517784118652
2021-12-07,"COP","Energy","ConocoPhillips",63.2467803955078
2021-12-07,"CVX","Energy","Chevron Corporation",98.4682083129883
2021-12-07,"HD","Consumer","The Home Depot, Inc.",370.874450683594
2021-12-07,"JPM","Financials","JPMorgan Chase & Co.",144.317245483398
2021-12-07,"MCD","Consumer","McDonald's Corporation",234.26838684082
2021-12-07,"MSFT","Technology","Microsoft Corporation",322.626190185547
2021-12-07,"NVDA","Technology","NVIDIA Corporation",32.3248748779297
2021-12-07,"WFC","Financials","Wells Fargo & Company",44.9159965515137
2021-12-07,"XOM","Energy","Exxon Mobil Corporation",53.3039245605469
2021-12-08,"AAPL","Technology","Apple Inc.",171.164703369141
2021-12-08,"AMZN","Consumer","Amazon.com, Inc.",176.158004760742
2021-12-08,"BAC","Financials","Bank of America Corporation",39.460319519043
2021-12-08,"COP","Energy","ConocoPhillips",62.856632232666
2021-12-08,"CVX","Energy","Chevron Corporation",98.9107971191406
2021-12-08,"HD","Consumer","The Home Depot, Inc.",366.481231689453
2021-12-08,"JPM","Financials","JPMorgan Chase & Co.",142.666076660156
2021-12-08,"MCD","Consumer","McDonald's Corporation",233.970977783203
2021-12-08,"MSFT","Technology","Microsoft Corporation",322.674224853516
2021-12-08,"NVDA","Technology","NVIDIA Corporation",31.7257766723633
2021-12-08,"WFC","Financials","Wells Fargo & Company",44.1651649475098
2021-12-08,"XOM","Energy","Exxon Mobil Corporation",53.4580001831055
2021-12-09,"AAPL","Technology","Apple Inc.",170.656326293945
2021-12-09,"AMZN","Consumer","Amazon.com, Inc.",174.171005249023
2021-12-09,"BAC","Financials","Bank of America Corporation",39.7552032470703
2021-12-09,"COP","Energy","ConocoPhillips",61.5335083007812
2021-12-09,"CVX","Energy","Chevron Corporation",98.6519165039062
2021-12-09,"HD","Consumer","The Home Depot, Inc.",366.561340332031
2021-12-09,"JPM","Financials","JPMorgan Chase & Co.",142.444137573242
2021-12-09,"MCD","Consumer","McDonald's Corporation",236.45866394043
2021-12-09,"MSFT","Technology","Microsoft Corporation",320.872985839844
2021-12-09,"NVDA","Technology","NVIDIA Corporation",30.3939819335938
2021-12-09,"WFC","Financials","Wells Fargo & Company",44.4154472351074
2021-12-09,"XOM","Energy","Exxon Mobil Corporation",53.5949745178223
2021-12-10,"AAPL","Technology","Apple Inc.",175.436996459961
2021-12-10,"AMZN","Consumer","Amazon.com, Inc.",172.212005615234
2021-12-10,"BAC","Financials","Bank of America Corporation",39.7820053100586
2021-12-10,"COP","Energy","ConocoPhillips",62.3307762145996
2021-12-10,"CVX","Energy","Chevron Corporation",98.8189086914062
2021-12-10,"HD","Consumer","The Home Depot, Inc.",370.179351806641
2021-12-10,"JPM","Financials","JPMorgan Chase & Co.",141.875991821289
2021-12-10,"MCD","Consumer","McDonald's Corporation",238.829223632812
2021-12-10,"MSFT","Technology","Microsoft Corporation",329.966491699219
2021-12-10,"NVDA","Technology","NVIDIA Corporation",30.1029033660889
2021-12-10,"WFC","Financials","Wells Fargo & Company",44.8713073730469
2021-12-10,"XOM","Energy","Exxon Mobil Corporation",53.937370300293
2021-12-13,"AAPL","Technology","Apple Inc.",171.809951782227
2021-12-13,"AMZN","Consumer","Amazon.com, Inc.",169.567504882812
2021-12-13,"BAC","Financials","Bank of America Corporation",38.9420471191406
2021-12-13,"COP","Energy","ConocoPhillips",60.2358207702637
2021-12-13,"CVX","Energy","Chevron Corporation",96.7647171020508
2021-12-13,"HD","Consumer","The Home Depot, Inc.",361.12548828125
2021-12-13,"JPM","Financials","JPMorgan Chase & Co.",140.189331054688
2021-12-13,"MCD","Consumer","McDonald's Corporation",237.134704589844
2021-12-13,"MSFT","Technology","Microsoft Corporation",326.941680908203
2021-12-13,"NVDA","Technology","NVIDIA Corporation",28.0723133087158
2021-12-13,"WFC","Financials","Wells Fargo & Company",43.4053916931152
2021-12-13,"XOM","Energy","Exxon Mobil Corporation",52.7560768127441
2021-12-14,"AAPL","Technology","Apple Inc.",170.431488037109
2021-12-14,"AMZN","Consumer","Amazon.com, Inc.",169.091506958008
2021-12-14,"BAC","Financials","Bank of America Corporation",39.4335136413574
2021-12-14,"COP","Energy","ConocoPhillips",59.9474678039551
2021-12-14,"CVX","Energy","Chevron Corporation",97.0486450195312
2021-12-14,"HD","Consumer","The Home Depot, Inc.",358.416412353516
2021-12-14,"JPM","Financials","JPMorgan Chase & Co.",141.263442993164
2021-12-14,"MCD","Consumer","McDonald's Corporation",236.62092590332
2021-12-14,"MSFT","Technology","Microsoft Corporation",316.287628173828
2021-12-14,"NVDA","Technology","NVIDIA Corporation",28.2477626800537
2021-12-14,"WFC","Financials","Wells Fargo & Company",43.7003593444824
2021-12-14,"XOM","Energy","Exxon Mobil Corporation",52.6790351867676
2021-12-15,"AAPL","Technology","Apple Inc.",175.290298461914
2021-12-15,"AMZN","Consumer","Amazon.com, Inc.",173.315002441406
2021-12-15,"BAC","Financials","Bank of America Corporation",39.2637329101562
2021-12-15,"COP","Energy","ConocoPhillips",59.9729080200195
2021-12-15,"CVX","Energy","Chevron Corporation",96.4975051879883
2021-12-15,"HD","Consumer","The Home Depot, Inc.",363.415649414062
2021-12-15,"JPM","Financials","JPMorgan Chase & Co.",140.207061767578
2021-12-15,"MCD","Consumer","McDonald's Corporation",238.423599243164
2021-12-15,"MSFT","Technology","Microsoft Corporation",322.366027832031
2021-12-15,"NVDA","Technology","NVIDIA Corporation",30.3630771636963
2021-12-15,"WFC","Financials","Wells Fargo & Company",43.7450561523438
2021-12-15,"XOM","Energy","Exxon Mobil Corporation",52.4479103088379
2021-12-16,"AAPL","Technology","Apple Inc.",168.407760620117
2021-12-16,"AMZN","Consumer","Amazon.com, Inc.",168.871002197266
2021-12-16,"BAC","Financials","Bank of America Corporation",40.2109260559082
2021-12-16,"COP","Energy","ConocoPhillips",60.8125839233398
2021-12-16,"CVX","Energy","Chevron Corporation",97.3993530273438
2021-12-16,"HD","Consumer","The Home Depot, Inc.",356.036987304688
2021-12-16,"JPM","Financials","JPMorgan Chase & Co.",142.399749755859
2021-12-16,"MCD","Consumer","McDonald's Corporation",239.351989746094
2021-12-16,"MSFT","Technology","Microsoft Corporation",312.973907470703
2021-12-16,"NVDA","Technology","NVIDIA Corporation",28.2976016998291
2021-12-16,"WFC","Financials","Wells Fargo & Company",44.9606857299805
2021-12-16,"XOM","Energy","Exxon Mobil Corporation",52.5335159301758
2021-12-17,"AAPL","Technology","Apple Inc.",167.312835693359
2021-12-17,"AMZN","Consumer","Amazon.com, Inc.",170.017501831055
2021-12-17,"BAC","Financials","Bank of America Corporation",39.2101211547852
2021-12-17,"COP","Energy","ConocoPhillips",58.1918029785156
2021-12-17,"CVX","Energy","Chevron Corporation",94.8608322143555
2021-12-17,"HD","Consumer","The Home Depot, Inc.",345.744384765625
2021-12-17,"JPM","Financials","JPMorgan Chase & Co.",139.159545898438
2021-12-17,"MCD","Consumer","McDonald's Corporation",235.8818359375
2021-12-17,"MSFT","Technology","Microsoft Corporation",311.914306640625
2021-12-17,"NVDA","Technology","NVIDIA Corporation",27.7134475708008
2021-12-17,"WFC","Financials","Wells Fargo & Company",42.8601493835449
2021-12-17,"XOM","Energy","Exxon Mobil Corporation",51.3864517211914
2021-12-20,"AAPL","Technology","Apple Inc.",165.953903198242
2021-12-20,"AMZN","Consumer","Amazon.com, Inc.",167.078994750977
2021-12-20,"BAC","Financials","Bank of America Corporation",38.5667381286621
2021-12-20,"COP","Energy","ConocoPhillips",58.1833076477051
2021-12-20,"CVX","Energy","Chevron Corporation",94.9025802612305
2021-12-20,"HD","Consumer","The Home Depot, Inc.",347.009704589844
2021-12-20,"JPM","Financials","JPMorgan Chase & Co.",136.656188964844
2021-12-20,"MCD","Consumer","McDonald's Corporation",235.908905029297
2021-12-20,"MSFT","Technology","Microsoft Corporation",308.167053222656
2021-12-20,"NVDA","Technology","NVIDIA Corporation",27.6317081451416
2021-12-20,"WFC","Financials","Wells Fargo & Company",41.8769035339355
2021-12-20,"XOM","Energy","Exxon Mobil Corporation",50.6417198181152
2021-12-21,"AAPL","Technology","Apple Inc.",169.121429443359
2021-12-21,"AMZN","Consumer","Amazon.com, Inc.",170.417007446289
2021-12-21,"BAC","Financials","Bank of America Corporation",39.4871215820312
2021-12-21,"COP","Energy","ConocoPhillips",59.9474678039551
2021-12-21,"CVX","Energy","Chevron Corporation",96.42236328125
2021-12-21,"HD","Consumer","The Home Depot, Inc.",347.963317871094
2021-12-21,"JPM","Financials","JPMorgan Chase & Co.",138.56477355957
2021-12-21,"MCD","Consumer","McDonald's Corporation",238.306427001953
2021-12-21,"MSFT","Technology","Microsoft Corporation",315.276245117188
2021-12-21,"NVDA","Technology","NVIDIA Corporation",28.9834403991699
2021-12-21,"WFC","Financials","Wells Fargo & Company",42.7350006103516
2021-12-21,"XOM","Energy","Exxon Mobil Corporation",51.7887878417969
2021-12-22,"AAPL","Technology","Apple Inc.",171.712203979492
2021-12-22,"AMZN","Consumer","Amazon.com, Inc.",171.037002563477
2021-12-22,"BAC","Financials","Bank of America Corporation",39.5675506591797
2021-12-22,"COP","Energy","ConocoPhillips",60.2867393493652
2021-12-22,"CVX","Energy","Chevron Corporation",96.9734802246094
2021-12-22,"HD","Consumer","The Home Depot, Inc.",352.570495605469
2021-12-22,"JPM","Financials","JPMorgan Chase & Co.",139.106292724609
2021-12-22,"MCD","Consumer","McDonald's Corporation",238.802154541016
2021-12-22,"MSFT","Technology","Microsoft Corporation",320.96923828125
2021-12-22,"NVDA","Technology","NVIDIA Corporation",29.3074131011963
2021-12-22,"WFC","Financials","Wells Fargo & Company",42.9316520690918
2021-12-22,"XOM","Energy","Exxon Mobil Corporation",52.2082290649414
2021-12-23,"AAPL","Technology","Apple Inc.",172.337875366211
2021-12-23,"AMZN","Consumer","Amazon.com, Inc.",171.068496704102
2021-12-23,"BAC","Financials","Bank of America Corporation",39.6926498413086
2021-12-23,"COP","Energy","ConocoPhillips",60.3800277709961
2021-12-23,"CVX","Energy","Chevron Corporation",97.2072906494141
2021-12-23,"HD","Consumer","The Home Depot, Inc.",353.844818115234
2021-12-23,"JPM","Financials","JPMorgan Chase & Co.",139.603424072266
2021-12-23,"MCD","Consumer","McDonald's Corporation",239.712524414062
2021-12-23,"MSFT","Technology","Microsoft Corporation",322.404571533203
2021-12-23,"NVDA","Technology","NVIDIA Corporation",29.5466556549072
2021-12-23,"WFC","Financials","Wells Fargo & Company",43.2266235351562
2021-12-23,"XOM","Energy","Exxon Mobil Corporation",52.2339057922363
2021-12-27,"AAPL","Technology","Apple Inc.",176.297286987305
2021-12-27,"AMZN","Consumer","Amazon.com, Inc.",169.669494628906
2021-12-27,"BAC","Financials","Bank of America Corporation",39.889232635498
2021-12-27,"COP","Energy","ConocoPhillips",62.0932960510254
2021-12-27,"CVX","Energy","Chevron Corporation",99.194709777832
2021-12-27,"HD","Consumer","The Home Depot, Inc.",360.1005859375
2021-12-27,"JPM","Financials","JPMorgan Chase & Co.",140.402374267578
2021-12-27,"MCD","Consumer","McDonald's Corporation",241.776580810547
2021-12-27,"MSFT","Technology","Microsoft Corporation",329.879760742188
2021-12-27,"NVDA","Technology","NVIDIA Corporation",30.8475475311279
2021-12-27,"WFC","Financials","Wells Fargo & Company",43.5930976867676
2021-12-27,"XOM","Energy","Exxon Mobil Corporation",52.9786376953125
2021-12-28,"AAPL","Technology","Apple Inc.",175.280548095703
2021-12-28,"AMZN","Consumer","Amazon.com, Inc.",170.660995483398
2021-12-28,"BAC","Financials","Bank of America Corporation",39.9428482055664
2021-12-28,"COP","Energy","ConocoPhillips",62.016960144043
2021-12-28,"CVX","Energy","Chevron Corporation",99.0026397705078
2021-12-28,"HD","Consumer","The Home Depot, Inc.",361.998718261719
2021-12-28,"JPM","Financials","JPMorgan Chase & Co.",140.828506469727
2021-12-28,"MCD","Consumer","McDonald's Corporation",241.452133178711
2021-12-28,"MSFT","Technology","Microsoft Corporation",328.723754882812
2021-12-28,"NVDA","Technology","NVIDIA Corporation",30.2265090942383
2021-12-28,"WFC","Financials","Wells Fargo & Company",43.2802467346191
2021-12-28,"XOM","Energy","Exxon Mobil Corporation",52.8074340820312
2021-12-29,"AAPL","Technology","Apple Inc.",175.368545532227
2021-12-29,"AMZN","Consumer","Amazon.com, Inc.",169.20100402832
2021-12-29,"BAC","Financials","Bank of America Corporation",39.880298614502
2021-12-29,"COP","Energy","ConocoPhillips",61.8473205566406
2021-12-29,"CVX","Energy","Chevron Corporation",98.4932632446289
2021-12-29,"HD","Consumer","The Home Depot, Inc.",366.115783691406
2021-12-29,"JPM","Financials","JPMorgan Chase & Co.",140.757476806641
2021-12-29,"MCD","Consumer","McDonald's Corporation",242.001892089844
2021-12-29,"MSFT","Technology","Microsoft Corporation",329.398040771484
2021-12-29,"NVDA","Technology","NVIDIA Corporation",29.9065170288086
2021-12-29,"WFC","Financials","Wells Fargo & Company",43.3070678710938
2021-12-29,"XOM","Energy","Exxon Mobil Corporation",52.3451881408691
2021-12-30,"AAPL","Technology","Apple Inc.",174.214920043945
2021-12-30,"AMZN","Consumer","Amazon.com, Inc.",168.644500732422
2021-12-30,"BAC","Financials","Bank of America Corporation",39.7909355163574
2021-12-30,"COP","Energy","ConocoPhillips",61.3045043945312
2021-12-30,"CVX","Energy","Chevron Corporation",98.0590438842773
2021-12-30,"HD","Consumer","The Home Depot, Inc.",365.313751220703
2021-12-30,"JPM","Financials","JPMorgan Chase & Co.",140.686431884766
2021-12-30,"MCD","Consumer","McDonald's Corporation",240.848220825195
2021-12-30,"MSFT","Technology","Microsoft Corporation",326.864593505859
2021-12-30,"NVDA","Technology","NVIDIA Corporation",29.4928283691406
2021-12-30,"WFC","Financials","Wells Fargo & Company",42.9942207336426
2021-12-30,"XOM","Energy","Exxon Mobil Corporation",52.0370216369629
